id,subreddit,title,selftext,created_utc,score,num_comments,url,movie_primary_label,movie_labels
15o22fz,movies,Films that were better than they had any right to be,"It’s always nice to have this experience. You saw the trailers, heard about the concept, or got a few stories from the production, and your hopes aren’t very high. You’re expecting something bad or, at best, pretty generic and uninteresting, just a big dumb movie. Then once you actually watch it, you’re surprised by the quality of the writing, innovative style and emotional depth, and have a better time than you ever would have expected from it.

For me the definitive example is Pacific Rim, which had a completely insane concept, was already controversial because it killed del Toro’s Hobbit trilogy, and was obviously ripping off kaiju movies and mech anime. It didn’t need to be as good as it was. It probably still would have made money if it was just 2 hours of atmospheric music and monster fights. But we got not only some of the best visual effects of the 2010s, but likeable characters and a pretty tight, impactful story that bucked several cliches 

Edge of Tomorrow fits into a similar category for me, and I suppose we have to throw in the more highly regarded marvel flicks as well — Iron Man, Winter Soldier, Infinity War.

In recent years though, all I’ve been able to think of is Joker. Maybe Barbie today?

What have you all watched that stood out for being much better than it had any right to be?",2023-08-11T07:33:40,1050,1736,https://www.reddit.com/r/movies/comments/15o22fz/films_that_were_better_than_they_had_any_right_to/,Barbie,Barbie
15ruap0,boxoffice,🇯🇵 Japan Box Office August 15 (Obon Festival Tuesday),,2023-08-15T14:28:25,20,27,https://i.redd.it/0n9cbdlsaaib1.png,Mission: Impossible – Dead Reckoning Part One,Mission: Impossible – Dead Reckoning Part One
158r94a,TrueFilm,Oppenheimer dull and gloomy,"I was so excited to see Oppenheimer after all the hype but found that it was in fact very dull and the scenes were so choppy and changing that it was hard to keep track of what was happening.  Despite it being an IMAX the visuals were often very poor, many times too dark and grey and grainy.  The movie theatre was sold out but at around the two-hour mark I went to the bathroom and saw quite a few people sleeping.  I felt this film was very underwhelming",2023-07-24T23:46:40,0,7,https://www.reddit.com/r/TrueFilm/comments/158r94a/oppenheimer_dull_and_gloomy/,Oppenheimer,Oppenheimer
15lxuat,TrueFilm,On Oppenheimer and Nolan (Spoilers),"I tried to watch the film outside the “meta” surrounding this release, i stepped into a regular theater (no Imaxes where I live) and really tried to watch it for what it is. The below are some of my observations and personal opinions, i do not want to offend anyone and totally respect people that loved the film.In my view, Oppenheimer presented 2 problems that needed solving by Nolan in order to fit his style.

1. How do you take a movie that is mostly people talking and make it engaging and pacey
2. How do we play around the timeline because it's a Nolan film, and we need non-linear storytelling.

The solutions he gave to these 2 “problems”, in my humble opinion, are what sank this movie.

Concerning problem no.1, if this was Spielberg for example, scenes would be blocked meticulously, the coverage would be inventive and the camera would dance around its subjects to keep things interesting in a meaningful manner. Nolan’s solution to this problem was different:He opted for a breakneck pace that resembles an extended trailer, with elliptical edits between scenes, the movie felt like a barrage of hasty scene highlights with a few “full scenes” sprinkled left and right. The film felt that it never settled down, an endless montage sequence.

Underneath those scenes is a pulsating score that elevates tension constantly, and to cap it all off, he resorted to “jump scares”. 2-3 sec cut-aways of atoms orbiting, or detonators going off that were accompanied by VERY LOUD sound effects, I honestly could picture him in the editing room saying “we need to wake them up”.

All this columnated into the bomb going off, after which the film completely changes tone, and devolves into the world’s most boring court drama. Sitting down in a tiny room, for 20-25 minutes combined, with the same 3-4 angles, it was the most boring 30 minutes i’ve witnessed at the movies in recent memory. I know history had to be covered there, but Nolan’s mundane coverage and choices of what to keep and what to throw out, and where to place things, especially for that last stretch, ruined the film completely for me.

For problem No.2, i understand that Nolan said that B&amp;W moments were “factual, cold facts, objective, not subjective”, Strausse needed to be included in this story, the scenes have historical significance, but the whole A-B timeline with RDJ was placed earlier so we can have the “twist” at the end. There was little to no value to the main story line everytime we cut back to RDJ, apart from the “council” scenes over the table. For some reason he feels compelled to mix timelines, it's his “shtick”.

If you go to any film school and see the stories young film students want to do, you will find that most of them are dealing with these kind of gimmicks, time travel, alternative points of view, non-linear storytelling, it feels smart and impressive when pulled off. it's the realization of a young person that editing is, really, in cinematic terms, the manipulation of time and space. It's nothing new.

Before Nolan, and after him, this is something you see over and over again usually in film schools, until said individuals grow out of it and realize structure alone is not enough. I fell out of love with Nolan when I realized that he’s really the ultimate film student, he never grew out of it, and like M. Night Shyamalan, he writes himself into a corner with every outing, compelled to play with structure because it's his “thing”.

Nolan talks a lot on how he “writes” films, with diagrams, and shapes, and timelines, maybe that’s why to me, his films always feel “engineered”, bereft of emotion, with their players locked inside that maze he wrote, reciting (mostly) bad dialogue (although i have to admit, Oppenheimer had less Nolan-cringe dialogue than his usual fare).

On a technical note, the IMAX element is wasted here, its purely marketing at this point, what you would get on an IMAX screen vs regular theater, apart from the few wide shots, is more forehead and neck, the movie is mostly close-ups. Also, that 70mm gate is so huge, that the focal point is so narrow, MANY of those close-ups were soft, out of focus.",2023-08-08T23:17:25,182,222,https://www.reddit.com/r/TrueFilm/comments/15lxuat/on_oppenheimer_and_nolan_spoilers/,Oppenheimer,Oppenheimer
13l4io2,movies,Official Character Posters for 'Spider-Man: Across the Spider-Verse',,2023-05-18T17:02:14,819,85,https://imgur.com/a/QJkNnNb,Spider-Man: Across the Spider-Verse,Spider-Man: Across the Spider-Verse
155dmr5,movies,"This summer season has been epic for movies, a lot of highly anticipated movies came out, from Spider-Man Across the Spidere-Verse, Barbie, Guardians, Mario Bros, Fast X, Transformers, Elemental, Indy, Oppenheimer, Mission Impossible.. So what movies are you anticipating for the remainder of summer?","This summer season has been one of the best in a long time. From May to July we got blockbusters and epic movies back-to-back. For the first time in a long time it felt like a normal summer for movies.  There was something for everybody, new movies, sequels and many genres too. It was a particularly strong for animated movies as well. 

&amp;#x200B;

So now, what movies are you anticipating for the remaining summer months of August and September?

&amp;#x200B;",2023-07-21T04:44:21,1,26,https://www.reddit.com/r/movies/comments/155dmr5/this_summer_season_has_been_epic_for_movies_a_lot/,Spider-Man: Across the Spider-Verse,Spider-Man: Across the Spider-Verse
15oz9pf,boxoffice,"🇬🇧 UK Box Office Friday, August 11",,2023-08-12T08:44:51,39,16,https://i.imgur.com/lAnoSCO.jpg,Mission: Impossible – Dead Reckoning Part One,Mission: Impossible – Dead Reckoning Part One
15a8xf7,boxoffice,Oppenheimer passes 1M admissions in France in just a week,,2023-07-26T15:30:09,18,1,https://i.redd.it/agw1qpzovbeb1.jpg,Oppenheimer,Oppenheimer
14234yt,movies,Looking for movies/tv shows like 'Eighth Grade' (teen dramas),"I really love Eighth Grade for a lot of reasons. It doesn't have the glamor of big Hollywood movies and tv shows (I always found it so annoying, for example, that in ""iCarly, Sam, despite being a very aggressive, arguably anti social person raised by a neglectful mother, is always seen wearing makeup, with her hair perfectly brushed and cleaned and styled, or even in a gritty drama like ""Sons of Anarchy, a homeless woman just looks like a pretty actress who streaked some fake dirt on her face ), it has characters that talk like real people, it understands how it's target audience actually thinks and the kind of media that they consume, and it's characters are relatable and believable; they not only act like real people but look like people you would meet in real life as well. Pretty much everything I just said is very lacking in most teen dramas that I've seen. Even in very well regarded movies with well written character arcs like ""Perks of Being a Wallflower"", it felt like a play about high school, everything was too melodramatic and romanticized. Don't get me wrong, I've seen movies with grounded, relatable, and likeable adolescent characters, but usually these movies just use the relatable aspects of the character and their dynamics with friends and family as a backdrop to something far more fantastical. A great example is into and across the spider verse. In these movies, Miles is an incredibly well written and likeable character, his dynamic with his family is perfect, but the pacing of the movies and the fact that it's a superhero movie don't allow for these relationships to shine on their own.

So in short, I want to see a teen drama that has a relatable protagonist, doesn't glamorize their life, and focuses on the relationships between characters. I'm so tired of cheesy sitcoms and soap operas about teens who look like actors and talk like characters.",2023-06-06T04:10:33,3,11,https://www.reddit.com/r/movies/comments/14234yt/looking_for_moviestv_shows_like_eighth_grade_teen/,Spider-Man: Across the Spider-Verse,Spider-Man: Across the Spider-Verse
15dmmld,TrueFilm,Dancer in the Dark (2000) film review - an analysis of von Trier's tour de force,"I want to preface this post by saying that yes, I have seen Oppenheimer, and yes, I have seen Barbie, and no, I will not be discussing either (at least not right now haha). Instead, I will be discussing what is probably my second favourite film by my favourite director. If you have not yet had the pleasure of watching 'Dancer in the Dark' please do. I will keep this excerpt of my review/analysis **spoiler free** for that purpose.

In his award-winning musical drama ‘Dancer in the Dark’, Lars von Trier depicts Czech immigrant factory worker Selma, whose sight is rapidly deteriorating. As Selma undergoes struggles in her life, she escapes increasingly often into musical daydreams. ‘Dancer in the Dark’ is the final film in von Trier’s ‘Golden Heart Trilogy’, and explores the heartbreaking collision of an innocent idealistic girl with a cruel, self-serving society. As with his 1996 film ‘Breaking the Waves’, ‘Dancer in the Dark’ displays von Trier’s attempts to project himself onto female characters and thus examine the repressed ‘feminine’ attributes of his personality, such as religious belief, emotion, and self sacrifice. When questioned about the suffering of the female characters in his films, von Trier has simply stated ‘those characters are not women. They are self-portraits.’ There is no doubt that ‘Dancer in the Dark’ is a divisive film, but I found it to be an utterly enthralling and devastating play on a genre I usually despise.

It must be stated here that I am a longtime admirer of Lars von Trier as a director. I have, for the most part, held back from writing about his films for fear of not doing them the justice they deserve, or perhaps for fear of writing a biassed and dogmatic piece. I was moved to action after my fourth viewing of ‘Dancer in the Dark’ at a local film festival, where I once again finished the film in tears. Björk’s astoundingly honest portrayal of Selma, coupled with von Trier’s twisted take on the classic Hollywood musical, creates a viewing experience that is at once magical and nightmarish.

Musical segments in ‘Dancer in the Dark’ are coupled with a vibrant attack of colour and a shift from the subjective handheld camera; thus, as the film progresses, the viewer is made increasingly aware of the contrast between the depressing reality of Selma’s life and the idealism of her musical daydreams. Though the musical segments of ‘Dancer in the Dark’ provide the viewer with brief respite from the film’s gruelling portrayal of Selma’s suffering, each return to the film’s narrative becomes more and more difficult to bear. In fact, it is hard to imagine ‘Dancer in the Dark’ delivering the perfection it does without the presence of Björk. The innocence she exudes as Selma and her characteristically strange yet hauntingly beautiful musical performances provide a much-needed counterbalance to von Trier’s unyielding directorial style. As Selma, Björk embodies exquisitely the martyr-like, humanistic qualities of the heroines of the Golden Heart Trilogy.

‘Dancer in the Dark’ is tragically beautiful, and possesses the rare ability to quite literally take your breath away whilst you are watching it. You do not have to support von Trier, the controversial figure that he is, to appreciate the masterfully experimental and dazzlingly provocative nature of his filmmaking. Björk is always astounding, and the emotional intensity of her performance as Selma is at once spellbinding and agonising. Von Trier’s Golden Heart trilogy is, in my opinion, the best showcase of his work.

[You can read my full review and analysis of 'Dancer in the Dark' here](https://www.filmstowatchbeforeyoudie.com/blog/dancer-in-the-dark-2000-film-review-an-analysis-of-von-triers-tour-de-force) if you are interested.

**What did you think of 'Dancer in the Dark'? Did you love it or hate it?**",2023-07-30T14:13:28,71,28,https://www.reddit.com/r/TrueFilm/comments/15dmmld/dancer_in_the_dark_2000_film_review_an_analysis/,Oppenheimer,"Barbie, Oppenheimer"
15hzpk5,boxoffice,🇯🇵 Japan Box Office - August 4,,2023-08-04T13:11:04,44,20,https://i.redd.it/vmlgzcx2f3gb1.jpg,Mission: Impossible – Dead Reckoning Part One,Mission: Impossible – Dead Reckoning Part One
168hrtl,TrueFilm,Why Augie burned his hand on the Quickie Griddle,"Like *Oppenheimer* and *Barbie*, *Asteroid City* was an exploration in existentialism, containing such themes as the futility of creativity, and finding meaning through collaboration with ‘your people’.

In the black and white narrative, the writer (Norton) collaborates with his actors while the play becomes the only thing keeping the director (Brody) alive. Everyone finds meaning in their project, besides the actor playing  Augie (Schwartzman), who is hung up on the question “why does Augie burn his hand on the Quickie Griddle?”. 

Back in Asteroid City, the brainiacs find kindred spirits in each other, about which Tilda Swinton’s character confesses her envy. Meanwhile, Augie seems to find sanctuary in Scarlet Johansen’s character Midge Campbell, a famous actress. So why does he burn his hand on the Quickie Griddle?

Midge Campbell is an actress in transition, unsure what her next career move is. The occupation of acting—which is the focus of much of the movie—involves observing humanity and effectively conveying as true of human feeling as they can. Midge claimed to be attracted to Augie because she too knew emotional pain, but it’s more likely that she is interested in his pain to learn from it and thereby enhance her acting skills. Augie, a war photographer and widower, carries the fresh wound of his wife’s death, and carries a piece of shrapnel in his skull. His pain was undeniable, while Midge’s pain was exaggerated at best. Still, she contrived a bond between her and Augie based upon her feigned suffering. 

All other characters bonded and reveled in finding kindred spirits in each other, but Augie was dealing with the ongoing absence of his own. Midge’s fixation on their made up bond only seemed to remind Augie of that loss. We don’t see much of Augie with his wife, except in a conversation between the actor who played Augie and Margot Robbie, the actress who played his wife, about a scene that “got cut”. We see the chemistry between them is that of a true bond. Augie lost that bond and feels a great sadness in its place. 

The importance of the bonds of kindred spirits gives creativity and life meaning, and Augie lost his, and in being reminded of that loss by Midge’s fixation of his pain, he is overwhelmed and overcome with the compulsion to burn his hand on the Quickie Griddle.",2023-09-02T23:48:42,3,2,https://www.reddit.com/r/TrueFilm/comments/168hrtl/why_augie_burned_his_hand_on_the_quickie_griddle/,Oppenheimer,"Barbie, Oppenheimer"
167m4x3,boxoffice,"August 2023 Recap – 'Barbenheimer' Leads August, Newcomers Don't Impress","&amp;#x200B;

https://preview.redd.it/e6sak2oo6qlb1.jpg?width=1920&amp;format=pjpg&amp;auto=webp&amp;s=eff1b82b505ec4821b255255d75b43c1dbbf3856

After the colossal July, ***Barbie*** and ***Oppenheimer*** led the August box office to a very good month. The not-so-great news: the rest of the line-up was a very mixed bag. Some barely broke even, while others flopped.

&amp;#x200B;

August 2023 earned $811.9 million, which was up a massive 73% from last year, when ***Bullet Train*** led a weak and empty August.

&amp;#x200B;

***Barbie*** led the month with $232.4 million. With a $598.8 million, it became the year's highest grossing film and Warner Bros.'s highest grossing film ever. Worldwide, it has grossed a fabulous $1.34 billion, getting closer to pass ***The Super Mario Bros. Movie*** worldwide. Very, very impressive.

&amp;#x200B;

In second place, Christopher Nolan's ***Oppenheimer*** added $121.6 million for a $305 million domestic run, making it Nolan's third highest grossing film. Worldwide, it has grossed $789 million. It will soon pass ***Inception***, and it's already the second highest grossing R-rated movie ever. If you ever needed proof for Nolan's box office record.

&amp;#x200B;

In third place, ***Teenage Mutant Ninja Turtles: Mutant Mayhem*** was the biggest August newcomer with $101.6 million. It's far off from the 2014 version, but this is still solid for its low $70 million budget. In not-so-great news, its overseas total is quite poor, where it has only made $138.6 million worldwide. That's a massive 74/26 split.

&amp;#x200B;

In fourth place, ***Meg 2: The Trench*** has grossed $75.4 million. That's a huge 48% drop from its predecessor, which surpassed expectations back in 2018. Fortunately, the overseas market is where the real money is: it has made $354 million worldwide. That should be enough to greenlight ***Meg 3: This Time It's Personal***.

&amp;#x200B;

In fifth place, DC's ***Blue Beetle*** flopped with just $49.3 million through the month. This is one of the worst grosses for a superhero movie, another sign that DC's name is at an all time low. Its drops are also very mediocre, with its sole tolerable day being National Cinema Day, which makes it look even worse. It should still pass ***Shazam! Fury of the Gods*** ($57 million), but that's not really an achievement. Worldwide, it was even worse, as it's sitting at just $85 million. It was dead across Asia and Europe, and Latin American was indifferent to the movie.

&amp;#x200B;

In sixth place, Disney's ***Haunted Mansion*** added just $36.2 million to its paltry $62.5 million domestic run. It had an awful second weekend drop before stabilizing, although considering its weak debut, that's not really impressive. Worldwide, it was completely rejected, as it hasn't crossed $100 million yet. With a $150 million budget, this a huge flop.

&amp;#x200B;

In seventh place, A24's ***Talk to Me*** was a huge winner. It collected $30.5 million through August, for a $42.3 million domestic total. Its drops are just absurd, managing to reach a 4x multiplier. Worldwide, it has grossed $60.8 million. A24 is clearly happy with this, and they have already commissioned a sequel.

&amp;#x200B;

In eighth place, ***Sound of Freedom*** added $29.7 million to its $181 million domestic gross. It has slowed down, but it's now sitting as the tenth highest grossing film of the year. Worldwide, its run is just getting started; it will open in many Latin America markets this weekend. Stay tuned.

&amp;#x200B;

In ninth place, ***Mission: Impossible – Dead Reckoning Part One*** grossed $28.3 million, which takes its domestic total to $168.8 million. It recovered slightly following its rough second weekend drop, but the movie is still heading on to become the franchise's least attended entry, even below ***Mission: Impossible III***. Worldwide, it has made $550 million, but the $291 million budget screwed it.

&amp;#x200B;

Sony's ***Gran Turismo: From Gamer to Racer: Based on a True Story*** (or something like that) rounded up the Top 10. While its budget is just $60 million, Sony clearly had high hopes for the movie, considering an extensive marketing push and the fact that they held **NINE** days of early screenings added to the opening day. But the movie has only made $22.1 million through its first week. In a scary stat, it fell below $1 million on Thursday, making just $770K. Worldwide, it has made just 59.1 million, and that's a very weak number, considering it opened in most markets already, some even 3 weeks out. It just opened in China, [where it bombed with just $340K on its opening day.](https://www.reddit.com/r/boxoffice/comments/167c397/in_china_oppenheimer_collected_455m_on_friday_for) It has Japan, Italy and South Korea left in September, but it's unlikely a miracle happens.

&amp;#x200B;

Universal's raunchy comedy ***Strays*** flopped with just $18.2 million domestically, and just $24.2 million worldwide. It goes without saying that original comedies are struggling in theaters, but the fact that this movie managed to make even less than previous Will Ferrell flops is just unbelievable. Joining the likes of ***Downhill***, ***Holmes &amp; Watson***, ***The House***; ***Zoolander No. 2***, it's clear that audiences just don't care to see Will Ferrell as a leading man anymore.

&amp;#x200B;

Horror is a profitable genre, but not all of them manage to be a hit. And ***The Last Voyage of the Demeter*** proved it. It has collected a tragic $13.5 million domestically and just $19.8 million worldwide. That's flop territory for this movie that cost $45 million. These numbers are eerily similar to ***Renfield***, which also flopped. These put into question whether people really care about Dracula right now.

&amp;#x200B;

Fathom Events re-released Laika's ***Coraline***, where it grossed $7 million. These are very strong numbers for a re-release, especially considering that it earned this in just 4 days. That takes its domestic total to $82 million.

&amp;#x200B;

Another bomb hit Liam Neeson's career, as ***Retribution*** only earned $4.7 million through seven days. This movie, alongside ***Marlowe***, ***Memory***, ***Blacklight*** and ***The Marksman*** seem to prove that his days as action star are just not it anymore. The ***Naked Gun*** reboot can't come soon enough.

&amp;#x200B;

#**Movies that ended their run this month**

Movie | Release Date | Studio | Domestic Opening | Domestic Total | Worldwide Total | Budget |
----------|----------|----------|:--------:|:--------:|:--------:|:--------:
*Guardians of the Galaxy Vol. 3* | May/5 | Disney | $118,414,021 | $358,995,815 | $844,321,673 | $250M
*Transformers: Rise of the Beasts* | Jun/9 | Paramount | $61,045,464 | $157,066,392 | $437,910,430 | $200M
*The Flash* | Jun/16 | Warner Bros. | $55,043,679 | $108,133,313 | $268,068,651 | $220M
*Ruby Gillman, Teenage Kraken* | Jun/30 | Universal | $5,500,990 | $15,753,600 | $42,765,504 | $70M
*Joy Ride* | Jul/7 | Lionsgate | $5,806,277 | $12,897,789 | $15,446,761 | $32M 

#**A look into September**

- On the Labor Day weekend, Denzel Washington returns for ***The Equalizer 3***, the final installment in the franchise. And to attract more interest, Sony moved the setting to Italy and reunited Denzel with Dakota Fanning, his co-star in ***Man on Fire***. It already collected the highest Thursday previews so far, which is very promising. 

- On the September 8-10 weekend, WB is releasing ***The Nun II***, the new chapter in the ***Conjuring*** franchise. Love it or hate it, this franchise is one of the most profitable and this isn't gonna change here. Focus Features is also releasing rom-com ***My Big Fat Greek Wedding 3***. While the original is one of the biggest hits in history with over $300 million, the sequel failed to attract interest, earning with just $90 million. That's a mark that the movie is unlikely to hit.

- On the September 15-17 weekend, 20th Century will give another try to the Hercule Poirot character with ***A Haunting in Venice***. While ***Death on the Nile*** only earned $137 million, 20th Century and Disney clearly believe there's an audience for this, so they're giving it another go. Sony will also release ***Dumb Money*** on a limited release before expanding it in October. The movie depicts an ensemble cast, led by Paul Dano, as r/WallStreetBets redditors working together to put the squeeze on at least two hedge funds that had bet that GameStop shares would fall. 

- On the September 22-24 weekend, Lionsgate is releasing ***Expend4bles***, the movie with one of the worst taglines in cinema's history (*""They'll die when they're dead.""*) The movie is going back to the original two films' R rating, but one can't help but feel there's a sense of fatigue; the movie is not offering anything the previous didn't have, so there's very little reason to expect it to gross as high as the first two films. The previous film disappointed with just $39.3 million, and there's a strong chance this could wind up below that.

- On the September 29-October 1 weekend, we're having not two, but three new releases. 20th Century is releasing Gareth Edwards' sci-fi ***The Creator***, which will try to get audiences interested in a new original sci-fi story. Lionsgate is getting Jigsaw from the dead with ***Saw X***, with both Tobin Bell and Shawnee Smith reprising their roles. And Paramount is opening ***PAW Patrol: The Mighty Movie***, which will be the first family and animated film in a while.

&amp;#x200B;

#**Other recaps**

**2023:** [June](https://redd.it/14o44fd) | [July](https://redd.it/15ft6mo) | **August** | [September](https://redd.it/16xbal3) | [October](https://redd.it/17lowpm)",2023-09-01T23:08:32,51,3,https://www.reddit.com/r/boxoffice/comments/167m4x3/august_2023_recap_barbenheimer_leads_august/,Oppenheimer,"Barbie, Oppenheimer"
15r6zwi,movies,Big budget movies w bad fighting,"I get it, ""it's flashier!"" ""Less likely to be injured!"" ""Real fighting is boring!"" But then answer me this: Bourne, atomic blonde, newer 007 at times, etc. There are many great examples of refreshing combat movies that seem to have been pulled off just fine, unless there were significant injuries? My suspicion is that many choreographers are out of touch with what people want. Maybe they are still living in the past,  before mma came along, and somehow missed those movies that nailed it. Like many movies don't even try anymore - the new MI7 for eg. (Spoiler) where what's her name does more flashy spins on the bridge with her sword than star wars 3, a dude swings on a knife handle like a trapeze on the side of a speeding train, and a cold killer can't overcome Ethan from behind with a metal rod. And it's movie after movie, like any time there's a female fighter she's thin but tosses around large dudes and does that swinging legs around neck throw like 3/4s of the fights. And if you just watch the bad guys when they swarm the hero, they run in with the worst attacks and hold off if they are too early, it's painful... ok rant over :p",2023-08-14T21:03:11,0,9,https://www.reddit.com/r/movies/comments/15r6zwi/big_budget_movies_w_bad_fighting/,Mission: Impossible – Dead Reckoning Part One,Mission: Impossible – Dead Reckoning Part One
16838kx,boxoffice,🇨🇳 China Box Office Sep. 2. Oppenheimer grossed ¥67.5M ($9.3M) on its 1st Saturday. Its single-day box office skyrocketed 105% from Friday. China’s 4 day total is now ¥168M ( $23.1 M). Nolan films typically increases 35% - 45% ( Fri to Sat ).,,2023-09-02T13:59:38,78,16,https://twitter.com/Franspeech/status/1697971291901292651?t=Yf1dcnQYhs_TJuW4cb8doA&amp;s=19,Oppenheimer,Oppenheimer
15h8iri,boxoffice,"[Japan] Corpse from WorldofKJ thinks that Avatar: TWoW is very likely to get kicked out of the top 10 for 2023. If no Disney film in 2023 manages to stay in the yearly top 10, this would be the 4th consecutive year where Disney fails to reach the top 10.",,2023-08-03T16:13:34,10,3,https://i.redd.it/np2ivaxp6xfb1.jpg,Mission: Impossible – Dead Reckoning Part One,Mission: Impossible – Dead Reckoning Part One
16k9q6m,boxoffice,"With Oppenheimer, Christopher Nolan entered the top 3 of highest grossing directors at the domestic box office",,2023-09-16T15:03:39,391,55,https://i.redd.it/ujubdxjrtmob1.png,Oppenheimer,Oppenheimer
15nweoy,boxoffice,"How do you think Ant-Man 3 would've done if it came out on July 28th, 2023 like it was once planned to (one week after Barbenheimer)?",,2023-08-11T02:40:08,0,13,https://www.reddit.com/r/boxoffice/comments/15nweoy/how_do_you_think_antman_3_wouldve_done_if_it_came/,Barbie,Barbie
15jmmo7,TrueFilm,"Breakfast on Pluto - a lovely, charming story!","I have just watched Oppenheimer and decided to see another film with Cillian Murphy as a main character. I decided to watch this title and I really couldn’t have made a better decision.
This movie was just so charming and I think he played the role of a transgender woman perfectly.
The whole movie felt like fairytale and i really didn’t feel like that about anything i have watched before.
In the middle of the movie there was a conversation in which she said how she pretends her life is a story thats happening to someone else because otherwise she might cry and never stop. Man that’s really my experience.

I recommend this movie to everyone really. You should all give it a shot maybe you will like it. It’s very charming. If anyone here has watched It PLEASE tell me in the comments what do you think about It!

PS (im sorry if it’s badly written i never really wrote about movies and I have no idea how to this movie was just so good i had to tell yall about it)",2023-08-06T10:48:11,106,9,https://www.reddit.com/r/TrueFilm/comments/15jmmo7/breakfast_on_pluto_a_lovely_charming_story/,Oppenheimer,Oppenheimer
14ul32r,movies,"What's Causing The Current ""Flopbuster"" Era?","This is probably something you guys have heard about a lot lately, but it's kinda hard to ignore. Between D&amp;D, Shazam 2, Ant-Man 3, Fast X, The Little Mermaid, Transformers, Elemental, The Flash, Ruby Gillman, and Indiana Jones 5, we have had no less than *10* major studio tentpoles either brutally underperform or outright flop at the box office in the first half of the year, with only four (John Wick 4, Mario, Guardians 3, and Spider-Verse 2) actually being successful. The latter combined with results from last year have shown that cinema earnings overall haven't truly declined, and with the pandemic officially over...what exactly is causing this wave of failures? ",2023-07-09T01:14:29,2158,2458,https://www.reddit.com/r/movies/comments/14ul32r/whats_causing_the_current_flopbuster_era/,Spider-Man: Across the Spider-Verse,Spider-Man: Across the Spider-Verse
16s4rix,movies,Top-11 Pangrammacy at U.S. Box Office This Past Weekend,"This past weekend saw a very unusual occurrence: the list of Top-11 movies at the U.S. Box Office contained all 26 letters of the alphabet.

1. THE NUN II

2. EXPEND4BLES

3. A HAUNTING IN VENICE

4. THE EQUALIZER 3

5. BARBIE

6. MY BIG FAT GREEK WEDDING 3

7. IT LIVES INSIDE

8. DUMB MONEY

9. BLUE BEETLE

10. OPPENHEIMER

11. TEENAGE MUTANT NINJA TURTLES: MUTANT MAYHEM

Yes, I keep track of this phenonmenon. And it has only ever been bested once (by a Top-10 pangrammic list) in the modern box office era. If you're curious, more details may be found here:

http://www.ericharshbarger.org/cgi-bin/logolog.cgi?20230925

Cheers.",2023-09-25T21:37:00,2,1,https://www.reddit.com/r/movies/comments/16s4rix/top11_pangrammacy_at_us_box_office_this_past/,Barbie,Barbie
16i6p42,movies,What’s a scene in a comedy you otherwise loved where you felt like you were waiting it out more than you were enjoying it?,"I’ll give some examples to help describe what I’m talking about.

First, one that comes to mind for me is the first Jumanji movie with Kevin Hart and The Rock. I really enjoyed that movie the first time I saw it, but there was the scene where they were showing the teenage girl as Jack Black how to pee with a dick. I didn’t mind the scene and it wasn’t unbearably unfunny but I felt it could’ve ended at any time and it would’ve been fine. Hell, they could’ve just cut it right after Jack Black asked Kevin Hart “can you show me how to pee??” and he sighs.

Another more recent one is the office chase in Barbie. Again, I didn’t mind it but it was definitely one of the less funnier bits the movie had to offer. Definitely felt like a little detour from a movie I was really into otherwise.

What about you?",2023-09-14T02:46:09,5,11,https://www.reddit.com/r/movies/comments/16i6p42/whats_a_scene_in_a_comedy_you_otherwise_loved/,Barbie,Barbie
15eezvn,boxoffice,"After 10 days of release, Oppenheimer is already the 7th highest grossing Christopher Nolan film of all time domestically (among 12 films). It will pass Interstellar, Dunkirk, and Batman Begins sometime this week to move into 4th place.",,2023-07-31T12:35:30,185,39,https://i.redd.it/dgw5xsx2pafb1.jpg,Oppenheimer,Oppenheimer
14qe0qp,movies,"Why some of the big franchise suddenly do a 2 part movie, almost at the sametime?","**Spider-Man: Across the Spider-Verse.**  Fast X, And the upcoming Mission impossible: Dead Reckoning Part One.

It happen before. a big franchise into the final, which mean lot of people will come to see it, which mean  2 movie sell 2x the ticket.  
But what hapen here ? i don;t know if there are more. but suddenly 3 saparate franchise, at the same time release a non complete movie that need part 2 ? Totally new event, not finale of any long running plot. What happening here ?",2023-07-04T12:34:22,0,27,https://www.reddit.com/r/movies/comments/14qe0qp/why_some_of_the_big_franchise_suddenly_do_a_2/,Spider-Man: Across the Spider-Verse,Spider-Man: Across the Spider-Verse
137k642,movies,"Spider-Man: Across the Spider-Verse - Welcome 30""",,2023-05-04T13:08:01,211,22,https://youtu.be/bk0ck-g_rPk,Spider-Man: Across the Spider-Verse,Spider-Man: Across the Spider-Verse
154k6pn,boxoffice,"#Oppenheimer also may explode in #Europe this weekend, as it had a strong start in #France’s #BoxOffice despite of #Barbie, grossing est 1.3M on WED Opening Day and 150k admissions, #2 best start for #ChristopherNolan’s non #TheDarkKnight films (1st if not including previews) 1/2",,2023-07-20T07:40:36,79,7,https://twitter.com/Luiz_Fernando_J/status/1681930127456841729?t=Zs4lkVyQsvuruoGmjcirIA&amp;s=19,Oppenheimer,Oppenheimer
15hcuye,boxoffice,Should ERC's early estimates be allowed on r/boxoffice?,"Their recent estimate for Oppenheimer ($5M) was way off the mark despite the actuals ($5.88M) releasing only about 3 hours after ERC's post. SoF also seems to have been rounded up to $1.6M ($1.56M actuals) while MI7 was rounded down to $1.1M ($1.16M BOR estimate).  

BoxOfficeReport's reported actuals/estimates are very accurate but typically come later in the day with individual posts for each film. Should we wait for BOR or actuals from TheNumbers rather than allowing an ERC post early in the day which may be quite inaccurate?

If you don't think ERC's posts should be removed, should they be required to mention that they are very rough estimates in the title?",2023-08-03T19:06:32,11,17,https://www.reddit.com/r/boxoffice/comments/15hcuye/should_ercs_early_estimates_be_allowed_on/,Mission: Impossible – Dead Reckoning Part One,Mission: Impossible – Dead Reckoning Part One
14tevnd,movies,Warner Bros defends 'Barbie' film's world map as 'child-like',,2023-07-07T18:15:10,17,34,https://www.reuters.com/lifestyle/warner-bros-defends-barbie-films-world-map-child-like-2023-07-06/,Barbie,Barbie
15rsyq3,boxoffice,Barbenheimer' Continues to Shine at the U.K. Box Office in Its Fourth Weekend of Screening,,2023-08-15T13:36:30,6,0,https://reelshq.com/news/barbenheimer-continues-to-shine-at-the-u-k-box-office-in-its-fourth-weekend-of-screening/,Barbie,Barbie
15e84lo,boxoffice,What happened to Mission Impossible Dead reckoning Part 1? Sound of Freedom is Going to Beat It With Literally 1/20th the Budget?,"How didn MI7 bomb this bad when MI6 Fallout was supposed to be the best in the series? Honestly, I saw MI6 Fallout and wasn't impressed, so could it be that people who saw Fallout thinking that it was the best in the series and heard that Dead reckoning Part I wasn't as good decided to not show up because they knew that Fallout wasn't that good overall?

Fallout had a solid first half, but it was almost 3 hours long, and the second half of it was pretty lousy and cliched. Maybe moviegoers caught onto this nuance and waited it out for Oppenheimer, Barbie, and Sound of Freedom instead. ",2023-07-31T06:29:50,0,16,https://www.reddit.com/r/boxoffice/comments/15e84lo/what_happened_to_mission_impossible_dead/,Mission: Impossible – Dead Reckoning Part One,Mission: Impossible – Dead Reckoning Part One
16vpgpl,movies,The 2024 Best Supporting Actor Oscar might be going to a comedic performance for the first time in nearly thirty years,"With Ryan Gosling's performance in *Barbie* presumably a lock for a nomination this year and with that film's incredible success sure to weigh heavy in award consideration, there is a decent chance that Gosling's performance, bolstered by a undeniable best song nom, will be a serious contender for best supporting actor.

He's got stiff competition for the win, with de Niro like a lead weight on the rubber sheet of voter intentions, but there is a decent chance he gets it.

But it had me thinking, when was the last time a comedy performance won this particular Oscar?

Obviously there have been performances like the previous winner Ke Hey Quan, as well as Alan Arkin and Cuba Gooding Jr, that have been memorable through their comedic dimensions in more dramatic films but I would say that last time we had a broadly comedic (arguably) performance take gold was Martin Landau in *Ed Wood* (1994).

On a personal note, I'd love to see Gosling pick up the Oscar. I'm sure that de Niro and Downey jr will suck up all the atmosphere but I have to say that Gosling entirely stole the show for me in an entirely iconic performance that will outlive most in our culture consciousness (as well has providing some catharsis for the completely unjust general audience failure of *The Nice Guys*)",2023-09-29T22:26:42,3,9,https://www.reddit.com/r/movies/comments/16vpgpl/the_2024_best_supporting_actor_oscar_might_be/,Barbie,Barbie
15ghul7,boxoffice,Top grossing R-rated films over past 5 years,,2023-08-02T19:12:22,16,10,https://i.redd.it/jrgvjolpxqfb1.jpg,Oppenheimer,Oppenheimer
15eidbl,boxoffice,"BARBENHEIMER has saved the summer—before BARBIE and OPP, this year’s summer box office was running behind ‘22 by -7% but ‘23 has now surged ahead and flipped the script.",,2023-07-31T14:52:17,78,2,https://twitter.com/ERCboxoffice/status/1686025402207051776?t=85aJxgqVx-KfCLk07WOBrw&amp;s=19,Barbie,Barbie
164r7cz,boxoffice,[Italy] Opening weekends for Nolan films,https://forums.boxofficetheory.com/topic/14102-italy-botteghino-minions-2-on-course-to-become-biggest-film-of-2022/?do=findComment&amp;comment=4583404,2023-08-29T19:05:54,25,1,https://i.redd.it/xwy0osg6l3lb1.jpg,Oppenheimer,Oppenheimer
159gjj3,movies,The 'Oppenheimer' Cast Reveals How Christopher Nolan Gave Them Their Role | Around the Table,,2023-07-25T18:24:06,1,3,https://www.youtube.com/watch?v=jF2q-PsLVFI,Oppenheimer,Oppenheimer
165lpjb,boxoffice,"If Oppenheimer somehow touched $1bn WW, which feat of Barbenheimer will be more impressive?","Oppenheimer's feat anyday for me. Even though China's opening day is below par, heres hoping that strong WOM translate into 80-100M total in China for a billion total

[View Poll](https://www.reddit.com/poll/165lpjb)",2023-08-30T17:54:26,9,35,https://www.reddit.com/r/boxoffice/comments/165lpjb/if_oppenheimer_somehow_touched_1bn_ww_which_feat/,Barbie,Barbie
16sxrui,movies,"Visual Effects Oscar Race: ‘The Creator,’ ‘Blue Beetle’ and ‘Across the Spider-Verse’ Among Worthy Films for Consideration",,2023-09-26T19:43:37,0,13,https://variety.com/feature/2024-oscars-best-visual-effects-predictions-1235724968/,Spider-Man: Across the Spider-Verse,Spider-Man: Across the Spider-Verse
152j6gb,movies,Is nobody seeing animated movies anymore?!,"I was surprised Pixars Elementals last month did horrible in the box office, and I feel bad for the director since this is his second movie that did bad (The good Dinosaur) (2015), Dream works new movie also did bad at the box office, so are people not wanting to go see animated movies, although the Spider-Man Across the spider verse did very well, or are people just waiting until it ends up a streaming service?!",2023-07-18T00:34:22,0,25,https://www.reddit.com/r/movies/comments/152j6gb/is_nobody_seeing_animated_movies_anymore/,Spider-Man: Across the Spider-Verse,Spider-Man: Across the Spider-Verse
16cnn2c,boxoffice,[Portugal] Barbie becomes the 4th highest grossing movie of all time after 7 weeks. Oppenheimer joins the top 20. The Equalizer 3 debuts number 1.,"I usually do these posts after the weekend, but Barbie's numbers came out a little bit lower.

Anyway,

&amp;#x200B;

**LAST WEEKEND'S PERFORMANCE:**

||€|Spectators|
|:-|:-|:-|
|1. The Equalizer 3|285.738,68 € ^((debut))|44.533|
|2. Oppenheimer|114.393,69 € ^((-19.9%))|17.478|
|3. Barbie|96.756,50 € ^((-20.5%))|16.155|
|9. Blue Beetle|35.866,34 € ^((-37.5%))|6.082|

&amp;#x200B;

**Equalizer's opening weekends compared:**

* **The Equalizer:** 178.692,53 € // 33.283 spectators
* **The Equalizer 2:** 139.773,12 € // 24.910 spectators
* **The Equalizer 3:** 285.738,68 € // 44.533 spectators

&amp;#x200B;

**Blue Beetle's run so far:**

* **Weekend 1:** 101.193,04 € // 16.577 spectators (5th most watched)
* **Weekend 2:** 57.241,19 € (-43.4%) // 9.548 spectators (-42.4%) (7th most watched)
* **Weekend 3:** 35.866,34 € (-37.5%) // 6.082 spectators (-36.3%) (9th most watched)
* **Total:** 276.830,28 € // 46.323 spectators

&amp;#x200B;

**7 DAY / WEEK PERFORMANCE:**

||€|Spectators|
|:-|:-|:-|
|2. Oppenheimer|175.087,78 €|27.025|
|3. Barbie|152.115,57 €|25.638|

&amp;#x200B;

**BARBENHEIMER 7-WEEK PERFORMANCE:**

https://preview.redd.it/oaserj71svmb1.png?width=1247&amp;format=png&amp;auto=webp&amp;s=6d35d77c5f763f2ee17484c6c8e3c3449fd70fd4

**2023 RANKING OF THE MOST WATCHED FILMS (01-01-2023 to 06-09-2023):**

1. **Barbie -** **859.577** 🔵
2. Fast X - 689.559
3. **Oppenheimer - 504.300** 🟠 🔼
4. Avatar: The Way of Water - 466.193 (2023 portion, 18 weeks) 🔽
5. The Super Mario Bros. Movie - 459.768
6. The Little Mermaid - 366.610
7. Elemental - 356.537
8. Mission: Impossible - Dead Reckoning Part One - 346.553

**RANKING OF THE MOST WATCHED FILMS** **OF ALL TIME (2004-PRESENT):**

1. The Lion King (2019) - 1.281.657
2. Avatar - 1.257.370
3. Avatar: The Way of the Water - 1.062.794
4. Minions - 939.706
5. Joker - 915.593
6. **Barbie -** **859.577** 🔵 🔼
7. Mama Mia! - 851.681 🔽
8. Furious 7 - 832.947
9. Shrek, the Third - 824.646
10. Madagascar 2 - 813.802
11. The Fate of the Furious - 788.434
12. Shrek 2 - 771.963
13. A Gaiola Dourada (PT) - 761.113

&amp;#x200B;

**2023 RANKING OF THE HIGHEST GROSSING FILMS (01-01-2023 to 06-09-2023):**

1. **Barbie - 5.076.751,33 €** 🔵
2. Fast X - 4.275.510,12 €
3. **Oppenheimer -  3.495.706,96 €** 🟠 🔼
4. Avatar: Way of the Water - 3.461.585,90 € (2023 portion, 18 weeks) 🔽
5. The Super Mario Bros. Movie - 2.557.849,03 €
6. Mission: Impossible – Dead Reckoning Part 1 - 2.182.066,06 €
7. The Little Mermaid - 2.098.585,97 €
8. Elemental - 1.943.673,59 €
9. Indiana Jones and the Dial of Destiny - 1.803.167,63 €
10. Guardians of the Galaxy Vol. 3 - 1.367.336,28 €
11. Spider-Man: Across the Spider-Verse - 1.303.812,75 €

**RANKING OF THE HIGHEST GROSSING FILMS OF ALL TIME (2004-PRESENT):**

1. Avatar: Way of the Water - 7.686.010,43 €
2. Avatar - 7.294.781,84 €
3. Lion King - 6.988.555,08 €
4. **Barbie - 5.076.751,33 €** 🔵 🔼
5. Joker - 5.067.595,46 € 🔽
6. Minions - 4.732.329,8 €
7. Shrek Forever - 4.610.747,88 €
8. Top Gun: Maverick - 4.492.884,62 €
9. Furious 7 - 4.424.341,34 €
10. The Fate of the Furious - 4.306.481,90 €
11. **Fast X - 4.275.510,12 € ⚪**
12. A Gaiola Dourada (PT) - 3.892.220,88 €
13. Avengers: Endgame - 3.886.801,24 €
14. Spider-Man: No Way Home - 3.861.416,32 €
15. Ice Age 3: Dawn of the Dinosaurs - 3.769.842,78 €
16. Mama Mia! - 3.764.144,13 €
17. Madagascar 3: Europe's Most Wanted - 3.738.196,51 €
18. Star Wars: The Force Awakens - 3.580.148,67 €
19. Madagascar: Escape 2 Africa - 3.528.119,00 €
20. **Oppenheimer -  3.495.706,96 €** 🟠 🔼
21. Shrek, the Third - 3.473.241,97 € 🔽
22. Frozen II - 3.408.543,07 €
23. Da Vinci Code - 3.299.852,62 €
24. Minions 2: The Rise of Gru - 3.220.499,70 €
25. The Incredibles 2 - 3.190.569,13 €
26. Shrek 2 - 3.157.434,68 €
27. O Pátio das Cantigas (2015) (PT) - 3.100.130,47 €
28. Bohemian Rhapsody - 3.086.486,99 €
29. Passion of Christ - 3.010.433,95 €",2023-09-07T19:20:54,15,1,https://www.reddit.com/r/boxoffice/comments/16cnn2c/portugal_barbie_becomes_the_4th_highest_grossing/,Barbie,"Barbie, Spider-Man: Across the Spider-Verse"
16qsiin,movies,Any other movies that are worth watching in theaters right now?,"i’ve already watched Oppenheimer and Barbie, so just wanted to know if there are any other good movies that are worth watching in theaters right now?

So, please let me know if there are any other enjoyable movies out there. Because just on the surface, it seems kind of dull. I try not to get carried away with rotten tomatoes, but not a lot of them are rated too well.",2023-09-24T08:36:23,0,7,https://www.reddit.com/r/movies/comments/16qsiin/any_other_movies_that_are_worth_watching_in/,Barbie,Barbie
15umke4,movies,Ridley Scott's Napoleon or Chris Buck's/Disney's Wish,"This is the second time since Barbenheimer, that we're getting another example of counterprogramming by having two opposite films released on the same day, this year. The two films I am talking about are the historical drama Napoleon directed by Ridley Scott about the famed tactician and emperor, Napoleon Bonaparte and the other one is an upcoming Disney movie called Wish, which commemorates &amp; celebrates Disney's 100th anniversary with an actual Disney villain. 

With the date of both films releasing on November 22nd, which one do you prefer to watch first?",2023-08-18T14:46:51,0,9,https://www.reddit.com/r/movies/comments/15umke4/ridley_scotts_napoleon_or_chris_bucksdisneys_wish/,Barbie,Barbie
15svnkc,boxoffice,"Inside the ‘Oppenheimer’ Imax 70mm Craze: Fans Crossing State Lines, the Search for New Projectors and More - With Christopher Nolan's atomic bomb drama, a “cinephile argument” has become mainstream, as 30 premium screens worldwide have raked in an astounding $17 million in just four weeks",,2023-08-16T17:06:20,245,56,https://variety.com/2023/film/news/oppenheimer-imax-70mm-craze-projectors-1235697085/,Oppenheimer,Oppenheimer
15s3yaz,movies,Mission Impossible Dead Reckoning seemed to have come and gone...,"But I think because of Barbie, Oppenheimer, and other movies in that timeframe, it got kinda lost. I havent seen it, and I assume its a good movie. Tom Cruise generally delivers. But I was expecting it to pull another crazy feat like Top Gun Maverick. I wonder how it will do in terms of streaming.  I think it'll see a large spike when it comes.  

I have to get this to 300 words or else it will get deleted.  Very annoying.  Hope you guys have a great day.",2023-08-15T20:24:29,0,37,https://www.reddit.com/r/movies/comments/15s3yaz/mission_impossible_dead_reckoning_seemed_to_have/,Barbie,Barbie
15k45d2,boxoffice,Fun Fact: Barbenheimer almost didn’t happen.,"Barbie originally wasn’t going to have it’s July 21st, 2023 date. Instead, Coyote Vs ACME was originally going to. Coyote Vs ACME is a Live-Action/Animated hybrid Loony Tunes movie based on a [New Yorker article about Wil E. Coyote suing ACME.](https://www.newyorker.com/magazine/1990/02/26/coyote-v-acme) The movie is now undated, but I think it’ll probably release sometime next year. 

It goes without saying that the double feature meme helped both Barbie and Oppenheimer. I think WB was smart to move Coyote Vs ACME, as there was gonna be some audience overlap with TMNT, not to mention that they replaced it with a billion dollar film. It’s funny to think that in some alternate reality this whole meme never happened and both Barbie and Oppenheimer made less money (especially the latter). Or who knows. Maybe in that alternate reality Coyoteheimer was a thing. ",2023-08-06T23:33:32,23,6,https://www.reddit.com/r/boxoffice/comments/15k45d2/fun_fact_barbenheimer_almost_didnt_happen/,Barbie,Barbie
16des6b,boxoffice,"In China Oppenheimer grossed $2.13M(-54%)/$39.70M on its 2nd Friday vs MI7 ($1M), TF ($2.5M), GOTG3 ($3.9M). 2nd weekend projections incresed to $9.4M(-56%). Retakes first from No More Bets which added $2.11M(-45%)/$510M. Creation Of The Gods in 3rd adds $0.93M(-27%)/$352.5M. Gran Turismo hits $1.5M","---
#Daily Box Office (September 8th 2023)

Oppenheimer takes back first but it comes down the the wire. 

**Dust To Dust:** Oppenheimers biggest competition this upcoming weekend continues its very limited pre-screenings adding another $50k. It currently has $1.68M in pre-sales for its opening day on Saturday. Its projected to open with $5.5M on Saturday into a $3.6M Sunday which for now would be enough to win both those days but fall behind Oppenheimer for the 3 day FRI-SUN.



|# | Movie |Gross|%YD| %LW|Screenings|Admisions(Today)|Total Gross|Projected Total Gross|
:----------- |:-----------|:-----------:|:-----------:|:-----------:|:-----------:|:-----------:|:-----------:|:-----------:|
1| Oppenheimer                |$2.13M |+56%   |-54% |55083 |0.37M |$39.70M  |$57M
2| No More Bets               |$2.11M |+35%   |-45% |81989 |0.38M |$510.00M |$521M
3| Creation Of The Gods       |$0.93M |+37%   |-27% |36392 |0.16M |$352.53M |$359M
4| Papa                       |$0.91M |+102%  |-37% |40589 |0.16M |$78.36M  |$85M
5| The Woman In The Storm     |$0.38M |+20%   |-19% |22548 |0.07M |$23.05M  |$25M
6| MEG 2: THE TRENCH          |$0.19M |+27%   |-23% |11986 |0.03M |$116.47M |$117M
7| Riples of Life (Release)   |$0.14M |/      |/    |11206 |0.02M |$0.16M   |$2.8M
8| Gran Turismo               |$0.09M |+14%   |-73% |7038  |0.02M |$1.50M   |$2M
9| One And Only               |$0.08M |+34%   |-38% |4526  |0.01M |$125.13M |$126M
10| Heart's Motive            |$0.07M |-12%   |-46% |7022  |0.01M |$7.36M   |$8M
11| 30,000 Miles From Chang’an|$0.06M |+50%   |-40% |3864  |0.01M |$249.73M |$251M
12| Dust To Dust(pre-screenings)|$0.05M|-15%  |/    |22    |0.001M|$0.28M   |$28M  
*YD=Yesterday, LW=Last Week

---

###**Oppenheimer**

Better today although still an over 50% drop from last week. Projections up again to $9.4M from $9.1M yesterday. A 56% drop from last weekend. Tomorrow its getting hit rather hard screenings wise droping from a 17%+ share to only 8.6% as 3 new releases take over 200k screenings.

https://i.imgur.com/95K37KC.png

Tomorrow it should overtake MI7 for the first times in their runs.

WoM remains very strong with a 9.5 on Maoyan and an 8.8 on Douban. Down from 8.9 yesterday but still excelent.

Oppehneimer once again won all the big cities except Chongqing which again predictably went to No More Bets. As for cities in general nothing changes with it winning T1 and T2 and losing T3 and T4 cities. A trend that now seems set in stone.

And here's how the region map shapped up today.

https://i.imgur.com/bns0OGF.png

Oppenheimer claws back 1 province in the south.

|#|WED|THU |FRI |SAT|SUN|MON|TUE|Total
:-----------:|:-----------:|:------------:|:------------:|:------------:|:------------:|:------------:|:------------:|:------------:|:------------:|
First Week|$5.23M|$4.05M|$4.54M|$9.32M|$7.42M|$2.21M|$1.85M|$34.62M 			
Second Week|$1.58M|$1.37M|/|/|/|/|/|$39.70M		
|%± LW|-69%|-67%|/|/|/|/|/|/|

**Scheduled showings update for Oppehheimer for the next few days:**

|Day |  Number of Showings |Presales|Projection
:----------- |:-----------:|:-----------:|:-----------:|
Today|55645|$503k|$2.12M
Saturday|33339|$1.24M|$3.83M
Sunday|26492|$380k|$3.44M
---

###**No More Bets**

Slips behind Oppenheimer as expected although not without a fight beating its projections and coming very close to Oppenheimer. It also records its first sub 50% drop since Saturday. Just as Oppenheimer this will also lose screenings tomorrow.

After adding another 380k admits today its now 2.42M admits behind Ful River Red which is the highest grossing and viewed movie of the year.

Weekend projections down a bit from $7.7M to $7.2M(-53%). 

|#|SAT |SUN |MON|TUE|WED|THU|FRI|Total
:-----------:|:-----------:|:------------:|:------------:|:------------:|:------------:|:------------:|:------------:|:------------:|:------------:|		
Fourth Week|$12.78M|$11.20M|$5.88M|$5.53M|$4.65M|$4.34M|$3.90M|$489.61M	
Fifth Week|$6.57M|$4.88M|$1.87M|$1.75M|$1.64M|$1.56M|$2.11M|$510.00M		
|%± LW|-48%|-56%|-68%|-68%|-65%|-64%|-45%|/|

**Scheduled showings update for No More Bets for the next few days:**

|Day |  Number of Showings |Presales|Projection
:----------- |:-----------:|:-----------:|:-----------:|
Today |82229|$196k|$2.02M
Saturday |51932|$289k|$2.72M
Sunday|36831|$48k|$2.45M
---

###**Creation Of The Gods**

An excelent sub 30% drop from last week.

Weekend projections also decresed a bit with the expectations of a lower Saturday. Now lookign at $3.39M(-45%).

|#|THU|FRI |SAT |SUN|MON|TUE|WED|Total
:-----------:|:-----------:|:------------:|:------------:|:------------:|:------------:|:------------:|:------------:|:------------:|:------------:|			
Seventh Week|$1.25M|$1.28M|$2.68M|$2.17M|$0.79M|$0.75M|$0.72M|$350.92M		
Eight Week|$0.68M|$0.93M|/|/|/|/|/|$352.53M		
|%± LW|-45%|-27%|/|/|/|/|/|/|
**Scheduled showings update for Creation Of The Gods for the next few days:**

|Day |  Number of Showings |Presales|Projection
:----------- |:-----------:|:-----------:|:-----------:|   
Today|36370|$116k|$917k
Saturday|18699|$195k|$1.29M
Sunday|14797|$57k|$1.16M
---

###**Other stuff:**

Next big few holywood releases are. Well there aint any really. There's Haunting in Venice but thats unlikely to make an impact. Next wave of releases probably hits in November when Marvels and Hunger Games come out. Between now and then Local movies will once again take or better said keep the spotlight through the Holiday Period at the end of September start of October.

**Blue Beetle** 

Still no word on a China release for this. At this point its probably not coming. 

**Gran Turismo**

With another 94k on Thursday GT climbs to $1.50M total

**The Ex-Files 4** 1.302M(+17k)

Excedes 1.3M on the Want To See metric. The 6th highest in history. This is no guarantee for a high gross though especialy if WoM is terrible. Case in point. Wonder Family just earlier in the summer passed 1M in the metric only to crash and burn with less than $50M.",2023-09-08T16:14:03,43,5,https://www.reddit.com/r/boxoffice/comments/16des6b/in_china_oppenheimer_grossed_213m543970m_on_its/,Mission: Impossible – Dead Reckoning Part One,Mission: Impossible – Dead Reckoning Part One
15o5w28,boxoffice,"How much money would a movie make, if all you knew about the movie was that it was made by Christopher Nolan?","No other info, no cast, no story, no trailer. A poster that says ""A film by Christopher Nolan"" with the release date. 

We all know the only reason Barbenheimer is even a thing is because of Christopher Nolan. If Nolan wasn't attached to Oppenheimer, Barbenheimer wouldn't even be a meme. and Oppenheimer would have made 116 million at the box-office.

Edit: I'm getting rid of my reddit coins too.",2023-08-11T11:06:40,10,40,https://www.reddit.com/r/boxoffice/comments/15o5w28/how_much_money_would_a_movie_make_if_all_you_knew/,Oppenheimer,"Barbie, Oppenheimer"
16lf66e,boxoffice,Barbenheimer has outgrossed The Force Awakens domestic run.,With Barbie grossing $3.9M and Oppenheimer grossing $2.1M this weekend. Barbenheimer is at $938M DOM today outgrossing The Force Awakens Domestic run.,2023-09-17T23:10:04,505,235,https://www.reddit.com/r/boxoffice/comments/16lf66e/barbenheimer_has_outgrossed_the_force_awakens/,Barbie,Barbie
15w6y0m,boxoffice,U.K. Box Office for Saturday August 19th. Barbie (£960k) / Oppenheimer (£767k) / Blue Beetle (£415k) / Strays (£188k),,2023-08-20T09:33:00,31,14,https://i.redd.it/lop7wceri8jb1.jpg,Mission: Impossible – Dead Reckoning Part One,Mission: Impossible – Dead Reckoning Part One
15syfhg,boxoffice,‘Oppenheimer’ Korea Debut Is Christopher Nolan’s Biggest Opening Day In Market,,2023-08-16T18:50:16,137,11,https://deadline.com/2023/08/oppenheimer-korea-box-office-1235520844/,Oppenheimer,Oppenheimer
1595x8m,movies,Sony Pictures Animation's release strategy = good or bad?,"Sorry if this is the wrong subreddit to post in.

Before the 2020s and COVID, every film created by Sony Pictures Animation was released by Columbia Pictures/Sony Pictures Releasing in theaters (excluding the DVD films, but also released by Sony). However, that was soon to change fast.

In 2020, Sony decided to delay the release of Connected (now The Mitchells vs. The Machines) indefinitely due to the COVID-19 pandemic that forced theaters shut. However, at the start of 2021, Sony moved the film to Netflix, where it was released in April. But that was just the start of what was to come. 

On the same day TMVTM was being moved,  the film ""Wish Dragon"" was moved to Netflix as well for the same reason, and released in June. Vivo was also moved to Netflix a few months later, and released in August. Yes, I know you will say it is purely because of COVID, but it then goes on from there.

The film Hotel Transylvania: Transformia was going to be the first film released in theaters from the studio in December, but in September the theatrical plans were cancelled because of the Delta variant of COVID-19, and then sold to Amazon for $100 Million USD. This was thought to be the end of it but no.

The upcoming film ""K-Pop Demon Hunters"" was speculated to be moved to Netflix in 2022 after filings with Netflix similar to what happened to the movie Nimona (released on Netflix in 2023) were discovered. It was eventually confirmed for Netflix in 2023 and will be released after Fixed/Beyond the Spider-Verse.

Fixed is a bit different. It is expected to be released in theaters according to Genndy Tartakovsky and an animator on the film, but in a interview, Genndy said ""What's interesting is that we're doing it at Sony Animation Studios but it's actually for New Line."" New Line films are distributed by Warner Bros, a major competitor of Sony. Media such as Cartoonbrew and ToonHive also say the film will be distributed by Warner Bros.

Meanwhile, Across the Spider-Verse and Beyond the Spider-Verse were spared from being moved to another studio like the other 6 films. This would most likely be due to the Sony/Marvel deal that was made before.

Overall, it basically means 3/4 of films by the studio was released by an outside company. Do I think it is a smart idea? I would say Yes. It means that SPA can become a content farm for 3rd party companies, similar to how Sony is releasing their films after the theatrical release on Netflix/Disney+ instead of their own streaming service.

What do you think?",2023-07-25T11:34:54,0,0,https://www.reddit.com/r/movies/comments/1595x8m/sony_pictures_animations_release_strategy_good_or/,Spider-Man: Across the Spider-Verse,Spider-Man: Across the Spider-Verse
15jtg9t,boxoffice,In China No More Bets wins the weekend after a huge $30M Sunday which takes its 2 day gross to $54.17M. MEG 2: THE TRENCH has to settle for 2nd after slipping another -17% on Sunday taking the weekend to $52.98M. Creation Of The Gods slips to 3rd in its 3rd weekend after grossing $37.34M(-35%)/$242M,"#Weekend Box Office (August 4th-6th 2023)

Meg 2 opens above the first movie but it can't hold out againt No More Bets which earns a very good 54M across its 2 day of pre-screenigs that are really just a full release lets be honest. Creation of the Gods holds decently against the 2 openers as does One and Only to a lesser degree. Everything else does not.

|# | Movie                 |Gross| %LW|Total Gross| Weekends
:----------- |:-----------|:-----------:|:-----------:|:-----------:|:-----------:|:-----------:|:-----------:|:-----------:|:-----------:|:-----------:
1| No More Bets (release)                |$54.17M          |/      |$54.17    |1
2| Meg 2    (release)                    |$52.98M          |/      |$52.98    |1
3| Creation Of The Gods Part I  |$37.34M          |-35%   |$242.18M  |3
4| One and Only        |$19.09M          |-46%   |$99.51M   |2
5| 30,000 Miles From Chang’an   |$7.89M           |-65%   |$227.59M  |5
6| Never Say Never              |$3.90M           |-67%   |$293.89M  |7
7| Barbie                       |$2.12M           |-71%   |$31.42M   |5
8| Oh My School                 |$1.76M           |-51%   |$46.13M   |5
9| MI7:Dead Reckoning           |$0.53M           |-76%   |$47.68M   |4 
10| Lost In The Stars           |$0.44M           |-70%   |$485.73M  |7 




---
#Daily Box Office (August 6th 2023)

No More Bets scores massive 30M+ Sunday in its 2nd day of release. Enough to take the weekend over Meg 2 which does alright on Sunday managing to defy expectations and stay in 2nd ahead of Creation Of The Gods. That probably ends tomorrow though.

|# | Movie                 |Gross|%YD| %LW|Screenings|Admisions(Today)|Total Gross|Projected Total Gross|
:----------- |:-----------|:-----------:|:-----------:|:-----------:|:-----------:|:-----------:|:-----------:|:-----------:|
1| No More Bets               |$30.22M |+25%  |/    |82867 |5.1M  |$54.17M  |/
1| MEG 2: THE TRENCH          |$14.83M |-17%  |/    |99869 |2.4M  |$52.98M  |$140M
2| Creation Of The Gods       |$13.82M |+54%  |-35% |76656 |2.2M  |$242.18M |$337M
3| One And Only               |$5.67M  |-25%  |-55% |49353 |0.97M |$99.51M  |$154M
4| 30,000 Miles From Chang’an |$3.17M  |+11%  |-63% |21278 |0.55M |$227.59M |$248M
5| Never Say Never            |$1.55M  |+27%  |-69% |17142 |0.27M |$293.89M |$307M
6| Barbie                     |$0.80M  |+7%   |-69% |9226  |0.15M |$31.42M  |$34M
7| Oh my School               |$0.79M  |+35%  |-49% |10976 |0.14M |$46.13M  |$52M
9| MI7:Dead Reckoning         |$0.22M  |+15%  |-77% |1778  |0.04M |$47.68M  |$49M
8| Lost In The Stars          |$0.17M  |+21%  |-75% |3543  |0.03M |$485.73M |$491M 

*YD=Yesterday, LW=Last Week

---

###**No More Bets**

No More Bets as already said a really great first 2 days in release. The only question remains how much demand is being burned through here. Its gonna keep having pre-screenings through the whole week. before its technical release on Friday. Will be interesting how that weekend plays out.

|#|FRI|SAT |SUN |MON|TUE|WED|THU|Total
:-----------:|:-----------:|:------------:|:------------:|:------------:|:------------:|:------------:|:------------:|:------------:|:------------:|
First Week|$23.95M|$30.22M|/|/|/|/|/|$54.17M

**Scheduled showings update for No More Bets for the next few days:**

|Day |  Number of Showings |Presales|Projection
:----------- |:-----------:|:-----------:|:-----------:|
Today|80787|$5.62M|$29.15M
Monday|86617|$2.35M|$16.60M
Tuesday|55751|$285k|$15.48M

###**Meg 2**

Opens higher than the first movien by a fraction but probably won't have the same legs to match with projections for now howering around $140M

Reception very mediocre with a 9.1 on Maoyan and Douban already slipping from 6.1 to 5.9 since yesterday.

|#|FRI|SAT |SUN |MON|TUE|WED|THU|Total
:-----------:|:-----------:|:------------:|:------------:|:------------:|:------------:|:------------:|:------------:|:------------:|:------------:|
First Week|$20.32M|$17.83M|$14.83M|/|/|/|/|$52.98M

**Scheduled showings update for The Meg 2 for the next few days:**

|Day |  Number of Showings |Presales|Projection
:----------- |:-----------:|:-----------:|:-----------:|
Today|100835|$2.98M|$12.50M
Monday|84750|$603k|$5.78M
Tuesday|49695|$56k|$5.32M
---
###**Barbie**

Barbie is one of the victims of the new releases here. A pretty hefty 70%+ drop from last weekend. Has about maybe $3-5M left in the tank. 


|#|FRI|SAT |SUN |MON|TUE|WED|THU|Total
:-----------:|:-----------:|:------------:|:------------:|:------------:|:------------:|:------------:|:------------:|:------------:|:------------:|
Second Week|$1.84M|$2.83M|$2.56M|$1.27M|$1.11M|$1.03M|$0.95M|$29.30M
Third Week|$0.57M|$0.75M|$0.80M|/|/|/|/|$31.42M		
|%± LW|-69%|-73%|-69%|/|/|/|/|/|

**Scheduled showings update for Barbie for the next few days:**

|Day |  Number of Showings |Presales|Projection
:----------- |:-----------:|:-----------:|:-----------:|
Today|9019|$334k|$841k
Monday|9650|$119k|$397k
Tuesday|5724|$16k|$357k

---
###**Creation Of The Gods**

Creation manages to hold the best against the new competition still being powered ahead by great WoM which has been holding since release. Only a 35% drop from last weekend.

Reception remains very strong as it holds the 9.4 Maoyan and amazingly enough jumps from 7.7 to 7.8 on Douban even while 2 weeks deep into its run. 

|#|THU|FRI |SAT |SUN|MON|TUE|WED|Total
:-----------:|:-----------:|:------------:|:------------:|:------------:|:------------:|:------------:|:------------:|:------------:|:------------:|
Second Week|$10.66M|$13.02M|$22.43M|$21.82M|$11.07M|$10.57M|$9.63M|$185.48M
Third Week|$8.27M|$9.27M|$14.55M|$13.82M|/|/|/|$242.18M		
|%± LW|-22%|-28%|-35%|-35%|/|/|/|/|
**Scheduled showings update for Creation Of The Gods for the next few days:**

|Day |  Number of Showings |Presales|Projection
:----------- |:-----------:|:-----------:|:-----------:|   
Today|75059|$3.02M|$14.36M
Monday|69014|$783k|$6.97M
Tuesday|41095|$85k|$6.41M
---

###**One and Only**

One and Only the 2nd best hold in the top 10 but is slowly slipping. Still on track for now to become Wang Yibo's highest grossing movie.

|#|FRI|SAT |SUN |MON|TUE|WED|THU|Total
:-----------:|:-----------:|:------------:|:------------:|:------------:|:------------:|:------------:|:------------:|:------------:|:------------:|
First Week|$10.43M|$12.62M|$12.46M|$7.33M|$7.08M|$6.58M|$6.08M|$80.42M
Second Week|$5.92M|$7.50M|$5.67M|/|/|/|/|$99.51M		
|%± LW|-43%|-40%|-55%|/|/|/|/|/|

**Scheduled showings update for One and Only for the next few days:**

|Day |  Number of Showings |Presales|Projection
:----------- |:-----------:|:-----------:|:-----------:|     
Today|49522|$1.52M|$6.00M
Monday|46068|$357k|$2.73M
Tuesday|26521|$65k|$2.56M
---
###**Mission Impossible Dead Reckoning**

Really crawling at this point with very little left in the tank. $50M impossible.

|#|FRI|SAT |SUN |MON|TUE|WED|THU|Total
:-----------:|:-----------:|:------------:|:------------:|:------------:|:------------:|:------------:|:------------:|:------------:|:------------:|
Third Week|$0.43M|$0.85M|$0.94M|$0.37M|$0.33M|$0.31M|$0.31M|$47.15M
Second Week|$0.12M|$0.19M|$0.22M|/|/|/|/|$47.68M		
|%± LW|-72%|-77%|-77%|/|/|/|/|/|

**Scheduled showings update for Dead Reckoning for the next few days:**

|Day |  Number of Showings |Presales|Projection
:----------- |:-----------:|:-----------:|:-----------:| 
Today|1776|$76k|$213k
Monday|2097|$16k|$98k
Tuesday|1294|$3k|$91k

---
###**Other stuff:**

Next big few holywood releases are Oppenheimer on the 30th of August and Gran Turismo on the 1st September. Some WTS(Want To See Numbers) for those movies as well as some comparisons to how other revelant movies in a comparable number of days till release. Note these are not pre-sales. This is just a checkbox on Maoyan saying that your interested in the movie. The pre-sales are only ever in tables.

**Gran Turismo** 32k(+1k)

Delayed to September 1st.

**Oppenheimer** $174k(+6k)

Officialy confirmed to relese on the 30th August.",2023-08-06T16:13:20,32,6,https://www.reddit.com/r/boxoffice/comments/15jtg9t/in_china_no_more_bets_wins_the_weekend_after_a/,Mission: Impossible – Dead Reckoning Part One,Mission: Impossible – Dead Reckoning Part One
167t8n7,boxoffice,August 2023 Studio Box Office Breakdown: Barbenheimer Leads The Month Again as TMNT makes 100M Amidst Overall Solid Month," After one of the biggest July's of all time, August has simmered down from that fervent high but still pulled in an overall good-great 811.9M; representing a phenomenal 73.9% increase from August 2022 and nearly matching 2019's 837.6M gross. Time to break down the month and see the standouts amongst the studios after this turbulent month! As per usual, here are the top 10 for the month

1. Barbie (WB)-  232.4M
2. Oppenheimer (UNI)- 121.6M
3. Teenage Mutant Ninja Turtles: Mutant Mayhem (PAR)- 101.7M
4. The Meg 2: The Trench (WB)- 75.5M
5. Blue Beetle (WB)- 49.3M
6. Haunted Mansion (DIS)- 36.3M
7. Talk to Me (A24)- 30.5M
8. Sound of Freedom (ANGEL)- 29.7M
9. Mission: Impossible- Dead Reckoning Part One (PAR)- 28.3M
10. Gran Turismo (SONY)- 22.1M

**August in Review**

The month kicked off strong with the continued staying power of Barbie and Oppenheimer which led perfectly into the decent OW's of TMNT and Meg 2 to further launch the month to a strong first half. Upon the debut of Demeter though, the month started to falter outside of the  top 4 with Blue Beetle failing to garner any interest from moviegoers and Gran Turismo having a solid debut (juiced up by two weeks of early screening) but will still struggle to breakeven theatrically even with good WOM. The month finished with 811.9M, representing the 16^(th) biggest August off all time, but this was assisted big time by Barbie which comprised 28.6% of the month; the single biggest share for a film in August this century beating out 2016. Overall though, August 2023 proved to be quite solid even amidst the WGA and SAG strikes. Now as for the studios, let's see how they're faring

**WB**

 WB leads another month thanks once more to Barbie, which surpassed The Dark Knight and Harry Potter and the Deathly Hallows Part 2 to become WB's biggest movie DOM and WW, respectively. Overall though, WB collected 357.4M for the month with help from The Meg 2 and Blue Beetle alongside Barbie. For the year, WB sits at 997.3M with a billion on sight at the start of Labor Day weekend, which means that WB has already beaten 2022 in it's entirety and will only continue to grow with an overall strong slate for the remainder of the year barring more strike related delays like with Dune Part 2. Looking at the month in depth for them, Meg 2 managed to avoid an outright embarrassing performance following weak presales and mixed WOM, whereas the same could not be said about Blue Beetle. Despite receiving positive reviews from critics, audiences weren't buying it and Blue Beetle failed to even match the OW of Shazam! 2. If it wasn't for National Cinema Day, Blue Beetle would have likely suffered the same steep 2^(nd) weekend drop that all recent DCEU films have had. Now, all eyes are on Aquaman and the Lost Kingdom to close out the DCEU on some high note before James Gunn reboots the franchise in 2025. WB currently sits 3^(rd) amongst the studios

**Universal**

 Rising to 2^(nd) place from last month we see Universal with a strong 156.4M, dominated by Oppenheimer once more. Universal has set a few milestones with Oppenheimer including but not limited to: 2^(nd) highest grossing R-rated film WW, Biggest non-Batman film for Nolan, Biggest R-rated film for Universal and 2^(nd) biggest R-rated film released in the summer domestically. Universal still leads the studios with 1.427B, already only \~130M behind 2022's entire gross and this already represents Universal's 5^(th) biggest year ever with still 4 more major releases left to go. But everything isn't so peachy since Universal's B-movie experiments have stumbled badly with the terrible performances of Strays and Last Voyage of the Demeter while Jurassic Park's 4^(th) re-release generated okay numbers for what is a 30 year old film being released again. Universal is now patiently waiting for The Exorcist: Believer to release and hopefully not get exorcized by the Swifties come October

**Paramount**

 In 3^(rd) place we find Paramount with 130.7M for the month, led by TMNT. The new installment in the Turtles franchise has been pulling fairly decent numbers domestically but has failed to really catch on overseas. But with several major markets still to come, I'll hold off judgement on it's performance but stateside it should be set for the follow-up series and film sequel Paramount announced. For the year, Paramount sits at 689.9M and in 5^(th) place amongst the studios. They are still lagging behind last year due to not having a Top Gun: Maverick level performer, but they are on track to finish above their pre-pandemic batting average of 500M-800M. For the year as of now though, Paramount is struggling to get a lot of very successful films due to poor release dates and their woes could continue if Killers of the Flower Moon gets murdered by Taylor Swift in October and Paw Patrol also fails to capture more of the    pre-K crowd.

**Disney**

 In 4^(th) we find the Mouse House with just 50M for the month, led largely by July holdover Haunted Mansion. Nothing noteworthy to report aside from Disney having multiple verticals of theirs struggling to turn in the big bucks like they used to. Disney remains 2^(nd) place amongst the studios with 1.276B and is on track to easily outgross last year since they still have The Marvels and Wish approaching. Disney will fade out from these reports for a while till November when The Marvels releases

**A24**

 In 5^(th) we find A24 with 31M for August, essentially all of it from Talk to Me. Some notes about Talk to Me is that it's on track to surpass Hereditary and become A24's 4^(th) highest grossing movie ever. It may even pass Lady Bird for 3^(rd) place, but that remains to be seen. A24 entered the top 10 studios for the year and has made 86.9M, already their 5^(th) best year ever with still some runway to climb further before years end. They have no wide releases left as of right now.

**Angel Studios and Sony**

 In 6^(th) and 7^(th) we find Angel Studios and Sony with 29.7M and 29.1M, respectively. Nothing new to report on Angel Studios aside from the massive success of Sound of Freedom. They currently sit in 8^(th) place amongst the studios with 193.1M. They just recently dated a new film for December. Sony's August was led largely by the debut week of Gran Turismo and it has shown a continued issue with Sony outside of Spiderverse. They keep releasing films with solid debuts heavily impacted by a somewhat large budget, look no further than 65, No Hard Feelings and A Man Called Otto. They sank to 4^(th) amongst the studios with 730.2M. They are still largely on track to beat last years haul of 863.2M due to films like The Equalizer 3 and Napoleon.

**Overall Studio Top 10 for 2023**

1. Universal- 1.427B\* (-)
2. Disney- 1.276B\*\* (-)
3. Warner Bros- 997.3M (+1)
4. Sony- 730.2M (-1)
5. Paramount- 689.7M (-)
6. Lionsgate- 341.7M (-)
7. 20^(th) Century- 326.3M (-)
8. Angel Studios- 193.1M (+1)
9. United Artists- 163.7M (-1)
10. A24- 86.9M (NEW)

Dropped out since July: Focus Features

\* #1 by virtue of Disney and 20th Century being split up 

\*\*separated out 20th Century and Disney just to show their individual grosses, otherwise they can merged together and claim #1 

 All numbers are from The Numbers and BOM from September 1/2 upon release of the August 31st numbers unless otherwise stated

**Looking Ahead to September**

 September is so far showing very strong potential to nearly double last year's puny haul of 323.1M owing to a far stronger slate starting with Denzel Washington's latest film, The Equalizer 3; Which as of this writing has posted 3.8M in previews and is estimated to hit 30M-35M for the 3-day OW. This is then followed up with the latest installment of The Conjuring Universe, The Nun 2. This long delayed follow up is currently pacing for a 35M-45M OW which would be impressive given the poor audience reception to the first film. Another threequel also debuts this month with A Haunting in Venice, the 3^(rd) installment in the Hercule Poirot stories from Agatha Christie. Then Expend4bles debuts and hopes to have at least an okay debut; But given the trajectory this franchise has taken, that seems unlikely. And finally, the month ends with a 3-way showdown between Saw X, Paw Patrol: The Mighty Movie and The Creator as they all hope to rake in as much cash as possible before Taylor Swift sets the Box office ablaze in October. September 2023 may stand a legitimate shot at challenging 2017 for the biggest September of all time if things pan out well.

&amp;#x200B;

|September 1^(st)|The Equalizer 3, Bottoms|
|:-|:-|
|September 8^(th)|The Nun 2, My Big Fat Greek Wedding 3|
|September 15^(th)|A Haunting in Venice|
|September 22^(nd)|Expend4bles, Barbie IMAX|
|September 29^(th)|Saw X, The Creator, Paw Patrol: The Mighty Movie|

**Closing Remarks**

 Phew! Thank you for reading if you still are, and I hope you enjoyed my breakdown of August 2023. I will not be doing a mid-month breakdown for September due to wanting to have more in-depth analysis and the mid-month breakdown kind of messes with that flow. Though I may do one for October due to Taylor Swift: The Eras Tour. 

Here are my July and August mid-month breakdowns if you want to see them!

 July 2023 [https://www.reddit.com/r/boxoffice/comments/15gf5o0/july\_studio\_boxoffice\_share\_breakdown\_barbie/](https://www.reddit.com/r/boxoffice/comments/15gf5o0/july_studio_boxoffice_share_breakdown_barbie/)

August Mid-Month [https://www.reddit.com/r/boxoffice/comments/15t8eab/august\_2023\_midmonth\_studio\_breakdown\_barbie/](https://www.reddit.com/r/boxoffice/comments/15t8eab/august_2023_midmonth_studio_breakdown_barbie/)",2023-09-02T04:48:25,18,1,https://www.reddit.com/r/boxoffice/comments/167t8n7/august_2023_studio_box_office_breakdown/,Oppenheimer,"Barbie, Oppenheimer"
16tpuys,boxoffice,In China Dust To Dust wins the day with $0.89(-32%)/$58M The market braces itself for the holidays. Thursday will act as a preview day with the new movies starting screenings at 6PM led by The Ex-Files 4 which ammased $3.6M+ in PS and is aiming for $14M previews into a $31M Friday. $95M+ by Sunday,"---

#**Daily Box Office (September 27th 2023)**

Dust to Dust snatches its last day at the top. Also overtakes Oppenheimer in the process.  Behind the pre-screenings for Lose To Win take 2nd again ahead of Expendables 4. No More Bets, Oppenheimer and Creation Of The Gods follow and  all see upticks in gross.

Oppenheimer has only now managed to overtake Across the Spider-Verse in Admissions 9.96M vs 9.95M even though its already earned almost $10M more. The strenght of a higher ATP.

**Province map of the day:**

https://i.imgur.com/L2bosx6.png

Dust To Dust continues to control pretty much the whole country. Expendables makes due with Tibet. This is the last time we likely see either of these movies on a map though.

In Metropolitan cities nothing changes from yesterday as Dust to Dust enjoys its last sweep winning Shanghai, Beijing,  Shenzhen, Hangzhou, Suzhou, Guangzhou, Chengdu, Wuhan, Chongqing and Nanjing

**As for City tiers:**

Not much changes for today except Oppenheimer sneaking back ahead of Lose To Win's pree-screenings in T1 cities. 

**Tier 1**: Dust To Dust&gt;Expend4bles&gt;Oppenheimer

**Tier 2**: Dust To Dust&gt;Expend4bles&gt;Lose To Win

**Tier 3**: Dust To Dust&gt;Lose To Win&gt;Expend4bles

**Tier 4**: Dust To Dust&gt;Lose To Win&gt;Expend4bles

|# | Movie |Gross|%YD| %LW|Screenings|Admisions(Today)|Total Gross|Projected Total Gross|
:----------- |:-----------|:-----------:|:-----------:|:-----------:|:-----------:|:-----------:|:-----------:|:-----------:|
1|Dust To Dust                  |$0.89M |-2%  |-32% |74923 |0.16M |$58.75M  |$62.9M  
2|**Lose To Win**(pre-screenings)|$0.46M |/    |-50% |27403 |0.08M |$1.44M   |$55M  
3|Expend4bles                   |$0.43M |-6%  |-56% |67937 |0.09M |$20.50M  |$22.7M  
4|No More Bets                  |$0.34M |+7%  |-28% |36447 |0.06M |$528.06M |$529M
5|Oppenheimer                   |$0.22M |+16% |-29% |18996 |0.04M |$58.36M  |$61.1M
6|Creation Of The Gods          |$0.19M |+18% |-24% |19753 |0.03M |$361.95M |$363M
/|**The Ex-Files 4**            |       |     |     |      |      |         |$217M 
/|**Under The Light**           |       |     |     |      |      |         |$336M 
/|**The Volunteers: To the War**|       |     |     |      |      |         |$138M 
/|**Moscow Mission**            |       |     |     |      |      |         |$94-$136M 
/|**Backkom Bear: Mars Mission**|       |     |     |      |      |         |$10M 
/|**I Am Nezha 2**              |       |     |     |      |      |         |$4-7M 
/|**Paw Patrol 2: TMM**         |       |     |     |      |      |         |$16-41M 
/|**TLM and the Sea Monster**   |       |     |     |      |      |         |$1-4M  
/|**Kung Fu Tiger**             |       |     |     |      |      |         |$2-3M  
/|**Pil**                       |       |     |     |      |      |         |/


*YD=Yesterday, LW=Last Week

The Holiday release will be marked in bold.

---
###**The Ex-Files 4**

After becoming the 2nd most anticipated movie in history on Maoyans WTS chart. The Ex-Files 4 smashes past $3.6M pre-sales for its one could call it pre-view day. Shows will start at 6PM local time which is why the projections for tomorrow are only $14M then sharpy increasing on Friday.

The movie is projected to earn $98M by Sunday. $175M by the end of the Holiday week and $217M total. Do note that these are just the first projections and a prone to wild swings in the next few days depending on how the movies actually perform.

|# |THU|FRI |SAT |SUN|MON|TUE|WED|Total
:-----------:|:-----------:|:------------:|:------------:|:------------:|:------------:|:------------:|:------------:|:------------:|
First Week|/ |/| /|/|/|/|/|/|

**Scheduled showings update for The Ex-Files 4 for the next few days:**

|Day |  Number of Showings |Presales|Projection
:----------- |:-----------:|:-----------:|:-----------:|  
Today|/|/|/
Thursday|56536|$3.68M|$14M
Friday |102174|$1.18M|$31M
Saturday|54975|$258k|$27M
---

###**Under The Light**

This according to the projections will be the real star of the holidays starting of slower but making up ground fast to take the lead sometimes next week. 

Projections for tomorrow have it doing $10M. $83M through Sunday. Almost $200M by the end of the Holiday week which would already put it ahead of The Ex-Files 4 by that point. And $330M+ total.


|# |THU|FRI |SAT |SUN|MON|TUE|WED|Total
:-----------:|:-----------:|:------------:|:------------:|:------------:|:------------:|:------------:|:------------:|:------------:|
First Week|/ |/| /|/|/|/|/|/|

**Scheduled showings update for Under The Light for the next few days:**

|Day |  Number of Showings |Presales|Projection
:----------- |:-----------:|:-----------:|:-----------:|  
Today|/|/|/
Thursday|41722|$1.92M|$10M
Friday |73039|$883k|$24M
Saturday|39726|$273k|$23M

---

###**The Volunteers: To the War**

This i feel will be the biggest dissapointment of the Holidays. Directed by the same director that directed Battle at Lake Changjin which is still the highest grossing movie of all time and its sequel which made 550M+

Currently only projected a $7M preview day tomorrow into just $51M through Sunday and barelly $100M by the end of the Holiday week. Total projections only at around $138M.  


|# |THU|FRI |SAT |SUN|MON|TUE|WED|Total
:-----------:|:-----------:|:------------:|:------------:|:------------:|:------------:|:------------:|:------------:|:------------:|
First Week|/ |/| /|/|/|/|/|/|

**Scheduled showings update for The Volunteers: for the next few days:**

|Day |  Number of Showings |Presales|Projection
:----------- |:-----------:|:-----------:|:-----------:|  
Today|/|/|/
Thursday|48447|$1.38M|$7M
Friday |80035|$763k|$15M
Saturday|34370|$225k|$14M

---

###**Moscow Mission**

Doesn't open till the first full day on Friday and is projected an $11M opening day on Friday. No full run projections from Maoyan yet but 3rd party projections have it doing anywhere between $94-136M total.

|# |THU|FRI |SAT |SUN|MON|TUE|WED|Total
:-----------:|:-----------:|:------------:|:------------:|:------------:|:------------:|:------------:|:------------:|:------------:|
First Week|/ |/| /|/|/|/|/|/|

**Scheduled showings update for Moscow Mission: for the next few days:**

|Day |  Number of Showings |Presales|Projection
:----------- |:-----------:|:-----------:|:-----------:|  
Today|/|/|/
Thursday|6|$4k|/
Friday |47812|$1.32M|$11M
Saturday|20130|$209k|$10M
---

###**Paw Patrol 2: The Mighty Movie**

Holywood only real representation through the Holidays is shapping up to be a pretty decent hit. Could be surpasing Paw Patrol 1's total gross by Sunday or Monday at worst if projections hold.

|# |THU|FRI |SAT |SUN|MON|TUE|WED|Total
:-----------:|:-----------:|:------------:|:------------:|:------------:|:------------:|:------------:|:------------:|:------------:|
First Week|/ |/| /|/|/|/|/|/|

**Scheduled showings update for Paw Patrol 2: for the next few days:**

|Day |  Number of Showings |Presales|Projection
:----------- |:-----------:|:-----------:|:-----------:|  
Today|/|/|/
Thursday|2|$0k|/
Friday |/16940|$166k|$3.5M
Saturday|6929|$16k|$3.3M
---

#**Mid Autumn Festival/National Day Lineup:**

With the Holiday period fast approaching starting with the 3 day The Mid-Autumn Festival/Mooncake Festival on September 29th and connecting to the 7 day National Day/Golden Week starting on the 30th September China will have one of its lucrative periods for Box Office. Its not the strongest period for movies on the calendar mind you but it tends to produce at least 1 mid sized hit. Notably this period has produced the highest grossing movie of all time in China back in 2021 with the Battle At Lake Changjin.

For this year there's 11 movies scheduled. 6 animations, A Romance comedy alongside a Sports comedy, 2 Action crime dramas (A genre that has really been hot this year with No More Bets and Lost In The Stars and even Dust To Dust to an extent this month) and ofc a War movie.

Final Want To See metric chart before the releses start rolling. The Ex-Files easily tops it becoming the 2nd most anticipated movie in history  in this metric. Animations dissapoint 

|# | Movie |Want To See Number|Daily Increase| M/W Split|Most Popular Age Group|Genre|Release Date
:----------- |:-----------|:-----------:|:-----------:|:-----------:|:-----------:|:-----------:|:-----------:|:-----------:|
1|[The Ex-Files 4](https://vod.pipi.cn/fec9203cvodtransbj1251246104/17c98ef95576678021456771599/v.f42905.mp4)  |1864k|15k|43/57 |20-24(37.6%)|Romance/Comedy     |28.9   
2|[Under The Light](https://vod.pipi.cn/43903a81vodtransgzp1251246104/d6f564455576678021720277143/v.f42905.mp4)            |472k |10k|43/57 |20-24(28.1%)|Action/Crime/Drama |28.9  
3|[The Volunteers: To The War](https://vod.pipi.cn/fec9203cvodtransbj1251246104/ebca5d4e5576678021476597400/v.f42905.mp4)             |328k |6k |47/53 |20-24(25.6%)|History/War/Drama  |28.9   
4|[Moscow Mission](https://vod.pipi.cn/fec9203cvodtransbj1251246104/9ed5b21d5576678020020070854/v.f42905.mp4)             |271k |5k |44/56 |20-24(22.6%)|Action/Crime/Drama |29.9  
5|[I am Nezha 2: Hero Returns](https://vod.pipi.cn/fec9203cvodtransbj1251246104/7d50d0cf5576678020902270987/v.f42905.mp4) |182k |984 |35/65 |20-24(27.2%)|Fantasy/Animation  |29.9  
6|[Lose To Win](https://vod.pipi.cn/fec9203cvodtransbj1251246104/fbde42405576678021045017128/v.f42905.mp4)                |106k  |2k |39/61 |20-24(26.7%)|Drama/Comedy       |28.9 
7|[PAW Patrol: TMM](https://vod.pipi.cn/fec9203cvodtransbj1251246104/f40f9f975576678020999818332/v.f42905.mp4)            |74k  |2k |22/78 |30-34(39%)|Adventure/Animation|29.9
8|[The Little Mermaid](https://vod.pipi.cn/fec9203cvodtransbj1251246104/9ad6005d5576678020006323291/v.f42905.mp4)         |40k  |142|15/85 |30-34(32.4%)|Adventure/Animation|29.9 
9|[BACKKOM BEAR: MARS MISSON](https://vod.pipi.cn/fec9203cvodtransbj1251246104/493166935576678020854642676/v.f42905.mp4)  |46k  |1k |26/74 |30-34(21.4%)|Adventure/Animation|28.9
10|[Kung Fu Tiger](https://vod.pipi.cn/43903a81vodtransgzp1251246104/5acd22fc5576678020233048311/v.f42905.mp4)             |8k   |59|28/72 |30-34(26.8%)|Adventure/Animation|29.9  
11|[Pil's Adventure](https://vod.pipi.cn/fec9203cvodtransbj1251246104/8cb0fe255576678021128604309/v.f42905.mp4)           |2k  |157|18/82     |30-34(29.4%) |Adventure/Animation|29.9  

#**Pre-Sales:**

2 full days of pre-sales in The Ex-Files 4 comfortably scores the biggest OD pre-sales of all the movies. It has also currently ammased almost $5M in pre-sales for the whole Holiday perior.

Under The Light deceivingly in 2nd but acording to projections might end up being the real breakout of the holidays. 

Animations largely continue to dissapoint except Paw Patrol 2 which might end up doing pretty nice through the Holidays. Paw Patrol 1 earned just 11M in China which means we might almost definitely be in for a FIRST sequel from Holywood that will actually increase in China this year versus its predescesor.

All live action movies except Moscow Mission release on the 28th while all animations except BACKKOM BEAR: MARS MISSiON release on the 29th.

**Live Action**

|Days till release | The Ex-Files 4 | Under The Light |The Volunteers: To The War |Lose To Win|Moscow Mission
:----------- |:-----------:|:-----------:|:-----------:|:-----------:|:-----------:|:-----------:|:-----------:|  
3|/|/|/|/|$205/7245| 		
2|$5.4k/20032|$3.0k/14736|$3.6k/15057|$2.1k/4801|$583k/33170|
1|$1.64M/49055|$881k/36009|$647k/40799|$35k/11276|$1.32M/47819| 
0|$3.68M/56536|$1.92M/41729|$1.38M/48450|$111k/11437||	
*Gross/Screenings

**Animations**

|Days till release | I Am Nezha 2 | Paw Patrol 2 |BACKKOM BEAR: MARS MISSiON |Little Mermaid|	Kung Fu Tiger|Pil's Adventure
:----------- |:-----------:|:-----------:|:-----------:|:-----------:|:-----------:|:-----------:|:-----------:|
3|$2.2k/1637|$96/2820|/|$178/266|$1.1k/209|$10/34|		
2|$8k/3796|$67k/11442|$602/5243|$21k/1832|$1.2k/556|$342/75|
1|$20k/4869|$166k/16940|$16k/16708|$35k/2649|$3k/724|$711/97|
0|||$66k/22764||||
*Gross/Screenings

---

###**Other stuff:**

The next big few holywood release is Paw Patrol 2 on the 29th right smack bang in the middle of the Holiday local releases.

After that the next wave of releases probably hits in November when Marvels and Hunger Games come out. Between now and then Local movies will once again take or better said keep the spotlight through the Holiday Period at the end of September start of October.",2023-09-27T16:56:20,8,3,https://www.reddit.com/r/boxoffice/comments/16tpuys/in_china_dust_to_dust_wins_the_day_with_0893258m/,Spider-Man: Across the Spider-Verse,Spider-Man: Across the Spider-Verse
14yuj1f,movies,What are your favourite double feature movies to watch together?,"Besides just watching a movie and watching the sequel after, what double features do you like to do with different movies? Kind of like Barbenheimer going on right now, although those are just completely different movies linked together by their release date. I'm thinking about doing a double feature soon with Sunset Boulevard (1950) and La La Land (2016), since they're both kind of movies about the side of Hollywood you don't always see but with very different approaches.",2023-07-13T19:49:04,6,27,https://www.reddit.com/r/movies/comments/14yuj1f/what_are_your_favourite_double_feature_movies_to/,Barbie,Barbie
154xt5t,boxoffice,‘Oppenheimer’ Starts Overseas Rollout With Christopher Nolan Outdoing Himself – International Box Office,,2023-07-20T17:44:16,136,28,https://deadline.com/2023/07/barbie-oppenheimer-barbenheimer-christopher-nolan-cillian-murphy-margot-robbie-ryan-gosling-gloabl-international-box-office-1235443180/,Oppenheimer,Oppenheimer
15t8v86,movies,"Based on viewing an actor's 2 (or more) characters as the same, what (likely terrible) fan theory can you make, imagining unrelated films as sequels to one another?","This started because someone edited Ken from Barbie into Blade Runner 2049 &amp; a comment riffed on that idea connecting Agent K as Ken.

There's some that seem the intention of the creators, like Bond being left in the middle of the ocean in Dr. No, then The Rock stating his character had been imprisoned for 30 years after being taken in. If there's any more like that, feel free to add, but what are some obviously not-creator-intention'ed fan theories connecting movies for fun?

I.E. Matthew McConaughey &amp; Damon's characters from Interstellar actually being future versions of them from The Martian &amp; Contact. Or for a sillier one Ed Norton from Fight Club's condition developing into The Incredible Hulk. Obviously this works better if one of the characters is unnamed. I'd like to see someone connect Daniel Craig's unnamed character from Layer Cake to something.

Also if there' any non-actor ones, I've seen Taxi Driver &amp; The Dark Knight get fan theory'd together. That one works better if you ignore the other Nolan films.",2023-08-17T01:34:55,1,4,https://www.reddit.com/r/movies/comments/15t8v86/based_on_viewing_an_actors_2_or_more_characters/,Barbie,Barbie
15lefff,MovieDetails,In Spider-Man: Across The Spider-Verse (2023) there's a bus ticket in Miles's notebook. It's the same ticket they used in Spider-Man: Into the Spider-Verse (2018) for returning from Alchemax where Miles and Gwen have meet first time.,,2023-08-08T10:36:45,434,4,https://www.reddit.com/gallery/15lefff,Spider-Man: Across the Spider-Verse,Spider-Man: Across the Spider-Verse
1627we8,boxoffice,Japan box office (August 26),https://twitter.com/Franspeech/status/1695423830494155201?s=20,2023-08-26T21:53:41,46,6,https://i.redd.it/1wnqtfpd0jkb1.jpg,Mission: Impossible – Dead Reckoning Part One,Mission: Impossible – Dead Reckoning Part One
15ndnlu,movies,"Why ‘Barbie’'s Magic Isn't Easy To Recapture For Rest Of The Mattel Cinematic Universe -While sequel to $1 billion hit is long way off (if even possible), Warner is keeping the Mattel movie boom momentum going by pushing forward 'Hot Wheels' &amp; Hollywood questions which toys can actually become hits.",,2023-08-10T14:12:08,1480,693,https://www.hollywoodreporter.com/movies/movie-features/barbie-a-mattel-movie-boom-1235560147/,Barbie,Barbie
15dti95,boxoffice,Should MI7 should have taken ATSV route and limit the marketing of it being a “part 1”?,"

[View Poll](https://www.reddit.com/poll/15dti95)",2023-07-30T19:05:58,12,13,https://www.reddit.com/r/boxoffice/comments/15dti95/should_mi7_should_have_taken_atsv_route_and_limit/,Mission: Impossible – Dead Reckoning Part One,Mission: Impossible – Dead Reckoning Part One
13xth5n,movies,Why isn't there one place to see digital release dates of upcoming movies?,"Fast X is in threater, so is Guardians 3, so is SpiderVerse 2, so is Little Mermaid. When do these movies become available to watch in your home? Nobody knows.

Now I know the main reason. Studios aren't sure. You don't release it digitally if it's selling tickets. And they don't know what it'll sell next week. And when they do know, they still keep it a secret. Would you go to the theater for Fast X today if you knew it'd be on itunes in 51 days? what about 45? Someone is going to skip it and wait, but only if they know how long they're waiting.

So movies that are out today don't have digital release dates. Google any of them and you'll get 400 ""movie streaming date info"" results that give you 2 pages of useless information about the movie and finish the article with ""no release date has been announced"". I get that game as well.

But what about the months-old movies that are due any minute now? And why do movies announced release dates not line up with reality? Many movies announce ""Streaming May 1"" but Amazon rips are on pirate sites a week beforehand. Can no major site account for international releases being early, or is it always just a case of movies digitally leaking somehow?

Either way, every movie released for a year now has been ""Exclusively in theaters"", except for 20-80 days later when it's exclusive to nothing. But we're not supposed to know that. Streaming platforms have abandoned Netflix' TV strategy of dropping whole seasons at once, because they need weekly episodes to power their marketing machine of cliffhangers and posters for every episode. So why have zero warning when giant movies are going to be released?

Is there any sort of resource, trick, formula or workaround to figure out when I can pay to see the biggest movie of the year, without contracting the plague or sitting next to a crying baby? You'd think 2 years of Digital Only movies would have been enough time to get this sorted out.",2023-06-01T21:10:37,0,14,https://www.reddit.com/r/movies/comments/13xth5n/why_isnt_there_one_place_to_see_digital_release/,Spider-Man: Across the Spider-Verse,Spider-Man: Across the Spider-Verse
16svrq0,movies,What are the most thematically resonant and powerful movies of this decade so far?,"2020's have already brought us a plethora of movies with bold and elaborate themes.

But which ones have truly succeeded in their task?

My couple cents:

In 2023, I believe my Top 4 takes the cake: Babylon, Guardians of the Galaxy Vol.3, Oppenheimer and Barbie. Especially the latter, because it surprised on how balanced it was in its critiques, going heavy enough but not too heavy and offering a very empathetic and human glance at both males and females. The others expressed their themes through a larger number of characters better, though.

God's Crooked Lines, a 2022 Spanish psychological thriller brilliantly delves deep into the depths of human psyche and provides a fascinating exploration of how lines between truth and delusion are quickly thinned and blurred, especially in an unstable, fractured mind.

Beau Is Afraid tackles some very heavy themes, but does so in a wonderfully implicit manner, not spelling out many things one might pick up on through deeper analysis.

And finally, The Green Knight brings forth a very unique and captivating portrayal of an unworthy knight, asking questions about honor, responsibility, desire for glory, power and destiny.

What are YOUR thoughts?",2023-09-26T18:27:44,0,17,https://www.reddit.com/r/movies/comments/16svrq0/what_are_the_most_thematically_resonant_and/,Oppenheimer,"Barbie, Oppenheimer"
15y0e6g,boxoffice,I don't see how release schedule and competion is a major factor,"Hi, first time posting here. Good morning.

As titled, it's something I've wondered most of my life and been thinking abit more recently due to MI7's box-office shortfall. Wanna hear your thoughts and maybe learn a few things.

My reasons for thinking so are simple:

1. Movies are actually among the cheapest and least time consuming leisure activities we (regular folks who are not broke) do. A movie ticket is cheaper than a video game, a concert ticket, a date, and even a book. Moreover, watching a movie typically takes 3 hours max off your week, also less than the time you'd spend on any of the activities I listed. I can see why a movie may struggle when competing against recurrent events, like NBA/NFL playoffs, but I honestly do not see how you can't or won't watch movie A because you have watched B last week - unless you don't WANT to. 


2. In the same vein, what's making people not want to watch movies in, say, January? Yea, none. People, including students, regularly spend dozens of hours and 3-digit sums every month of the year to date, drink and play video games. I don't see the business sense behind the obsession over schedule and window - which, ironically, was what landed MI7 right beside Barbenheimer, although as mentioned I also don't believe in movie competition. 

So yea, not trying to argue anything or to be a smartass, just honestly not seeing a lot of the narratives thrown about when people and the media discuss box-office performance, especially in America. Happy to hear what you think. Thanks!",2023-08-22T09:18:29,0,42,https://www.reddit.com/r/boxoffice/comments/15y0e6g/i_dont_see_how_release_schedule_and_competion_is/,Barbie,"Barbie, Mission: Impossible – Dead Reckoning Part One"
140u117,boxoffice,Barbie will gross more than Oppenheimer,"Worldwide, Oppenheimer will most likely win. But domestic, Barbie will win. Nolan’s films never do that great domestically, but they do great overseas. I think Oppenheimer could maybe open bigger but Barbie will have better legs. What do you guys think? I am thinking 150m domestic for Oppenheimer and 225 domestic for Barbie.",2023-06-04T23:11:54,27,102,https://www.reddit.com/r/boxoffice/comments/140u117/barbie_will_gross_more_than_oppenheimer/,Oppenheimer,Oppenheimer
16ozwr1,boxoffice,"So, after MI:7's box office disappointment what will be the state for Dead reckoning part 2?","mission impossible dead reckoning part 1 had a pretty underwhelming run at the box office and the reasons have been varied, sound of freedom, barbenheimer, an unstable marketing start, and the part 1 in its title. have audiences lost interest in movies like these? will part 2 end up being the same? what could paramount do to increase box office?",2023-09-22T03:32:20,12,19,https://www.reddit.com/r/boxoffice/comments/16ozwr1/so_after_mi7s_box_office_disappointment_what_will/,Barbie,Barbie
13sw0ra,movies,If Best Picture was decided by Critics Polls (1940-2021),"Roughly 7 years ago u/TheGreatZiegfeld did an experiment of a post to determine what the best films of each year would be from 1940 to 2011 (before the 2012 S&amp;S polls).

With the recently updated TSPDT and the 2022 S&amp;S list, I decided to do the same from 1940 to 2021 regarding what critics thought were the best of each year.

Keep in mind this is all from a critics' poll, not from one specific critic's list. Also no short films or miniseries (meaning no Twin Peaks or Meshes of the Afternoon), as well as those from 2022 and beyond because of the last S&amp;S poll, so anything beyond 2021 is a mystery of where they stand in the film canon.

With all that in mind, let's begin.

**1940**

Winner: His Girl Friday (Howard Hawks)

Other nominees: The Great Dictator (Charlie Chaplin), The Grapes of Wrath (John Ford), The Shop Around The Corner (Ernst Lubitsch), The Philadelphia Story (George Cukor)

**1941**

Winner: Citizen Kane (Orson Welles)

Other nominees: The Lady Eve (Preston Sturges), Sullivan's Travels (Preston Sturges), The Maltese Falcon (John Houston), How Green Was My Valley (John Ford)

**1942**

Winner: Casablanca (Michael Curtiz)

Other nominees: The Magnificent Ambersons (Orson Welles), To Be Or Not To Be (Ernst Lubitsch), The Palm Springs Story (Preston Sturges), Cat People (Jacques Tourneur)

**1943**

Winner: The Life and Death of Colonel Blimp (Powell and Pressburger)

Other nominees: Day of Wrath (Carl Theodor Dreyer), Shadow of a Doubt (Alfred Hitchcock), I Walked with a Zombie (Jacques Tourneur), Ossessione (Luchino Visconti)

**1944**

Winner: Double Indemnity (Billy Wilder)

Other nominees: Ivan the Terrible, Part I (Sergei Eisenstein), Meet Me in St. Louis (Vincente Minnelli), A Canterbury Tale (Powell and Pressburger), To Have and Have Not (Howard Hawks)

**1945**

Winner: Children of Paradise (Marcel Carné)

Other nominees: Rome, Open City (Roberto Rossellini), Brief Encounter (David Lean), I Know Where I'm Going (Powell and Pressburger) Les Dames du bois de Boulogne (Robert Bresson)

**1946**

Winner: It's a Wonderful Life (Frank Capra)

Other nominees: A Matter of Life and Death (Powell and Pressburger), Notorious (Alfred Hitchcock), My Darling Clementine (John Ford), Paisan (Roberto Rossellini)

**1947**

Winner: Black Narcissus (Powell and Pressburger)

Other nominees: Out of the Past (Jacques Tourneur), Monsieur Verdoux (Charlie Chaplin), The Lady from Shanghai (Orson Welles), The Ghost and Mrs. Muir (Joseph L. Mankiewicz)

**1948**

Winner: Bicycle Thieves (Vittorio De Sica)

Other nominees: The Red Shoes (Powell and Pressburger), Letters from an Unknown Woman (Max Ophüls), Spring in a Small Town (Mu Fei), Germany Year Zero (Roberto Rossellini)

**1949**

Winner: The Third Man (Carol Reed)

Other nominees: Late Spring (Yasujirō Ozu), Kind Hearts and Coronets (Robert Hamer), She Wore a Yellow Ribbon (John Ford), White Heat (Raoul Walsh)

**1950**

Winner Rashomon (Akira Kurosawa)

Other nominees; Sunset Boulevard (Billy Wilder), All About Eve (Joseph L. Mankiewicz), Los Olvidados (Luis Buñuel), In a Lonely Place (Nicholas Ray)

**1951**

Winner: The River (Jean Renoir)

Other nominees: Diary of a Country Priest (Robert Bresson), Miracle in Milan (Vittorio De Sica), Early Summer (Yasujirō Ozu), Strangers on a Train (Alfred Hitchcock)

**1952**

Winner: Singin' in the Rain (Stanley Donen, Gene Kelly)

Other nominees: Ikiru (Akira Kurosawa), Umberto D. (Vittorio De Sica), The Life of Oharu (Kenji Mizoguchi), The Quiet Man (John Ford)

**1953**

Winner: Tokyo Story (Yasujirō Ozu)

Other nominees: Ugetsu (Kenji Mizoguchi), The Earrings of Madame de (Max Ophüls), The Band Wagon (Vincente Minnelli), Monsieur Hulot's Holiday (Jacques Tati)

**1954**

Winner: Seven Samurai (Akira Kurosawa)

Other nominees: Rear Window (Alfred Hitchcock), Journey to Italy (Roberto Rossellini), La Strada (Federico Fellini), Sansho the Bailiff (Kenji Mizoguchi)

**1955**

Winner: Ordet (Carl Theodor Dreyer)

Other nominees: The Night of the Hunter (Charles Laughton), Pather Panchali (Satyajit Ray), All That Heaven Allows (Douglas Kirk), Floating Clouds (Mikio Naruse)

**1956**

Winner: The Searchers (John Ford)

Other nominees: A Man Escaped (Robert Bresson), Written on the Wind (Douglas Sirk), Aparajito (Satyajit Ray), Bigger Than Life (Nicholas Ray)

**1957**

Winner: Wild Strawberries (Ingmar Bergman)

Other nominees: The Seventh Seal (Ingmar Bergman), Nights of Cabiria (Federico Fellini), Throne of Blood (Akira Kurosawa), Sweet Smell of Success (Alexander Mackendrick)

**1958**

Winner Vertigo (Alfred Hitchcock)

Other nominees: Touch of Evil (Orson Welles), Ashes and Diamonds (Andrzej Wajda), Ivan the Terrible, Part II (Sergei Eisenstein), The Music Room (Satyajit Ray)

**1959**

Winner: The 400 Blows (François Truffaut)

Other nominees: Some Like It Hot (Billy Wilder), North by Northwest (Alfred Hitchcock), Rio Bravo (Howard Hawks), Pickpocket (Robert Bresson)

**1960**

Winner: Breathless (Jean-Luc Godard)

Other nominees: Psycho (Alfred Hitchcock), La Dolce Vita (Federico Fellini), L'Avventura (Michelangelo Antonioni), The Apartment (Billy Wilder)

**1961**

Winner: Viridiana (Luis Buñuel)

Other nominees: Last Year at Marienbad (Alain Resnais), La Notte (Michelangelo Antonioni), West Side Story (Robert Wise, Jerome Robbins), Yojimbo (Akira Kurosawa)

**1962**

Winner: Lawrence of Arabia (David Lean)

Other nominees: The Man Who Shot Liberty Valance (John Ford), Jules and Jim (François Truffaut), Cléo from 5 to 7 (Agnes Varda), L'Eclisse (Michelangelo Antonioni)

**1963**

Winner 8 1/2 (Federico Fellini)

Other nominees: Le Mepris (Jean-Luc Godard), The Leopard (Luchino Visconti), The Birds (Alfred Hitchcock), The Executioner (Luis García Berlanga)

**1964**

Winner: Dr. Strangelove (Stanley Kubrick)

Other nominees: Gertrud (Carl Theodor Dreyer), The Gospel According to St. Matthew (Pier Paolo Pasolini), The Umbrellas of Cherbourg (Jacques Demy), Black God, White Devil (Glauber Rocha)

**1965**

Winner: Pierrot Le Fou (Jean-Luc Godard)

Other nominees: Chimes at Midnight (Orson Welles), Shadows of Forgotten Ancestors (Sergei Parajanov), Le Bonheur (Agnes Varda), Doctor Zhivago (David Lean)

**1966**

Winner: Persona (Ingmar Bergman)

Other nominees: Andrei Rublev (Andrei Tarkovsky), Au Hasard Balthazar (Robert Bresson), The Battle of Algiers (Gillo Pontecorvo), Blow-Up (Michelangelo Antonioni)

**1967**

Winner: Playtime (Jacques Tati)

Other nominees: Mouchette (Robert Bresson), Le Samouraï (Jean-Pierre Melville), Belle de Jour (Luis Buñuel), The Graduate (Mike Nichols)

**1968**

Winner: 2001: A Space Odyssey (Stanley Kubrick)

Other nominees: Once Upon a Time in the West (Sergio Leone), Rosemary's Baby (Roman Polanski), Memories of Underdevelopment (Tomás Gutiérrez Alea), Faces (John Cassavetes)

**1969**

Winner: The Wild Bunch (Sam Peckinpah)

Other nominees: The Color of Pomegranates (Sergei Parajanov), Kes (Ken Loach), My Night at Maud's (Eric Rohmer), Army of Shadows (Jean-Pierre Melville)

**1970**

Winner: The Conformist (Bernado Bertolucci)

Other nominees: Wanda (Barbara Loden), Performance (Nicholas Roeg), Husbands (John Cassavetes), Tristana (Luis Buñuel)

**1971**

Winner: A Clockwork Orange (Stanley Kubrick)

Other nominees: Death in Venice (Luchino Visconti), McCabe &amp; Mrs. Miller (Robert Altman), A Touch of Zen (King Hu), Out 1 (Jacques Rivette)

**1972**

Winner: The Godfather (Francis Ford Coppola)

Other nominees: Aguirre, the Wrath of God (Werner Herzog), Cries and Whispers (Ingmar Bergman), The Discreet Charm of the Bourgeoisie (Luis Buñuel), Solaris (Andrei Tarkovsky)

**1973**

Winner: Amarcord (Federico Fellini)

Other nominees: The Mother and the Whore (Jean Eustache), The Spirit of the Beehive (Victor Erice), Don't Look Now (Nicholas Roeg), Badlands (Terrence Malick)

**1974**

Winner: The Godfather: Part II (Francis Ford Coppola)

Other nominees: Chinatown (Roman Polanski), A Woman Under the Influence (John Cassavetes), Ali: Fear Eats the Soul (Rainer Werner Fassbinder), Celine and Julie Go Boating (Jacques Rivette)

**1975**

Winner: Jeanne Dielman (Chantal Akerman)

Other nominees: Mirror (Andrei Tarkovsky), Barry Lyndon (Stanley Kubrick), Nashville (Robert Altman), Jaws (Steven Spielberg)

**1976**

Winner: Taxi Driver (Martin Scorsese)

Other nominees: News from Home (Chantal Akerman), Kings of the Road (Wim Wenders), In the Realm of Senses (Nagisa Oshima), The Killing of a Chinese Bookie (John Cassavetes)

**1977**

Winner: Annie Hall (Woody Allen)

Other nominees: Star Wars (George Lucas), Close Encounter of the Third Kind (Steven Spielberg), Eraserhead (David Lynch), The Ascent (Larisa Shepitko)

**1978**

Winner: Killer of Sheep (Charles Burnett)

Other nominees: Days of Heaven (Terrence Malick), The Deer Hunter (Michael Cimino), The Tree of Wooden Clogs (Ermanno Olmi), In a Year with 13 Moons (Rainer Werner Fassbinder)

**1979**

Winner: Apocalypse Now (Francis Ford Coppola)

Other nominees: Stalker (Andrei Tarkovsky), Alien (Ridley Scott), Manhattan (Woody Allen), All That Jazz (Bob Fosse)

**1980**

Winner: Raging Bull (Martin Scorsese)

Other nominees: The Shining (Stanley Kubrick), The Empire Strike Back (Irvin Kershner), Heaven's Gate (Michael Cimino), The Elephant Man (David Lynch)

**1981**

Winner: Raiders of the Lost Ark (Steven Spielberg)

Other nominees: Possession (Andrzej Żuławski), Blow Out (Brian de Palma), Mad Max 2 (George Miller), An American Werewolf in London (John Landis)

**1982**

Winner: Blade Runner (Ridley Scott)

Other nominees: Fanny and Alexander (Ingmar Bergman), E.T. the Extra-Terrestrial (Steven Spielberg), The Thing (John Carpenter), The King of Comedy (Martin Scorsese)

**1983**

Winner: Sans Soleil (Chris Marker)

Other nominees: L'Argent (Robert Bresson), Videodrome (David Cronenberg), Nostalgia (Andrei Tarkovsky), A Nos Amours (Maurice Pialat)

**1984**

Winner: Once Upon a Time in America (Sergio Leone)

Other nominees: Paris, Texas (Wim Wenders), Love Streams (John Cassavetes), Amadeus (Milos Forman), Stranger Than Paradise (Jim Jarmusch)

**1985**

Winner: Shoah (Claude Lanzmann)

Other nominees: Come and See (Elem Klimov), Ran (Akira Kurosawa), Vagabond (Agnes Varda), Brazil (Terry Gilliam)

**1986**

Winner: Blue Velvet (David Lynch)

Other nominees: The Green Ray (Eric Rohmer), The Sacrifice (Andrei Tarkovsky), Aliens (James Cameron), Hannah and Her Sisters (Woody Allen)

**1987**

Winner: Wings of Desire (Wim Wenders)

Other nominees: Where is the Friend's House (Abbas Kiarostami), The Dead (John Huston), Withnail and I (Bruce Robinson), Yeelen (Souleymanne Cisse)

**1988**

Winner: My Neighbor Totoro (Hayao Miyazaki)

Other nominees: Cinema Paradiso (Giuseppe Tornatore), Distant Voices, Still Lives (Terence Davies), The Thin Blue Line (Errol Morris), Grave of the Fireflies (Isao Takahata)

**1989**

Winner: Do the Right Thing (Spike Lee)

Other nominees: A City of Sadness (Hou Hsiao-hsien), Crimes and Misdemeanors (Woody Allen), When Harry Met Sally (Rob Reiner), The Cook, The Thief, His Wife &amp; Her Lover (Peter Greenaway)

**1990**

Winner: Close-Up (Abbas Kiarostami)

Other nominees: Goodfellas (Martin Scorsese), Days of Being Wild (Wong Kar-wai), An Angel at My Table (Jane Campion), Paris is Burning (Jessie Livingston)

**1991**

Winner: A Brighter Summer Day (Edward Yang)

Other nominees: Daughters of the Dust (Julie Dash), The Double Life of Veronique (Krzysztof Kieslowski), The Silence of the Lambs (Jonathan Demme), Raise the Red Lantern (Zhang Yimou)

**1992**

Winner: Unforgiven (Clint Eastwood)

Other nominees: The Quince Tree Sun (Victor Erice), Orlando (Sally Potter), Life and Nothing More (Abbas Kiarostami), Reservoir Dogs (Quentin Tarantino)

**1993**

Winner: The Piano (Jane Campion)

Other nominees: Schindler's List (Steven Spielberg), Three Colors: Blue (Krzysztof Kieslowski), Groundhog Day (Harold Ramis), The Puppetmaster (Hou Hsiao-hsien)

**1994**

Winner: Pulp Fiction (Quentin Tarantino)

Other nominees: Satantango (Bela Tarr), Chungking Express (Wong Kar-wai), Three Colors: Red (Krzysztof Kieslowski), Through the Olive Trees (Abbas Kiarostami)

**1995**

Winner: Heat (Michael Mann)

Other nominees: Underground (Emir Kusturica), Safe (Todd Haynes), Casino (Martin Scorsese), Dead Man (Jim Jarmusch)

**1996**

Winner: Breaking the Waves (Lars von Trier)

Other nominees: Fargo (Joel Coen), A Moment of Innocence (Mohsen Makhmalbaf), Secrets and Lies (Mike Leigh), Crash (David Cronenberg)

**1997**

Winner: Taste of Cherry (Abbas Kiarostami)

Other nominees: Happy Together (Wong Kar-wai), Lost Highway (David Lynch), Boogie Nights (Paul Thomas Anderson), Princess Mononoke (Hayao Miyazaki)

**1998**

Winner: Histoire(s) du Cinema (Jean-Luc Godard)

Other nominees: The Thin Red Line (Terrence Malick), The Big Lebowski (Joel Coen), The Celebration (Thomas Vinterberg), Flowers of Shanghai (Hou Hsiao-hsien)

**1999**

Winner: Beau Travail (Claire Denis)

Other nominees: Magnolia (Paul Thomas Anderson), The Matrix (Wachowskis), Eyes Wide Shut (Stanley Kubrick), All About My Mother (Pedro Almodovar)

**2000**

Winner: In The Mood for Love (Wong Kar-wai)

Other nominees: Yi Yi (Edward Yang), The Gleaners and I (Agnes Varda), Werckmeister Harmonies (Bela Tarr), In Vanda's Room (Pedro Costa)

**2001**

Winner: Mulholland Drive (David Lynch)

Other nominees: Spirited Away (Hayao Miyazaki), La Ciénaga (Lucrecia Martel), A.I: Artificial Intelligence (Steven Spielberg), The Fellowship of the Ring (Peter Jackson)

**2002**

Winner: City of God (Fernando Meirelles)

Other nominees: Tie Xi Qu: West of the Tracks (Wang Bing), Talk to Her (Pedro Almodovar), Russian Ark (Aleksandr Sukurov), Morvern Callar (Lynne Ramsay)

**2003**

Winner: Goodbye, Dragon Inn (Tsai Ming-liang)

Other nominees: Dogville (Lars von Trier), Lost in Translation (Sofia Coppola), Elephant (Gus van Sant), Oldboy (Park Chan-wook)

**2004**

Winner: Tropical Malady (Apichatpong Weerasethakul)

Other nominees: Eternal Sunshine of the Spotless Mind (Michel Gondry), The Intruder (Claire Denis), Before Sunset (Richard Linklater), Sideways (Alexander Payne)

**2005**

Winner: Caché (Michael Haneke)

Other nominees: The Death of Mr. Lazarescu (Cristi Puiu), Brokeback Mountain (Ang Lee), The New World (Terrence Malick), Grizzly Man (Werner Herzog)

**2006**

Winner: Syndromes and a Century (Apichatpong Weerasethakul)

Other nominees: Inland Empire (David Lynch), Pan's Labyrinth (Guillermo del Toro), The Lives of Others (Florian Henckel von Donnersmarck), Children of Men (Alfonso Cuaron)

**2007**

Winner: There Will Be Blood (Paul Thomas Anderson)

Other nominees: No Country for Old Men (Coens), Zodiac (David Fincher), Silent Light (Carlos Reygadas), 4 Months, 3 Weeks, and 2 Days (Cristian Mungiu)

**2008**

Winner: The Headless Woman (Lucrecia Martel)

Other nominees: WALL-E (Andrew Stanton), Synecdoche, New York (Charlie Kaufman), The Dark Knight (Christopher Nolan), Hunger (Steve McQueen)

**2009**

Winner: The White Ribbon (Michael Haneke)

Other nominees: A Prophet (Jacques Audiard), Fish Tank (Andrea Arnold), Inglourious Basterds (Quentin Tarantino), Avatar (James Cameron)

**2010**

Winner: Uncle Boonmee Who Can Recall His Past Lives (Apichatpong Weerasethakul)

Other nominees: Nostalgia for the Light (Patricio Guzman), The Social Network (David Fincher), Mysteries of Lisbon (Raul Ruiz), Meek's Cutoff (Kelly Reichardt)

**2011**

Winner: The Tree of Life (Terrence Malick)

Other nominees: A Separation (Asghar Farhadi), Melancholia (Lars von Trier), The Turin Horse (Bela Tarr), Once Upon a Time in Anatolia (Nuri Bilge Ceylan)

**2012**

Winner: Holy Motors (Leos Carax)

Other nominees: The Act of Killing (Joshua Oppenheimer), The Master (Paul Thomas Anderson), Amour (Michael Haneke), Tabu (Miguel Gomes)

**2013**

Winner: Under the Skin (Jonathan Glazer)

Other nominees: The Great Beauty (Paolo Sorrentino), Blue is the Warmest Color (Abdellatif Kechiche), Inside Llewyn Davis (Coens), 12 Years a Slave (Steve McQueen)

**2014**

Winner: Boyhood (Richard Linklater)

Other nominees: Goodbye to Language (Jean-Luc Godard), The Grand Budapest Hotel (Wes Anderson), Whiplash (Damien Chazelle), Girlhood (Celine Sciamma)

**2015**

Winner: Mad Max: Fury Road (George Miller)

Other nominees: Carol (Todd Haynes), Cemetery of Splendor (Apichatpong Weerasethakul), The Assassin (Hou Hsiao-hsien), No Home Movie (Chantal Akerman)

**2016**

Winner: Moonlight (Barry Jenkins)

Other nominees: Toni Erdmann (Maren Ade), American Honey (Andrea Arnold), Arrival (Denis Villeneuve), Certain Women (Kelly Reichardt)

**2017**

Winner: Get Out (Jordan Peele)

Other nominees: Phantom Thread (Paul Thomas Anderson), Zama (Lucrecia Martel), Lady Bird (Greta Gerwig), You Were Never Really Here (Lynne Ramsey)

**2018**

Winner: Roma (Alfonso Cuaron)

Other nominees: Happy as Lazzaro (Alice Rohrwacher), Burning (Lee Chang-dong), An Elephant Sitting Still (Hu Bo), Shoplifters (Hirokazu Kore-eda)

**2019**

Winner: Portrait of a Lady on Fire (Celine Sciamma)

Other nominees: Parasite (Bong Joon-ho), Once Upon a Time in Hollywood (Quentin Tarantino), Atlantics (Mati Diop), First Cow (Kelly Reichardt)

**2020**

Winner: Nomadland (Chloe Zhao)

Other nominees: Time (Garrett Bradley), Never Rarely Sometimes Always (Eliza Hitman), Days (Tsai Ming-liang), Quo Vadis, Aida? (Jasmila Zbanic)

**2021**

Winner: Petite Maman (Celine Sciamma)

Other nominees: The Power of the Dog (Jane Campion), Drive My Car (Ryusuke Hamaguchi), Titane (Julia Docournau), Memoria (Apichatpong Weerasethakul)",2023-05-27T02:48:06,135,86,https://www.reddit.com/r/movies/comments/13sw0ra/if_best_picture_was_decided_by_critics_polls/,Oppenheimer,Oppenheimer
164hwk7,boxoffice,🇨🇳 2023 Highest Grossing Films in Mainland China (≥￥100M till 2023.08.27) 🟥Chinese 🟦Japanese 🟨Hollywood,Source: https://twitter.com/bulletproofsqui/status/1695835672022749207?t=a3I_B-JwhBLmD972BRQrzQ&amp;s=19,2023-08-29T13:02:25,32,8,https://i.redd.it/svlwj7jbs1lb1.png,Spider-Man: Across the Spider-Verse,Spider-Man: Across the Spider-Verse
15p5xlz,boxoffice,Why didn’t any of these summer blockbusters move to September/October?,"One of the reasons we’ve had all of these flops or underperformances is because of multiple movies being crammed together over a short span of time all throughout May-August. There’s more than a dozen of these summer blockbusters, and it looks like only four of them will actually have been truly successful in the end (GOTG3, ATSV, Oppenheimer, and Barbie)

September and October don’t seem to be particularly crowded months. There are some horror movies coming out, but those cater to a different audience for the most part. There aren’t any major blockbusters coming out. 

Why didn’t some of the studios just delay their movies there instead? MI7 would be a good example of this. The movie itself was really good, and it would have been a much bigger hit if it didn’t release a week before Barbenheimer. Transformers: ROTB could have done a lot better as well if it wasn’t crammed between Spider-Verse and Flash, at least being able to break even.",2023-08-12T14:23:53,24,37,https://www.reddit.com/r/boxoffice/comments/15p5xlz/why_didnt_any_of_these_summer_blockbusters_move/,Barbie,"Barbie, Mission: Impossible – Dead Reckoning Part One"
15mk0oz,boxoffice,In China No More Bets continues its impressive run adding $22.43M/$123M on Wednesday. Heading for a potential $100M weekend. MEG 2: THE TRENCH adds $4.46M/$69M falling further behind Creation Of The Gods $5.40M(-44%)/$259M. TMNT opens on Friday and is projected to earn only $233k on its opening day.,"---
#Daily Box Office (August 9th 2023)

No More Bets milles clear continuing its strong start. Creation of The Gods in 2nd pulls further away from MEG 2 as Lost In The Stars hits $486M 

|# | Movie                 |Gross|%YD| %LW|Screenings|Admisions(Today)|Total Gross|Projected Total Gross|
:----------- |:-----------|:-----------:|:-----------:|:-----------:|:-----------:|:-----------:|:-----------:|:-----------:|
1| No More Bets               |$22.43M |-13%  |/    |155114|3.8M  |$122.83M |$534M
2| Creation Of The Gods       |$5.40M  |-1%   |-44% |60505 |0.90M |$259.33M |$343M
3| MEG 2: THE TRENCH          |$4.46M  |-12%  |/    |61792 |0.76M |$68.95M  |$133M
4| One And Only               |$1.73M  |-8%   |-74% |31867 |0.30M |$105.60M |$142M
5| 30,000 Miles From Chang’an |$0.97M  |-3%   |-64% |15340 |0.17M |$230.79M |$251M
6| Never Say Never            |$0.60M  |-1%   |-72% |12594 |0.11M |$295.95M |$308M
7| Oh my School               |$0.33M  |-0%   |-57% |9655  |0.06M |$47.19M  |$53M
8| Barbie                     |$0.25M  |-6%   |-75% |6291  |0.05M |$32.30M  |$34M
9| Lost In The Stars          |$0.07M  |-10%  |-80% |2411  |0.01M |$486M    |$488M 
10|MI7:Dead Reckoning         |$0.06M  |-0%   |-81% |1159  |0.01M |$47.86M  |$49M

*YD=Yesterday, LW=Last Week

---

###**No More Bets**

Another strong day and just marginaly off its ""release"" day. Heading for a strong potentialy even $100M+ weekend.

Reception is just ok. 9.3 on Maoyan and 7.1 on Douban.

|#|FRI|SAT |SUN |MON|TUE|WED|THU|Total
:-----------:|:-----------:|:------------:|:------------:|:------------:|:------------:|:------------:|:------------:|:------------:|:------------:|
First Week|$23.95M|$30.22M|$20.55M|$25.68M|$22.43M|/|/|$122.83M

**Scheduled showings update for No More Bets for the next few days:**

|Day |  Number of Showings |Presales|Projection
:----------- |:-----------:|:-----------:|:-----------:|
Today|155537|$2.17M|$23.00M
Thursday|156079|$1.93M|$19.84M
Friday|117066|$1.34M|$24.84M

###**Meg 2**

Meg 2 continues to slip with another double digit drop from yesterday. Will pass $70M tomorrow. Likely heading for a sub $20M 2nd weekend.

Maoyan score slipped to 9.0 and the Douban score is also down to 5.6 below the first movie and still slipping.

|#|FRI|SAT |SUN |MON|TUE|WED|THU|Total
:-----------:|:-----------:|:------------:|:------------:|:------------:|:------------:|:------------:|:------------:|:------------:|:------------:|
First Week|$20.32M|$17.83M|$14.83M|$6.47M|$5.03M|$4.46M|/|$68.95M

**Scheduled showings update for The Meg 2 for the next few days:**

|Day |  Number of Showings |Presales|Projection
:----------- |:-----------:|:-----------:|:-----------:|
Today|61792|$485k|$4.28M
Thursday|60095|$418k|$3.95M
Friday|37160|$78k|$4.54M
---
###**Barbie**

A stable drop from yesterday but there's really not a lot to add for this one as its in the twighlight of its run.

|#|FRI|SAT |SUN |MON|TUE|WED|THU|Total
:-----------:|:-----------:|:------------:|:------------:|:------------:|:------------:|:------------:|:------------:|:------------:|:------------:|
Second Week|$1.84M|$2.83M|$2.56M|$1.27M|$1.11M|$1.03M|$0.95M|$29.30M
Third Week|$0.57M|$0.75M|$0.80M|$0.36M|$0.27M|$0.25M|/|$32.30M		
|%± LW|-69%|-73%|-69%|-71%|-75%|-75%|/|/|

**Scheduled showings update for Barbie for the next few days:**

|Day |  Number of Showings |Presales|Projection
:----------- |:-----------:|:-----------:|:-----------:|
Today|6244|$84k|$247k
Thursday|4347|$78k|$233k
Friday|2609|$11k|$268k

---
###**Creation Of The Gods**

Strong Wedneday almost flat from yesterday. Weekend projected at around $25M. 

Reception remains very strong as it holds the 9.4 Maoyan and amazingly enough jumps from 7.7 to 7.8 on Douban even while 2 weeks deep into its run. 

|#|THU|FRI |SAT |SUN|MON|TUE|WED|Total
:-----------:|:-----------:|:------------:|:------------:|:------------:|:------------:|:------------:|:------------:|:------------:|:------------:|
Second Week|$10.66M|$13.02M|$22.43M|$21.82M|$11.07M|$10.57M|$9.63M|$185.48M
Third Week|$8.27M|$9.27M|$14.55M|$13.82M|$6.30M|$5.49M|$5.40M|$259.33M		
|%± LW|-22%|-28%|-35%|-35%|-42%|-48%|-44%|/|
**Scheduled showings update for Creation Of The Gods for the next few days:**

|Day |  Number of Showings |Presales|Projection
:----------- |:-----------:|:-----------:|:-----------:|   
Today|60506|$871k|$5.05M
Thursday|60170|$785k|$5.11M
Friday|40166|$167k|$6.13M
---

###**One and Only**

Pretty stable from yesterday but the week on week drops continue coming fast and sharp.

|#|FRI|SAT |SUN |MON|TUE|WED|THU|Total
:-----------:|:-----------:|:------------:|:------------:|:------------:|:------------:|:------------:|:------------:|:------------:|:------------:|
First Week|$10.43M|$12.62M|$12.46M|$7.33M|$7.08M|$6.58M|$6.08M|$80.42M
Second Week|$5.92M|$7.50M|$5.67M|$2.48M|$1.89M|$1.73M|/|$105.60M		
|%± LW|-43%|-40%|-55%|-66%|-73%|-74%|/|/|

**Scheduled showings update for One and Only for the next few days:**

|Day |  Number of Showings |Presales|Projection
:----------- |:-----------:|:-----------:|:-----------:|     
Today|21031|$286k|$1.65M
Thursday|31035|$267k|$1.58M
Friday|15490|$78k|$1.90M

---
###**Other stuff:**

Next big few holywood releases are Oppenheimer on the 30th of August and Gran Turismo on the 1st September. Some WTS(Want To See Numbers) for those movies as well as some comparisons to how other revelant movies in a comparable number of days till release. Note these are not pre-sales. This is just a checkbox on Maoyan saying that your interested in the movie. The pre-sales are only ever in tables.

**TMNT**

Only has around 23k in pre-sales for its opening day on Friday. Will be nothing but a blip on the radar. Nowhere near the last 2 live action movies that made $58 and $62M

**Gran Turismo** 34k(+0.6k)

**Oppenheimer** $196k(+8k)vs **Flash** 147k(+4k)  vs **ATSV** 160k(+4k)",2023-08-09T16:25:36,24,14,https://www.reddit.com/r/boxoffice/comments/15mk0oz/in_china_no_more_bets_continues_its_impressive/,Mission: Impossible – Dead Reckoning Part One,Mission: Impossible – Dead Reckoning Part One
13xbjg5,boxoffice,"#IMAX kicks off this THU #Oppenheimer Pre-sales for select 70mm screenings in several markets, the way #ChristopherNolan intended the film to be seen, ahead of its JUL 21 debut. ☢️Only In IMAX theatres featuring 15 perf / 70mm film, images will expand up to a 1.43:1 aspect ratio.","Source:
https://twitter.com/Luiz_Fernando_J/status/1664172845918822400?t=9c_BaGJ9yl38dCNObnmSgQ&amp;s=19",2023-06-01T08:00:02,33,2,https://i.redd.it/jzkxd3x85d3b1.jpg,Oppenheimer,Oppenheimer
15gduoj,boxoffice,"[UK] Tuesday August 2 box office: Barbie £2.94m, Opp £1.49m, Turtles £433k, MI7 £352k, Elemental £302k",,2023-08-02T16:41:38,32,6,https://forums.boxofficetheory.com/topic/281-uk-box-office-thread/?do=findComment&amp;comment=4570707,Mission: Impossible – Dead Reckoning Part One,Mission: Impossible – Dead Reckoning Part One
1606mep,boxoffice,In China Oppenheimer after its 2nd day of pre-sales collected a strong $316k for its opening day across 15753 screenings and $508k total. No More Bets continues to lead the daily BO with $8.83M(-43%)/$432M on Thursday. Followed by Papa $3.6M/$44M and Creation Of The Gods $2.47M(-35%)/$325M.,"---
#Daily Box Office (August 24th 2023)

Pretty standard day with no big movements anywhere.

**Papa:** After yet another strong day the total projections rise to $80M

**The Woman In The Storm:** Also remains strong again today just slightly down from yesterday.

|# | Movie |Gross|%YD| %LW|Screenings|Admisions(Today)|Total Gross|Projected Total Gross|
:----------- |:-----------|:-----------:|:-----------:|:-----------:|:-----------:|:-----------:|:-----------:|:-----------:|
1| No More Bets               |$8.83M |-15%  |-43% |123775|1.5M  |$432.11M |$527M
2| Papa                       |$3.57M |-15%  |/    |65740 |0.62M |$43.78M  |$80M
3| Creation Of The Gods       |$2.47M |-13%  |-35% |45189 |0.42M |$325.22M |$360M
4| The Woman In The Storm     |$1.18M |-6%   |-30% |25166 |0.21M |$12.75M  |$22M
5| MEG 2: THE TRENCH          |$0.83M |-12%  |-61% |18097 |0.14M |$109.31M |$117M
6| Just For Meeting You       |$0.66M |-30%  |/    |25256 |0.12M |$7.64M   |$10M
7| 30,000 Miles From Chang’an |$0.45M |-8%   |-40% |10061 |0.08M |$244.57M |$247M
7| Death Notice               |$0.36M |-20%  |/    |13142 |0.06M |$9.47M   |$11M
8| One And Only               |$0.32M |-5%   |-73% |7460  |0.06M |$122.28M |$123M
9| The Breking Ice            |$0.24M |-10%  |/    |10894 |0.04M |$2.61M   |$3.90M
10| Never Say Never           |$0.16M |+5%   |-63% |4876  |0.03M |$302.09M |$303M
11| Oh my School              |$0.13M |-7%   |-50% |4500  |0.02M |$50.83M  |$53M
12| Miraculous: Ladybug &amp; Cat Noir|$0.07M|-10%|/   |3766  |0.02M |$1.48M   |$1.87M
13| Barbie                    |$0.04M |-10%  |-71% |1133  |0.01M |$34.46M  |$34.8M

*YD=Yesterday, LW=Last Week

---

###**No More Bets**

First day under $10M comes 17 days into the movies release. Less than 7M behind [Lost In The Stars](https://i.imgur.com/AiKVhE2.png) at the same points in their run. 100% overtaking it on Saturday.

Scores on Maoyan and Douban remain 9.1 and 6.9 respectively.

|#|SAT |SUN |MON|TUE|WED|THU|FRI|Total
:-----------:|:-----------:|:------------:|:------------:|:------------:|:------------:|:------------:|:------------:|:------------:|:------------:|
Second Week|$37.76M|$35.16M|$19.07M|$17.84M|$17.08M|$15.53M|$17.21M|$330.32M
Third Week|$25.31M|$22.46M|$12.32M|$22.10M|$10.40M|$8.83M|/|$432.11M		
|%± LW|-32%|-32%|-35%|+25%|-39%|-43%|/|/|

**Scheduled showings update for No More Bets for the next few days:**

|Day |  Number of Showings |Presales|Projection
:----------- |:-----------:|:-----------:|:-----------:|
Thursday|123797|$883k|$9.04M
Friday|118656|$943k|$9.75M
Saturday|84428|$253k|$14.57M
Sunday|50884|$79k|$12.87M
---

###**Creation Of The Gods**

Heading for another strong 10M+ weekend 

|#|THU|FRI |SAT |SUN|MON|TUE|WED|Total
:-----------:|:-----------:|:------------:|:------------:|:------------:|:------------:|:------------:|:------------:|:------------:|:------------:|
Fifth Week|$3.83M|$3.75M|$6.70M|$6.26M|$3.09M|$4.98M|$2.84M|$322.75M			
Sixth Week|$2.47M|/|/|/|/|/|/|$325.22M		
|%± LW|-35%|/|/|/|/|/|/|/|
**Scheduled showings update for Creation Of The Gods for the next few days:**

|Day |  Number of Showings |Presales|Projection
:----------- |:-----------:|:-----------:|:-----------:|   
Today|45168|$322k|$2.42M
Friday|35518|$338k|$2.65M
Saturday|26142|$142k|$4.38M
Sunday|15940|$67k|$4.03M
---

###**Meg 2**

Meg 2 slowly running out of juice. Only looking at a weekend slightly above $2M now.

|#|FRI|SAT |SUN |MON|TUE|WED|THU|Total
:-----------:|:-----------:|:------------:|:------------:|:------------:|:------------:|:------------:|:------------:|:------------:|:------------:|
Second Week|$4.28M|$6.23M|$6.04M|$2.84M|$2.61M|$2.41M|$2.12M|$99.59M	
Third Week|$1.46M|$2.28M|$2.17M|$1.16M|$0.87M|$0.95M|$0.83M|$109.31M			
|%± LW|-66%|-63%|-63%|-59%|-66%|-60%|-61%|/|

**Scheduled showings update for The Meg 2 for the next few days:**

|Day |  Number of Showings |Presales|Projection
:----------- |:-----------:|:-----------:|:-----------:|
Today|17943|$65k|$743k
Friday|9374|$39k|$586k
Saturday|6609|$10k|$879k
Sunday|3900|$2k|$835k
---

###**Other stuff:**

Next big few holywood releases are Oppenheimer on the 30th of August and Gran Turismo on the 1st September. Some WTS(Want To See Numbers) for those movies as well as some comparisons to how other revelant movies in a comparable number of days till release. **Note these are not pre-sales**. This is just a checkbox on Maoyan saying that your interested in the movie. The pre-sales are only ever in tables and compared to more than just 1-2 movies.


**Oppenheimer** 323k(+5k) vs **ATSV** 249k(+5k) vs **Transformers: ROTB:** 581k(+11k) vs **GOTG3** 269k (+10k)

With 2 days of pre-sales Oppenheimer backs up its first day with a strong 2nd day increase. Total pre-sales now past $500k 

Opening day pre-sales comparison:

|Days till release | Oppenheimer| MI7:DR |Guardians Of The Galaxy 3|Transformers ROTB|Fast X|Spider-Man: Across the Spider-Verse|
:----------- |:-----------:|:-----------:|:-----------:|:-----------:|:-----------:|:-----------:|:-----------:|:-----------:|:-----------:|
7|  /         |    /      |$22k/15240    | /      |    /                 |$96k/21854  |
6|$120k/9869 |/          |$97k/24240    |     /        |$196k/69382    |$170k/27854 |
5|$316k/15753|$54k/18328 |$165k/30650   |$121k/71289  |$471k/82292    |$234k/30250  |	
4|           |$152k/25041|$246k/35550   |$312k/83324  |$728k/92034    |$317k/33450 |
3|           |$380k/35490|$343k/42013   |$592k/94438  |$988k/103517   |$434k/39867 |$171K/38008		
2|           |$686k/47552|$486k/52243   |$946k/106022 |$1.35M/114980 |$568k/52867  |$487K/58112
1|          |$1.10M/73634|$801k/74490  |$1.45M/136762|$2.08M/140431 |$762k/74867 |$763K/85291	
0|          |$2.08M/94634|$1.84M/101271|$2.78M/162406|$3.97M/168748|$1.45M/94140|$1.56M/106474	
*Gross/Screenings

**Blue Beetle** 

Still no word on a China release for this.

**Gran Turismo** 46k(+0.4k)

**[The Ex-Files 4](https://wx2.sinaimg.cn/mw690/6ca013d1ly1hgw5bausj7j23de4s9he1.jpg)** 1.093M(+4k)",2023-08-24T16:24:11,54,14,https://www.reddit.com/r/boxoffice/comments/1606mep/in_china_oppenheimer_after_its_2nd_day_of/,Mission: Impossible – Dead Reckoning Part One,Mission: Impossible – Dead Reckoning Part One
15m8jvs,movies,Is there change in one of Gwen's scene in the digital version of Across the Spider-Verse?," 
Ok so I know that there were different versions send out to the cinemas and the one on the digital might just be the canon one out of all those...so spoiler alert, there's a scene in Mumbhattan when Miles tries to save the captain and gets caught under the debris..and Gwen goes after him, checking under all of it and finally finding him..

So I have heard from reddit that there's a version where she's panicking and has more voicelines in it, and i think it's different to the digital one, where she just says 'No No' and then no line...so if anyone has seen any different version of this scene, with more voicelines ,pls help me out here cuz there's two versions of it, one without her panicking and one without, and I want to know which ones in the digital version, to make sure of it...",2023-08-09T07:50:42,1,1,https://www.reddit.com/r/movies/comments/15m8jvs/is_there_change_in_one_of_gwens_scene_in_the/,Spider-Man: Across the Spider-Verse,Spider-Man: Across the Spider-Verse
15kpac1,boxoffice,In China No More Bets grossed a massive $20.5M/$75M on Monday. Just -32% down from Sunday. Release pushed forward from Friday to Tuesday. Will open with over 150k screenings. Total projections start at $540M. MEG 2: THE TRENCH adds $6.46M/$59.44M followed by Creation Of The Gods $6.26M(-42%)/$248M,"---
#Daily Box Office (August 7th 2023)

No More Bets continues its stomp even into Monday dropping just 32% from Sunday. By far the best drop in the top 10. Meg 2 solid and above projections manages to defend 2nd. 

|# | Movie                 |Gross|%YD| %LW|Screenings|Admisions(Today)|Total Gross|Projected Total Gross|
:----------- |:-----------|:-----------:|:-----------:|:-----------:|:-----------:|:-----------:|:-----------:|:-----------:|
1| No More Bets               |$30.22M/$20.51M|-32%  |/    |88640 |3.5M  |$74.68M  |$534M
1| MEG 2: THE TRENCH          |$14.83M/$6.46M |-56%  |/    |83803 |1.0M  |$59.44M  |$141M
2| Creation Of The Gods       |$13.82M/$6.26M |-54%  |-42% |68917 |1.0M  |$248.44M |$340M
3| One And Only               |$5.67M/$2.48M  |-56%  |-66% |45691 |0.43M |$101.99M |$145M
4| 30,000 Miles From Chang’an |$3.17M/$1.24M  |-60%  |-63% |20174 |0.22M |$228.82M |$249M
5| Never Say Never            |$1.55M/$0.86M  |-45%  |-67% |18365 |0.15M |$294.75M |$310M
6| Oh my School               |$0.79M/$0.40M  |-51%  |-49% |11370 |0.07M |$46.53M  |$53M
7| Barbie                     |$0.80M/$0.36M  |-55%  |-68% |9712  |0.07M |$31.78M  |$34M
8| Lost In The Stars          |$0.17M/$0.12M  |-30%  |-72% |4134  |0.02M |$485.85M |$489M 
9| MI7:Dead Reckoning         |$0.22M/$0.08M  |-63%  |-79% |2067  |0.01M |$47.76M  |$49M

*YD=Yesterday, LW=Last Week

---

###**No More Bets**

No More Bets beats projections by almost $4M. Incredible demand and reason finnaly prevails with the ""release"" being pushed forward to Tuesday. No more pre-screenings that are really just a full blown release. It will play on over 150k screenings tomorrow and is projected to make another $20M+. Total projections start at over $500M

|#|FRI|SAT |SUN |MON|TUE|WED|THU|Total
:-----------:|:-----------:|:------------:|:------------:|:------------:|:------------:|:------------:|:------------:|:------------:|:------------:|
First Week|$23.95M|$30.22M|$20.51M|/|/|/|/|$74.68M

**Scheduled showings update for No More Bets for the next few days:**

|Day |  Number of Showings |Presales|Projection
:----------- |:-----------:|:-----------:|:-----------:|
Today|88640|$2.35M|$16.60M
Tuesday|150336|$2.53M|$23.21M
Wednesday|106658|$300k|$21.40M

###**Meg 2**

Meg 2 manages to defy the projections again today and keep 2nd. Maoyan is once again projection it to drop to 3rd tomorrow for the 3rd day in a row. Lets see if it finnaly happens.

Maoyan score slipped to 9.0 and the Douban score is also down to 5.7 already which is on par with the original but will probably slip further.

|#|FRI|SAT |SUN |MON|TUE|WED|THU|Total
:-----------:|:-----------:|:------------:|:------------:|:------------:|:------------:|:------------:|:------------:|:------------:|:------------:|
First Week|$20.32M|$17.83M|$14.83M|$6.46M|/|/|/|$52.98M

**Scheduled showings update for The Meg 2 for the next few days:**

|Day |  Number of Showings |Presales|Projection
:----------- |:-----------:|:-----------:|:-----------:|
Today|83803|$603k|$5.78M
Tuesday|65462|$574k|$5.49M
Wednesday|42201|$96k|$4.92M
---
###**Barbie**

Barbie keeps collapsing. The demand has well and trully burned off.

|#|FRI|SAT |SUN |MON|TUE|WED|THU|Total
:-----------:|:-----------:|:------------:|:------------:|:------------:|:------------:|:------------:|:------------:|:------------:|:------------:|
Second Week|$1.84M|$2.83M|$2.56M|$1.27M|$1.11M|$1.03M|$0.95M|$29.30M
Third Week|$0.57M|$0.75M|$0.80M|$0.36M|/|/|/|$31.78M		
|%± LW|-69%|-73%|-69%|-68%|/|/|/|/|

**Scheduled showings update for Barbie for the next few days:**

|Day |  Number of Showings |Presales|Projection
:----------- |:-----------:|:-----------:|:-----------:|
Today|9712|$119k|$397k
Tuesday|6495|$96k|$276k
Wednesday|4237|$16k|$248k

---
###**Creation Of The Gods**

Creation with another solid week on week drop. Will pass $250M tomorrow.

Reception remains very strong as it holds the 9.4 Maoyan and amazingly enough jumps from 7.7 to 7.8 on Douban even while 2 weeks deep into its run. 

|#|THU|FRI |SAT |SUN|MON|TUE|WED|Total
:-----------:|:-----------:|:------------:|:------------:|:------------:|:------------:|:------------:|:------------:|:------------:|:------------:|
Second Week|$10.66M|$13.02M|$22.43M|$21.82M|$11.07M|$10.57M|$9.63M|$185.48M
Third Week|$8.27M|$9.27M|$14.55M|$13.82M|$6.26M|/|/|$248.44M		
|%± LW|-22%|-28%|-35%|-35%|-42%|/|/|/|
**Scheduled showings update for Creation Of The Gods for the next few days:**

|Day |  Number of Showings |Presales|Projection
:----------- |:-----------:|:-----------:|:-----------:|   
Today|68917|$783k|$6.97M
Tuesday|60501|$874k|$5.59M
Wednesday|39478|$117k|$5.03M
---

###**One and Only**

One and Only on the other hand suffers a harsher drop but passes $100M. Wang Yibo's 3rd movie to do so this year.

|#|FRI|SAT |SUN |MON|TUE|WED|THU|Total
:-----------:|:-----------:|:------------:|:------------:|:------------:|:------------:|:------------:|:------------:|:------------:|:------------:|
First Week|$10.43M|$12.62M|$12.46M|$7.33M|$7.08M|$6.58M|$6.08M|$80.42M
Second Week|$5.92M|$7.50M|$5.67M|$2.48M|/|/|/|$101.99M		
|%± LW|-43%|-40%|-55%|-66%|/|/|/|/|

**Scheduled showings update for One and Only for the next few days:**

|Day |  Number of Showings |Presales|Projection
:----------- |:-----------:|:-----------:|:-----------:|     
Today|45691|$357k|$2.73M
Tuesday|33588|$332k|$2.00M
Wednesday|21031|$67k|$1.84M

---
###**Other stuff:**

Next big few holywood releases are Oppenheimer on the 30th of August and Gran Turismo on the 1st September. Some WTS(Want To See Numbers) for those movies as well as some comparisons to how other revelant movies in a comparable number of days till release. Note these are not pre-sales. This is just a checkbox on Maoyan saying that your interested in the movie. The pre-sales are only ever in tables.

**Gran Turismo** 33k(+1k)

Delayed to September 1st.

**Oppenheimer** $180k(+6k)

Officialy confirmed to relese on the 30th August.",2023-08-07T16:18:46,28,6,https://www.reddit.com/r/boxoffice/comments/15kpac1/in_china_no_more_bets_grossed_a_massive_205m75m/,Mission: Impossible – Dead Reckoning Part One,Mission: Impossible – Dead Reckoning Part One
16l2bwa,movies,Movies that challenge our ego/self perception?,"  

So I was watching Barbie last night and it got me thinking about movies that aim to ‘dissolve the ego’. Or, to put a different way, aim to challenge our perception of self. I can think of a few movies that have this aim and goal *(Peaceful Warrior,  Synecdoche, New York),* but I’d like to ask you all if you have any ideas about this or recommendations.

Documentaries, TV shows or book recommendations are also welcome. ",2023-09-17T14:37:18,16,17,https://www.reddit.com/r/movies/comments/16l2bwa/movies_that_challenge_our_egoself_perception/,Barbie,Barbie
15p4f0x,boxoffice,Is the top 5 of this summer locked at this point?,,2023-08-12T13:18:31,767,324,https://i.redd.it/mmhrukinjohb1.png,Oppenheimer,Oppenheimer
151yfg1,boxoffice,massive advance for #oppenheimer in india," [\#Oppenheimer](https://twitter.com/hashtag/Oppenheimer?src=hashtag_click) goes on an overdrive on advance bookings at National Chains. [\#ChristopherNolan](https://twitter.com/hashtag/ChristopherNolan?src=hashtag_click) film has sold over 90,000 tickets in the three chains for the opening day alone. Ready to surprise with a BIG opening on Friday.  already crossed final presale of fastx in india

\* note only limited shows have opened so far full fledged advance will start by Wednesday final presale can cross 200000 tickets in national chains (2x of fastx)",2023-07-17T10:45:15,45,22,https://www.reddit.com/r/boxoffice/comments/151yfg1/massive_advance_for_oppenheimer_in_india/,Oppenheimer,Oppenheimer
1615cwa,boxoffice,Friday results: Oppenheimer still ahead! Elemental enjoyed a decent drop,"Oppenheimer: 43% drop from last Friday. Saturday starts out with a 5.2k on CGV so that means we're likely looking at another 40% drop unless walkups come through. Overall, it seems it will play out like a traditional blockbuster and have meh legs.

Concrete Utopia having a 25% drop from last Friday is really good. CGV starting out 1.7k means another good drop is likely to happen for Saturday.


Honey sweet: Actually increased from last Friday by 4%. 

Smugglers: 25% drop from last Friday. The CGV starts out pretty bad as it is below Elemental by a bit. 

Elemental: 35% drop from last Friday but the CGV is looking good for tomorrow. I'm going to say it will likely having a really good Saturday with more than 30k admission.

Meg 2: Drop 67% from last Friday. 

MI7: dropped 18% from last Friday",2023-08-25T17:20:21,35,7,https://i.redd.it/yirvur6piakb1.jpg,Mission: Impossible – Dead Reckoning Part One,Mission: Impossible – Dead Reckoning Part One
167fzc5,boxoffice,Japan Box Office September 1,https://twitter.com/Franspeech/status/1697660779317588054?t=CPtz-DO7DTKDFo7BC6a9nA&amp;s=19,2023-09-01T19:06:16,14,15,https://i.redd.it/1hzcnhazzolb1.jpg,Mission: Impossible – Dead Reckoning Part One,Mission: Impossible – Dead Reckoning Part One
16cjy02,boxoffice,"In China Oppenheimer grossed $1.37M(-67%)/$37.57M on its first THU vs MI7 ($1.7M), TF($2.1M) and GOTG3 ($2.3M). 2nd weekend projections incresed to $9.1M(-57%). No More Bets leads the daily BO with $1.56M(-64%)/$508M and has passed 89M admits. Creation Of The Gods in 3rd adds $0.68M(-45%)/$351M.","---
#Daily Box Office (September 7th 2023)

No More Bets wins another day as Oppenheimer continues to struggle on the weekdays. Weekend is here though so things should look up.

**Dust To Dust:** Oppenheimers biggest competition this upcoming weekend continues its very limited pre-screenings adding another $60k. It currently has $776k in pre-sales for its opening day on Saturday. Its projected to open with $4.8M on Saturday into a $3.1M Sunday which for now would be enough to win both those days but fall behind Oppenheimer for the 3 day FRI-SUN.

|# | Movie |Gross|%YD| %LW|Screenings|Admisions(Today)|Total Gross|Projected Total Gross|
:----------- |:-----------|:-----------:|:-----------:|:-----------:|:-----------:|:-----------:|:-----------:|:-----------:|
1| No More Bets               |$1.56M |-4%   |-64% |82078 |0.28M |$507.88M |$521M
2| Oppenheimer                |$1.37M |-13%  |-67% |56461 |0.24M |$37.57M  |$57M
3| Creation Of The Gods       |$0.68M |-5%   |-45% |35771 |0.12M |$351.60M |$357M
4| Papa                       |$0.45M |-6%   |-75% |41516 |0.08M |$77.45M  |$89M
5| The Woman In The Storm     |$0.32M |-8%   |-43% |22648 |0.06M |$22.67M  |$27M
6| MEG 2: THE TRENCH          |$0.15M |-5%   |-60% |12211 |0.03M |$116.28M |$117M
8| Gran Turismo               |$0.08M |-10%  |/    |8745  |0.02M |$1.41M   |$2M
9| Heart's Motive             |$0.08M |-5%   |-63% |7780  |0.01M |$7.29M   |$8M
7| One And Only               |$0.06M |-10%  |-62% |4796  |0.01M |$125.05M |$126M
10| Dust To Dust(pre-screenings)|$0.06M|+45% |/    |10    |0.001M|$0.23M   |/  
11| 30,000 Miles From Chang’an|$$0.04M|-0%   |-85% |5221  |0.01M |$249.67M |$251M
*YD=Yesterday, LW=Last Week

---

###**Oppenheimer**

Another double digit drop from Yesterday. Really not a weekday movie this. Weekend projections however up from yesterday now at $9.1M. -57% of its $21.3M FRI-SUN opening weekend. 

https://i.imgur.com/MN2uSgp.png

WoM remains very strong with the 9.5 on Maoyan and 8.9 on Douban holding.

Oppehneimer lost another big city today next to Chongqing which again predictably went to No More Bets. Today however Wuhan was won by Dust to Dust which had its limited pre-screenings there. As for cities in general nothing changes with it winning T1 and T2 and losing T3 and T4 cities. Although T2 came down to a single % 

And here's how the region map shapped up today.

https://i.imgur.com/3pUStvh.png

Another province lost today leaving Oppenhiemer at just 4.


|#|WED|THU |FRI |SAT|SUN|MON|TUE|Total
:-----------:|:-----------:|:------------:|:------------:|:------------:|:------------:|:------------:|:------------:|:------------:|:------------:|
First Week|$5.23M|$4.05M|$4.54M|$9.32M|$7.42M|$2.21M|$1.85M|$34.62M 			
Second Week|$1.58M|$1.37M|/|/|/|/|/|$37.57M		
|%± LW|-69%|-67%|/|/|/|/|/|/|

**Scheduled showings update for Oppehheimer for the next few days:**

|Day |  Number of Showings |Presales|Projection
:----------- |:-----------:|:-----------:|:-----------:|
Today|56793|$313k|$1.36M
Friday|55645|$503k|$2.12M
Saturday|25468|$476k|$4.24M
Sunday|14369|$181k|$2.76M
---

###**No More Bets**

Continues to lead today but is predicted to slip back behind Oppenheimer tomorrow.

It has passed 89M admits today. Its now 2.78M behind Ful River Red which is the highest grossing and viewed movie of the year.

Weekend projections for this also increased to $7.7M(-50%) 

|#|SAT |SUN |MON|TUE|WED|THU|FRI|Total
:-----------:|:-----------:|:------------:|:------------:|:------------:|:------------:|:------------:|:------------:|:------------:|:------------:|		
Fourth Week|$12.78M|$11.20M|$5.88M|$5.53M|$4.65M|$4.34M|$3.90M|$489.61M	
Fifth Week|$6.57M|$4.88M|$1.87M|$1.75M|$1.64M|$1.56M|/|$507.88M		
|%± LW|-40%|-56%|-68%|-68%|-65%|-64%|/|/|

**Scheduled showings update for No More Bets for the next few days:**

|Day |  Number of Showings |Presales|Projection
:----------- |:-----------:|:-----------:|:-----------:|
Today |82132|$148k|$1.51M
Friday |82229|$196k|$2.02M
Saturday |36166|$70k|$3.43M
Sunday|18398|$17k|$2.23M
---

###**Creation Of The Gods**

Another stellar day. Just -45% down from last week.

As for the former 2 this ones projections have also increased to $3.69M(-40%)

|#|THU|FRI |SAT |SUN|MON|TUE|WED|Total
:-----------:|:-----------:|:------------:|:------------:|:------------:|:------------:|:------------:|:------------:|:------------:|:------------:|			
Seventh Week|$1.25M|$1.28M|$2.68M|$2.17M|$0.79M|$0.75M|$0.72M|$350.92M		
Eight Week|$0.68M|/|/|/|/|/|/|$351.60M		
|%± LW|-45%|/|/|/|/|/|/|/|
**Scheduled showings update for Creation Of The Gods for the next few days:**

|Day |  Number of Showings |Presales|Projection
:----------- |:-----------:|:-----------:|:-----------:|   
Today|35723|$77k|$689k
Friday|36370|$116k|$917k
Saturday|12424|$57k|$1.60M
Sunday|6783|$21k|$1.12M
---

###**Other stuff:**

Next big few holywood releases are. Well there aint any really. There's Haunting in Venice but thats unlikely to make an impact. Next wave of releases probably hits in November when Marvels and Hunger Games come out. Between now and then Local movies will once again take or better said keep the spotlight through the Holiday Period at the end of September start of October.

**Blue Beetle** 

Still no word on a China release for this. At this point its probably not coming. 

**Gran Turismo**

With another 81k on Thursday GT climbs to $1.41M total

**The Ex-Files 4** 1.286M(+19k)",2023-09-07T16:15:16,24,11,https://www.reddit.com/r/boxoffice/comments/16cjy02/in_china_oppenheimer_grossed_137m673757m_on_its/,Mission: Impossible – Dead Reckoning Part One,Mission: Impossible – Dead Reckoning Part One
15koh67,movies,Oppenheimer: How Christopher Nolan’s Movie Embraces the Many Layers and Contradictions of the Father of the Atomic Bomb,,2023-08-07T15:49:00,353,69,http://www.tasteofcinema.com/2023/10-reasons-why-oppenheimer-is-a-modern-masterpiece/#comments,Oppenheimer,Oppenheimer
15d7njk,movies,John Wick Chapter 4 is still one of the best movies of the year.,"As Barbenheimer still rages on and we start to enter the months of studios pushing their big oscar race features, a lot of the films from earlier on in the year are kinda being pushed to the wayside. Not that people shouldn’t be hyped for these future films and current releases, but I wanna shine some appreciation on one of my favorite movies of the year 

John Wick 4 is extremely phenomenal looking back on it. He doesn’t get a lot of buzz but Stahelski’s direction is some of the best I’ve seen of the year and maybe the best of an action film this year. There’s still so many moments my mind wanders back to. The stair scene, the duel, the scene where Wick goes for his ring, the lighting at the Tokyo hotel, the game of poker and the subsequent club scene, the tension as Wick gets swarmed endlessly on his way to the duel, the top down fight. In this age especially, the action and the way it were presented are so exhilarating compared to most modern action flicks. Even tho the action was definitely the standout, there were some great performances as well especially from Donnie Yen and Shamier Anderson. 

I know they’re making a John Wick 5 and a spinoff and all that, but the ending of him supposedly being dead felt strangely rewarding and satisfying. Everyone got their way out. I hope they handle it in a tasteful way in the sequel.

By and large, this is one of my favorite action moves ever and if there’s a choreography/stuntwork category at this year’s Oscars I hope it wins.",2023-07-30T00:37:20,1,32,https://www.reddit.com/r/movies/comments/15d7njk/john_wick_chapter_4_is_still_one_of_the_best/,Barbie,Barbie
1578ufb,movies,What movies have great end credits?,"After seeing Across the Spider-Verse again and watching the hauntingly beautiful animated end credits (Am I Dreaming), I want to know what are some of your guys favorite end credit sequences in film? Whether they have cool visuals, memorable music, or just creative ways of showing the credits? 

Besides Across the Spider-verse, some of my favorites include Tron Legacy, Akira, Hereditary, and Coraline",2023-07-23T08:07:46,7,52,https://www.reddit.com/r/movies/comments/1578ufb/what_movies_have_great_end_credits/,Spider-Man: Across the Spider-Verse,Spider-Man: Across the Spider-Verse
153xvuo,movies,Turns out that another Oppenheimer-themed movie came out this year? I'm thoroughly confused,"Wanted to watch ""the Oppenheimer movie"" that came out a few days ago, but I was thoroughly confused about when Cillian Murphy would show up: instead I saw a movie about a few scientists talking about the nuclear bomb and a recollection of a survivor of the Hiroshima bombing...

I'm completely dumbfounded: It even has Christopher Nolan in it

Did anyone else see this movie? The title was something like ""To End All War: Oppenheimer &amp; the Atomic Bomb""

Feels like they trolled the sh** out of me 🤷‍♂️😆",2023-07-19T15:17:17,0,12,https://www.reddit.com/r/movies/comments/153xvuo/turns_out_that_another_oppenheimerthemed_movie/,Oppenheimer,Oppenheimer
165kzpt,movies,"Oscars: Best Adapted Screenplay – Early Projections Suggest a Race of ‘Strangers,’ Multiple ‘Killers’ and ‘Barbenheimer’",,2023-08-30T17:27:40,0,4,https://variety.com/feature/2024-oscars-best-adapted-screenplay-predictions-1235704162/,Barbie,Barbie
14ysjxk,boxoffice,"Nolan says to Variety that Oppenheimer is ""a $180m movie""",,2023-07-13T18:31:36,543,233,https://i.redd.it/jytgdke40sbb1.png,Oppenheimer,Oppenheimer
14uq7o8,boxoffice,"Will ‘OPPENHEIMER’ have Christopher Nolan’s biggest non-Batman domestic opening weekend ever, beating ‘INCEPTION’ at $62.79M?","

[View Poll](https://www.reddit.com/poll/14uq7o8)",2023-07-09T05:39:58,13,20,https://www.reddit.com/r/boxoffice/comments/14uq7o8/will_oppenheimer_have_christopher_nolans_biggest/,Oppenheimer,Oppenheimer
15klp85,movies,"‘Sharknado’ Channels ‘Barbie’ as B-Movie Hit Gets New Poster, Trailer Ahead of 10th Anniversary Theatrical Release",,2023-08-07T14:05:22,0,4,https://www.hollywoodreporter.com/movies/movie-news/sharknado-theatrical-release-10th-anniversary-barbie-poster-1235557694/,Barbie,Barbie
14lb1vy,movies,What is the Best Film You Watched Last Week? (06/21/23-06/28/23),"The way this works is that you post a review of the [best film](https://i.imgur.com/l0IiGrm.jpg) you watched this week. It can be any new or old release that you want to talk about.

{**REMINDER:** *The Threads Are Posted Now On Wednesday Mornings. If Not Pinned, They Will Still Be Available in the Sub.*}

**Here are some rules:**

**1. Check to see if your favorite film of last week has been posted already.**

**2. Please post your favorite film of last week.**

**3. Explain why you enjoyed your film.**

**4. ALWAYS use SPOILER TAGS:**   [**\[Instructions\]**](https://imgur.com/a/4kUk33C)

**5. Best Submissions can display their** [**\[Letterboxd Accts\]**](https://letterboxd.com/) **the following week.**

**Last Week's Best Submissions:**

|**Film**|**User/\[LBxd**\]|**Film**|**User/\[LB/Web***\]|
|:-:|:-:|:-:|:-:|
|[“Spider-Man: Across the Spider-Verse”](https://www.reddit.com/r/movies/comments/14f99xd/comment/jpnhwwp/)|ChrisJT1315|[“Howl’s Moving Castle”](https://www.reddit.com/r/movies/comments/14f99xd/comment/jp4lzh1/)|[[dommull]](https://letterboxd.com/dommull/)|
|[""Close to Vermeer”](https://www.reddit.com/r/movies/comments/14f99xd/comment/jp0apue/)|[[jcar195]](https://letterboxd.com/jcar195/)|[“Amélie”](https://www.reddit.com/r/movies/comments/14f99xd/comment/jp46ie6/)|Weedsmoker4hunnid20|
|[“Sisu”](https://www.reddit.com/r/movies/comments/14f99xd/comment/jpmm9w7/)|Shoddy_Bandicoot_553|[“The Sweet Hereafter”](https://www.reddit.com/r/movies/comments/14f99xd/comment/jp34568/)|Bodymaster|
|[“Decision to Leave”](https://www.reddit.com/r/movies/comments/14f99xd/comment/jpaxnre/)|[[DuncanShields]](https://letterboxd.com/duncanshields/)|[“Army of Darkness”](https://www.reddit.com/r/movies/comments/14f99xd/comment/jpglbcb/)|LincolnLogs42|
|[“One Cut of the Dead”](https://www.reddit.com/r/movies/comments/14f99xd/comment/jp0al0d/)|LeafBoatCaptain|[“The Last of the Mohicans”](https://www.reddit.com/r/movies/comments/14f99xd/comment/joz05yg/)|[[Cartagia]](https://letterboxd.com/Cartagia/)|
|[""Behind the Mask: The Batman Dead End Story”](https://www.reddit.com/r/movies/comments/14f99xd/comment/jp9ceei/)|theredditbandid_|[""Ran”](https://www.reddit.com/r/movies/comments/14f99xd/comment/joz9mme/)|johneaston1|
|[“Son of Saul”](https://www.reddit.com/r/movies/comments/14f99xd/comment/jp3jyal/)| [[filmpatico]](https://letterboxd.com/filmpatico/)|[“Tree of Knowledge” (1981)](https://www.reddit.com/r/movies/comments/14f99xd/comment/jozbtk3/)|[[Tilbage i Danmark*]](https://tilbageidanmark.tumblr.com/tagged/movies)|
|[“Blue Valentine”](https://www.reddit.com/r/movies/comments/14f99xd/comment/joyx3x4/)|[[dg9772]](https://letterboxd.com/dg9772/)|[""Kuroneko”](https://www.reddit.com/r/movies/comments/14f99xd/comment/jp0ryft/)|[[RStorm]](https://letterboxd.com/RStorm/)|
|[“Secret Sunshine”](https://www.reddit.com/r/movies/comments/14f99xd/comment/jpjuqok/)| [[Payne915]](https://letterboxd.com/payne915/)|[“Double Indemnity”](https://www.reddit.com/r/movies/comments/14f99xd/comment/jozes1h/)|SnarlsChickens|
|[“Kung Fu Hustle”](https://www.reddit.com/r/movies/comments/14f99xd/comment/jp53dqz/)|[[AlexMarks182]](https://letterboxd.com/alexmarks182/)|[“The Cabinet of Dr. Caligari”](https://www.reddit.com/r/movies/comments/14f99xd/comment/jp03pfc/)|greatwhitebfflo|",2023-06-28T14:30:21,97,280,https://www.reddit.com/r/movies/comments/14lb1vy/what_is_the_best_film_you_watched_last_week/,Spider-Man: Across the Spider-Verse,Spider-Man: Across the Spider-Verse
16cku7b,movies,How do we feel about this year's cinematic villains so far?,"2023 has been a year unlike any other for cinema, yet like the others, it has given us some notable antagonists in its major releases. These include **Jonathan ""The Spot"" Ohnn** (Spider-Man: Across the Spiderverse), **David Robey** (Luther: The Fallen Sun), **Marquis Vincent de Gramont** (John Wick 4), **Bowser** (Super Mario Bros), **Ken** (Barbie), **the High Evolutionary** (Guardians of the Galaxy Volume 3), **Damian Anderson** (Creed 3), **Lewis Strauss** (Oppenheimer), **Miguel O'Hara** (Spider-Man: Across the Spiderverse), **Jürgen Voller** (Indiana Jones and the Dial of Destiny) or **Mona Wassermann** (Beau Is Afraid).

With that being said, I inquire y'all: how do you feel about the baddies and baddettes of this year? Do you like them or believe they've been weak obstacles?",2023-09-07T16:50:50,0,18,https://www.reddit.com/r/movies/comments/16cku7b/how_do_we_feel_about_this_years_cinematic/,Oppenheimer,"Barbie, Oppenheimer"
138t3eh,movies,Official Poster for Christopher Nolan's 'Oppenheimer',,2023-05-05T16:02:10,22498,1143,https://i.redd.it/4nj1l524d1ya1.jpg,Oppenheimer,Oppenheimer
163vid5,boxoffice,[Portugal] Barbie officially enters the top 10 most watched movies of all time; Oppenheimer leads for the 2nd consecutive weekend and surpasses the Super Mario Bros. movie; Blue Beetle still shows no signs of being alive,"**WEEKEND PERFORMANCE:**

||€|Spectators|
|:-|:-|:-|
|Barbie|121.776,47 €|20.945|
|Oppenheimer|142.846,11 €|20.435|
|Blue Beetle|57.241,19 €|9.548|

&amp;#x200B;

**Blue Beetle's run so far:**

* **Weekend 1:** 101.193,04 € // 16.577 spectators (5th most watched)
* **Weekend 2:** 57.241,19 € ^((-43.4%)) // 9.548 spectators ^((-42.4%)) (7th most watched)
* **Total:** 208.122,41 € // 34.553 spectators

It's looking like a 310k - 375k euros run.

&amp;#x200B;

**BARBENHEIMER 6-WEEKENDS PERFORMANCE:**

https://preview.redd.it/gewgmx6hfwkb1.png?width=1228&amp;format=png&amp;auto=webp&amp;s=248bc1b8e7255f7443270373b557f1e8da628202

**2023 RANKING OF THE MOST WATCHED FILMS (01-01-2023 to 27-08-2023):**

1. **Barbie - 818.308** 🔵
2. Fast X - 689.426
3. Avatar: The Way of Water - 466.193 (2023 portion, 18 weeks)
4. **Oppenheimer - 464.738** 🟠🔼
5. The Super Mario Bros. Movie - 459.645 🔽
6. The Little Mermaid - 366.533
7. Mission: Impossible - Dead Reckoning Part One - 335.509
8. Elemental - 329.785

**RANKING OF THE MOST WATCHED FILMS** **OF ALL TIME (2004-PRESENT):**

1. The Lion King (2019) - 1.281.657
2. Avatar - 1.257.370
3. Avatar: The Way of the Water - 1.062.794
4. Minions - 939.706
5. Joker - 915.593
6. Mama Mia! - 851.681
7. Furious 7 - 832.947
8. Shrek, the Third - 824.646
9. **Barbie - 818.308** 🔵
10. Madagascar 2 - 813.802
11. The Fate of the Furious - 788.434
12. Shrek 2 - 771.963
13. A Gaiola Dourada (PT) - 761.113

&amp;#x200B;

**2023 RANKING OF THE HIGHEST GROSSING FILMS (01-01-2023 to 27-08-2023):**

1. **Barbie -** **4.837.997,75** **€** 🔵
2. Fast X - 4.274.737,42 €
3. Avatar: Way of the Water - 3.461.585,90 € (2023 portion, 18 weeks)
4. **Oppenheimer -** **3.239.390,69 €** 🟠
5. The Super Mario Bros. Movie - 2.557.152,53 €
6. Mission: Impossible – Dead Reckoning Part 1 - 2.119.041,16 €
7. The Little Mermaid - 2.098.185,67 €
8. Elemental - 1.798.417,45 €
9. Indiana Jones and the Dial of Destiny - 1.781.008,86 €
10. Guardians of the Galaxy Vol. 3 - 1.367.336,28 €
11. Spider-Man: Across the Spider-Verse - 1.303.718,15 €

**RANKING OF THE HIGHEST GROSSING FILMS OF ALL TIME (2004-PRESENT):**

1. Avatar: Way of the Water - 7.686.010,43 €
2. Avatar - 7.294.781,84 €
3. Lion King - 6.988.555,08 €
4. Joker - 5.067.595,46 €
5. **Barbie - 4.837.997,75 €** 🔵
6. Minions - 4.732.329,8 €
7. Shrek Forever - 4.610.747,88 €
8. Top Gun: Maverick - 4.492.884,62 €
9. Furious 7 - 4.424.341,34 €
10. The Fate of the Furious - 4.306.481,90 €
11. **Fast X - 4.274.737,42 € ⚪**
12. A Gaiola Dourada (PT) - 3.892.220,88 €
13. Avengers: Endgame - 3.886.801,24 €
14. Spider-Man: No Way Home - 3.861.416,32 €
15. Ice Age 3: Dawn of the Dinosaurs - 3.769.842,78 €
16. Mama Mia! - 3.764.144,13 €
17. Madagascar 3: Europe's Most Wanted - 3.738.196,51 €
18. Star Wars: The Force Awakens - 3.580.148,67 €
19. Madagascar: Escape 2 Africa - 3.528.119,00 €
20. Shrek, the Third - 3.473.241,97 €
21. Frozen II - 3.408.543,07 €
22. Da Vinci Code - 3.299.852,62 €
23. **Oppenheimer - 3.239.390,69 €** 🟠
24. Minions 2: The Rise of Gru - 3.220.499,70 €
25. The Incredibles 2 - 3.190.569,13 €
26. Shrek 2 - 3.157.434,68 €
27. O Pátio das Cantigas (2015) (PT) - 3.100.130,47 €
28. Bohemian Rhapsody - 3.086.486,99 €
29. Passion of Christ - 3.010.433,95 €

&amp;#x200B;

On a side note, I'd like to highlight the Portuguese movie ""[*Pôr do Sol: O Mistério do Colar de São Cajó*](https://letterboxd.com/film/sunset-the-mystery-of-the-necklace-of-sao-cajo/)"".

It surpassed the 100k tickets this weekend and **595k €** in revenue. It's the most watched Portuguese movie of the year (by a long shot). It ranks 18th in the overall 2023 chart.",2023-08-28T19:30:20,32,7,https://www.reddit.com/r/boxoffice/comments/163vid5/portugal_barbie_officially_enters_the_top_10_most/,Barbie,Barbie
1698h4f,boxoffice,"If you went back to May 1st and told your past self about this summer’s box office results, what would you be most surprised of? (Excluding Barbie and Oppenheimer, nobody expected them)","A few of mine:
 
- Guardians of the Galaxy Vol. 3 doesn’t underperform, even if its numbers slightly decreased from Vol. 2.

- Across the Spider-Verse doubles the first movie.

- The Flash’s domestic total is lower than No Way Home’s opening day. 

- Elemental makes more than The Flash and Indiana Jones 5 worldwide. 

- Indiana Jones 5 made only half its predecessor. 

- “What the fuck is Sound of Freedom?”

- Mission Impossible 7 dropped from 6. 

- The Meg 2 made more than Indy 5 and The Flash worldwide.",2023-09-03T21:11:42,220,134,https://www.reddit.com/r/boxoffice/comments/1698h4f/if_you_went_back_to_may_1st_and_told_your_past/,Spider-Man: Across the Spider-Verse,Spider-Man: Across the Spider-Verse
15uwsao,boxoffice,"[UK &amp; Ireland] (UKBoxOffice): ""Looks like Blue Beetle will open in #3 behind Barbie and Oppenheimer"", ""Strays is DOA. It will be #8 or #9 today, right around MI7's Friday gross""",,2023-08-18T21:23:04,70,11,https://forums.boxofficetheory.com/topic/281-uk-box-office-thread/?do=findComment&amp;comment=4578994,Mission: Impossible – Dead Reckoning Part One,Mission: Impossible – Dead Reckoning Part One
15s2gfq,boxoffice,Oppenheimer passes 3.202M admissions in France. Now it is the 3rd most attended Nolan film.,https://twitter.com/boxofficefr/status/1691101745445797888?t=d_R2KDz878YeD04VcshRlg&amp;s=19,2023-08-15T19:34:22,10,0,https://i.redd.it/d5pn4avhtbib1.jpg,Oppenheimer,Oppenheimer
16ji62u,boxoffice,In China Expend4bles opens at Nr.1 on Friday across almost 120k screenings grossing $3.35M. Looking at a $10M weekend and 20M+ total run. Dust To Dust drops to 2nd $2.24M/$35M. Oppenheimer passes $50M but drops to 5th after grossing $0.75M(-65%). Haunting in Venice debuts in 6th with $0.56M.,"---
#Daily Box Office (September 15th 2023)

The shakeup has finnaly arrived. Expend4bles opens on almost 120k screenings and easily won the day. Local Tainter Love managed to beat out Oppenheimer and No More Bets in the fight for 2nd and Haunting in Venice opens just outside of the top 5.

**Dust To Dust:** Tame increase today but tomorrow should be better even giving Expend4bles a run for its money for 1st.

**Province map of the day:**

https://i.imgur.com/ZgVNqNf.png

A green wave takes over the whole country.


|# | Movie |Gross|%YD| %LW|Screenings|Admisions(Today)|Total Gross|Projected Total Gross|
:----------- |:-----------|:-----------:|:-----------:|:-----------:|:-----------:|:-----------:|:-----------:|:-----------:|
1| Expend4bles                 |$3.35M |/      |/    |119472|0.70M |$3.35M   |$22M  
2| Dust To Dust                |$2.24M |+7%    |/    |77453 |0.38M |$35.11M  |$55M  
3| Tainted Love                |$0.98M |/      |/    |33449 |0.18M |$0.98M   |$9M
4| No More Bets                |$0.87M |+20%   |-59% |36518 |0.16M |$519.45M |$527M
5| Oppenheimer                 |$0.75M |+28%   |-65% |20410 |0.12M |$50.42M  |$58M
6| Haunting in Venice          |$0.56M |/      |/    |27140 |0.11M |$0.56M   |$5M
7| Creation Of The Gods        |$0.35M |-2%    |-63% |15589 |0.06M |$356.81M |$359M
8| Papa                        |$0.15M |-16%   |-83% |9730  |0.03M |$81.53M  |$87M
9| One And Only                |$0.08M |+170%  |+6%  |1151  |0.02M |$125.54M |$126M
10| All Ears                   |$0.06M |-66%   |/    |5249  |0.01M |$3.05M   |$4M
11| The Woman In The Storm     |$0.05M |-50%   |-87% |4823  |0.008M|$23.84M  |$25M
12| MEG 2: THE TRENCH          |$0.02M |-60%   |-89% |2536  |0.003M|$117.06M |$117M
13| 30,000 Miles From Chang’an |$0.02M |+30%   |-65% |1490  |0.003M|$250.35M |$251M

*YD=Yesterday, LW=Last Week

---
###**Expend4bles**

Opens above projections and now has a good chance to open above $10M

It dominated all big metropolitan cities. All city tiers and all provinces today.

|# |FRI|SAT |SUN |MON|TUE|WED|THU|Total
:-----------:|:-----------:|:------------:|:------------:|:------------:|:------------:|:------------:|:------------:|:------------:|
First Week|$3.35M |/|/|/|/|/|/|$3.35M|

**Scheduled showings update for Oppehheimer for the next few days:**

|Day |  Number of Showings |Presales|Projection
:----------- |:-----------:|:-----------:|:-----------:|  
Today|119475|$720k|$3M
Saturday|117190|$431|$4.24M
Sunday|78312|$77k|$3.07M

---

###**Oppenheimer**

Drops to 5th with another very unspectacular hold against new competition. 

But it did end up beating projections so the whole weekend estimates are up to $3.7M(-60%)

It has also passed $50M. The 5th Holywood movie this year after GOTG3, Fast X, TF:RoTB and Meg 2 if you count that. In admissions however it is still 7th behind MI7 and over 1M admissions behind Across The Spider-Verse.


|#|WED|THU |FRI |SAT|SUN|MON|TUE|Total
:-----------:|:-----------:|:------------:|:------------:|:------------:|:------------:|:------------:|:------------:|:------------:|:------------:|			
Second Week|$1.58M|$1.38M|$2.13M|$4.13M|$3.14M|$0.74M|$0.71M|$48.41M	
Third Week|$0.67M|$0.59M|$0.75M|/|/|/|/|$50.42M		
|%± LW|-57%|-57%|-65%|/|/|/|/|/|

**Scheduled showings update for Oppehheimer for the next few days:**

|Day |  Number of Showings |Presales|Projection
:----------- |:-----------:|:-----------:|:-----------:|  
Today|20504|$167k|$714k
Saturday|20568|$497k|$1.65M
Sunday|15720|$141k|$1.32M

---

###**No More Bets**

Stays ahead of Oppenheimer for today but will likely fall behind again tomorrow just like last week. It is on the verge of $520M.

After adding another 156k admissions today it is now just 688k behind behind Ful River Red which is the highest grossing and viewed movie of the year.

|#|SAT |SUN |MON|TUE|WED|THU|FRI|Total
:-----------:|:-----------:|:------------:|:------------:|:------------:|:------------:|:------------:|:------------:|:------------:|:------------:|		
Fifth Week|$6.57M|$4.88M|$1.87M|$1.75M|$1.64M|$1.56M|$2.14M|$510.04M		
Sixth Week|$3.08M|$2.29M|$0.83M|$0.82M|$0.79M|$0.73M|$0.87M|$519.45M		
|%± LW|-53%|-53%|-56%|-53%|-51%|-53%|-59%|/|

**Scheduled showings update for No More Bets for the next few days:**

|Day |  Number of Showings |Presales|Projection
:----------- |:-----------:|:-----------:|:-----------:|
Today|36276|$89k|$850k
Saturday|35262|$164k|$1.49M
Sunday|23074|$21k|$1.09M
---

###**Creation Of The Gods**

Takes a beating on Friday but still ends up beating projections which means the whole weekend is now looking closer to $1.7M(-49%) instead of $1.5M

Confirmed for a US release in selected theaters on September 22nd. Will also be screened at some Imax theaters on the 20th September. 

|#|THU|FRI |SAT |SUN|MON|TUE|WED|Total
:-----------:|:-----------:|:------------:|:------------:|:------------:|:------------:|:------------:|:------------:|:------------:|:------------:|				
Eight Week|$0.68M|$0.93M|$1.25M|$1.16M|$0.41M|$0.41M|$0.38M|$356.10M	
Ninth Week|$0.36M|$0.35M|/|/|/|/|/|$356.81M		
|%± LW|-47%|-63%|/|/|/|/|/|/|	
**Scheduled showings update for Creation Of The Gods for the next few days:**

|Day |  Number of Showings |Presales|Projection
:----------- |:-----------:|:-----------:|:-----------:|   
Today|15492|$61k|$326k
Saturday|15608|$159k|$762k
Sunday|11121|$57k|$594k
---

###**Mid Autumn Festival/National Day Lineup:**

With the Holiday period fast approaching starting with the 3 day The Mid-Autumn Festival/Mooncake Festival on September 29th and connecting to the 7 day National Day/Golden Week starting on the 30th September China will have one of its lucrative periods for Box Office. Its not the strongest period for movies on the calendar mind you but it tends to produce at least 1 mid sized hit. Notably this period has produced the highest grossing movie of all time in China back in 2021 with the Battle At Lake Changjin.

For this year there's currently 11 movies scheduled. 6 animations, A Romance comedy alongside a Sports comedy, 2 Action crime dramas (A genre that has really been hot this year with No More Bets and Lost In The Stars and even Dust To Dust to an extent this week) and ofc a War movie.

Of all the movies The Ex-Files 4 seems like it has the biggest chance to break out massively but also one of the highest chances to underperform if WoM is not good. It became the 5th highest movie in history on the Want To See metric and will likely pass Avatar 2 for 4th tomorrow and Appartment Of Love(1554k) sometimes next week. Avengers End Game in 2nd at 1849k is likely a bit too far though.


|# | Movie |Want To See Number|Daily Increase| M/F Split|Most Popular Age Group|Genre|Release Date
:----------- |:-----------|:-----------:|:-----------:|:-----------:|:-----------:|:-----------:|:-----------:|:-----------:|
1|The Ex-Files 4             |1436k|26k|42/58 |20-24(38.5%)|Romance/Comedy     |28.9   
2|Under The Light            |217k |15k|52/48 |20-24(28.6%)|Action/Crime/Drama |28.9  
3|I am Nezha 2: Hero Returns |163k |1k |35/64 |20-24(27.2%)|Fantasy/Animation  |29.9  
4|Volonteur Army             |160k |5k |50/50 |20-24(26.7%)|History/War/Drama  |1.10   
5|Moscow Mission             |129k |7k |53/47 |20-24(20.8%)|Action/Crime/Drama |29.9  
6|Lose To Win                |66k  |4k |39/61 |20-24(26.7%)|Drama/Comedy       |28.9 
7|The Little Mermaid         |37k  |180|15/85 |30-34(32.3%)|Adventure/Animation|29.9 
8|PAW Patrol: TMM            |26k  |4k |23/77 |30-34(37.5%)|Adventure/Animation|29.9
9|BACKKOM BEAR: MARS MISSON  |12k  |1k |27/72 |30-34(23.5%)|Adventure/Animation|28.9
10|Kung Fu Tiger             |7k   |80 |30/70 |30-34(24.7%)|Adventure/Animation|29.9  
11|Pil's Adventure           |227  |124|/     |/           |Adventure/Animation|29.9  
---

###**Other stuff:**

The next big few holywood release is Paw Patrol 2 on the 29th right smack bang in the middle of the Holiday local releases. Will be interesting how much attention it gets. 

After that the next wave of releases probably hits in November when Marvels and Hunger Games come out. Between now and then Local movies will once again take or better said keep the spotlight through the Holiday Period at the end of September start of October.",2023-09-15T16:36:45,37,16,https://www.reddit.com/r/boxoffice/comments/16ji62u/in_china_expend4bles_opens_at_nr1_on_friday/,Mission: Impossible – Dead Reckoning Part One,"Mission: Impossible – Dead Reckoning Part One, Spider-Man: Across the Spider-Verse"
13zebxh,movies,Do you think animated movies should be eligible for the 'Best Cinematography' Oscar?,"I'm saying this just after coming out of *Spiderman: Across the Spider-Verse*, which visually is one of the most captivating films I've ever seen. In terms of cinematography, it's just stunningly well-framed. I've felt this way for other animated films in the past too: Toy Story 4, WALL-E, Fantastic Mr. Fox, the list goes on... 

There are many animated films that, in my opinion, go on to having some of the best cinematography of the year. And films with large percentages of 'animated' footage, such as Avatar, have even won the cinematography Oscar. Yet no 'classical' animated films have ever been considered. Do you think opening up the category would take away from the 'effort' that live-action filmmakers have to endure to get the perfect shot? Or do you think the awards circuit has prejudice against animated films when it comes to cinematography? Or do you think something else?",2023-06-03T14:20:35,0,12,https://www.reddit.com/r/movies/comments/13zebxh/do_you_think_animated_movies_should_be_eligible/,Spider-Man: Across the Spider-Verse,Spider-Man: Across the Spider-Verse
15upjum,boxoffice,In China No More Bets grossed $17M(-39%)/$330M on FRI. The new comedy Papa overperforms grossing $6.5M and pushing Creation Of The Gods to 3rd with $3.75M(-39%)/$299M. Another new release Death Notice comes in 4th with $2.9M pushing Meg 2 which passed $100M today down to 5th with $1.46M(-66%)/$101M,"---
#Daily Box Office (August 18th 2023)

A bloodbath as 3 new releases take command of 160k+ screenings leaving everything except Nore More Bets and Creation Of The Gods in a spiral downwards. 

**Papa:** The comedy opens above expectations and now has a shot at a 20M+ opening weekend. Its expanding from 52k screenings to 89k tomorrow.  WoM surprisingly pretty good opening with a 9.4 on Maoyan and also receiving decent reviews on Douban.

**Death Notice:** Also overperforms getting to almost $3M on Friday. Weekend now looking 8M+ instead of $5.5M.

**Miraculous: Ladybug &amp; Cat Noir, the Movie:** The only movie that underperforms expectations however still beats TMNT's opening day of $0.25M. Weekend now looking at just $1.6M which is however still enough to beat what TMNT will do in total.

**The Woman In The Storm:** drops a few spots on its 2nd day decresing and looking only slightly better for tomorrow. Looking at a $7M weekend and under $15M total.

|# | Movie |Gross|%YD| %LW|Screenings|Admisions(Today)|Total Gross|Projected Total Gross|
:----------- |:-----------|:-----------:|:-----------:|:-----------:|:-----------:|:-----------:|:-----------:|:-----------:|
1| No More Bets               |$17.05M |+10% |-36% |133805|2.9M  |$330.16M |$526M
2| Papa (Release)             |$6.50M  |/    |/    |51729 |1.1M  |$6.60M   |$52M
3| Creation Of The Gods       |$3.75M  |-2%  |-39% |41221 |0.63M |$298.83M |$352M
4| Death Notice(Release)      |$2.90M  |/    |/    |67642 |0.51M |$3.30M   |$19M
5| MEG 2: THE TRENCH          |$1.46M  |-31% |-66% |24110 |0.25M |$101.05M |$119
6| The Woman In The Storm     |$1.36M  |-19%|/     |31881 |0.24M |$4.28M   |$14M
7| 30,000 Miles From Chang’an |$0.50M  |-33% |-43% |8901  |0.09M |$240.40M |$248M
8| One And Only               |$0.48M  |-60% |-69% |8924  |0.09M |$119.09M |$128M
9| Miraculous: Ladybug &amp; Cat Noir (Release)|$0.43M  |/ |/|11088 |0.09M |$0.43M |$2.7M
10| Never Say Never           |$0.19M  |-55% |-62% |4777  |0.04M |$300.89M |$302M
11| Oh my School              |$0.16M  |-40% |-36% |4407  |0.03M |$49.92M  |$52M
12| Barbie                    |$0.07M  |-48% |-66% |1504  |0.01M |$34.06M  |$34M
13| Lost In The Stars         |$0.02M  |-65% |-66% |810   |0.004M|$486.58M |$487M 
14|MI7:Dead Reckoning         |$0.02M  |-30% |-66% |374   |0.003M|$48.38M  |$48.5M
15| TMNT: Mutant Mayhem       |$0.01M  |-75% |-95% |909   |0.002M|$1.19M   |$1.27M

*YD=Yesterday, LW=Last Week

---

###**No More Bets**

Officialy powers past $300M today. First day where its gained back ground vs[Lost In The Stars](https://i.imgur.com/th6HrYN.png). Tommorow and on Sunday its gonna take 2 more bigg chunks back and close the gap to under $15M

Scores slip by 0.1 on both Maoyan and Douban to 9.1 and 6.9 respectively.

|#|SAT |SUN |MON|TUE|WED|THU|FRI|Total
:-----------:|:-----------:|:------------:|:------------:|:------------:|:------------:|:------------:|:------------:|:------------:|:------------:|
First Week|$23.95M|$30.22M|$20.55M|$25.68M|$22.77M|$21.10M|$26.44M|$170.71M
Second Week|$37.76M|$35.16M|$19.07M|$17.84M|$17.08M|$15.53M|$17.05M|$330.16M
|%± LW|+53%|+16%|-9%|-30%|-24%|-26%|-36%|/|

**Scheduled showings update for No More Bets for the next few days:**

|Day |  Number of Showings |Presales|Projection
:----------- |:-----------:|:-----------:|:-----------:|
Today|133000|$1.76M|$17.78M
Saturday|133787|$3.16M|$26.64M
Sunday|99282|$527k|$24.30M
---

###**Creation Of The Gods**

The only movies besides No More Bets that holds somewhat respectably. Tomorrow it hits 50M admissions alongside $300M. 5th Weekend around 15-17M which could be the 2nd or 3rd best 5th weekend ever.

Reception remains very strong as it holds the 9.4 Maoyan and amazingly enough jumps from 7.7 to 7.8 on Douban even while 2 weeks deep into its run. 

|#|THU|FRI |SAT |SUN|MON|TUE|WED|Total
:-----------:|:-----------:|:------------:|:------------:|:------------:|:------------:|:------------:|:------------:|:------------:|:------------:|
Fourth Week|$5.21M|$6.12M|$10.53M|$9.77M|$4.62M|$4.32M|$4.13M|$291.25M	
Fifth Week|$3.83M|$3.75M|/|/|/|/|/|$298.83M			
|%± LW|-27%|-39%|/|/|/|/|/|/|
**Scheduled showings update for Creation Of The Gods for the next few days:**

|Day |  Number of Showings |Presales|Projection
:----------- |:-----------:|:-----------:|:-----------:|   
Today|41108|$543k|$4.07M
Saturday|39339|$1.20M|$6.55M
Sunday|30341|$208k|$6.03M
---

###**Meg 2**

Meg 2 passes $100M but feels the impact of the new releases and screenings cuts. It lost nearly 50% of its screenings % since yesterday and will probably not get them back anytime soon.

|#|FRI|SAT |SUN |MON|TUE|WED|THU|Total
:-----------:|:-----------:|:------------:|:------------:|:------------:|:------------:|:------------:|:------------:|:------------:|:------------:|
Second Week|$4.28M|$6.23M|$6.04M|$2.84M|$2.61M|$2.41M|$2.12M|$99.59M	
Third Week|$1.46M|/|/|/|/|/|/|$101.05M			
|%± LW|-66%|/|/|/|/|/|/|/|

**Scheduled showings update for The Meg 2 for the next few days:**

|Day |  Number of Showings |Presales|Projection
:----------- |:-----------:|:-----------:|:-----------:|
Today|23828|$170k|$1.91M
Saturday|23428|$394k|$2.25M
Sunday|15031|$80k|$2.13M
---

###**One and Only**

Another victim of todays masacre. Looks like it might not become Wang Yibo's best grossing movie after all.

|#|FRI|SAT |SUN |MON|TUE|WED|THU|Total
:-----------:|:-----------:|:------------:|:------------:|:------------:|:------------:|:------------:|:------------:|:------------:|:------------:|	
Third Week|$1.60M|$2.61M|$2.34M|$1.16M|$1.12M|$1.37M|$1.21M|$118.61M		
Fourth Week|$0.48M|/|/|/|/|/|/|$119.09M			
|%± LW|-69%|/|/|/|/|/|/|/|

**Scheduled showings update for One and Only for the next few days:**

|Day |  Number of Showings |Presales|Projection
:----------- |:-----------:|:-----------:|:-----------:|     
Today|8914|$91k|$854k
Saturday|11735|$195k|$771k
Sunday|10663|$55k|$732k
---
###**Other stuff:**

Next big few holywood releases are Oppenheimer on the 30th of August and Gran Turismo on the 1st September. Some WTS(Want To See Numbers) for those movies as well as some comparisons to how other revelant movies in a comparable number of days till release. **Note these are not pre-sales**. This is just a checkbox on Maoyan saying that your interested in the movie. The pre-sales are only ever in tables and compared to more than just 1-2 movies.

**Blue Beetle** 

BlueBeetleBattalion looks to have missed China since there's no sign of the movie releasing anytime soon

**TMNT**

A complete collapse of -95% or just $15k. Won't even pass $1.3M. One of the worst performing Holywood movies of the year.

**Gran Turismo** 42k(+0.4k)

**Oppenheimer** 262k(+7k) vs **ATSV** 223k(+9k)

**[The Ex-Files 4](https://wx2.sinaimg.cn/mw690/6ca013d1ly1hgw5bausj7j23de4s9he1.jpg)** 1.061M(+5k)",2023-08-18T16:40:42,19,4,https://www.reddit.com/r/boxoffice/comments/15upjum/in_china_no_more_bets_grossed_17m39330m_on_fri/,Mission: Impossible – Dead Reckoning Part One,Mission: Impossible – Dead Reckoning Part One
15y897j,boxoffice,Oppenheimer had its red carpet premiere in China today on Qixi Festival (Valentines Day) with Nolan himself present and giving interviews. Pre-sales for it also went live alongside it ahead of its wide rollout on the 30th.,,2023-08-22T14:57:41,293,72,https://i.redd.it/exobapg4eojb1.jpg,Oppenheimer,Oppenheimer
15p8i2c,boxoffice,In China No More Bets scores strong $37.32M(+53%)/$208M on SAT. $96-98M weekend. Creation Of The Gods in 2nd still going strong into its 4th Saturday with $10.53M(-27%)/$268M. Meg 2 in 3rd adds $6.23M(-65%)/$83.5M. TMNT bombs adding just $356k/$596k. Sub $1M OW incoming and likely a sub $1.5M finish,"---
#Daily Box Office (August 12th 2023)

No More Bets continues to lead comfortably. Behind Creation of The Gods remains 2nd with excelent holds even late into its run. 30,000 Miles From Chang’an pops back up with its usual strong weekend performances.

|# | Movie                 |Gross|%YD| %LW|Screenings|Admisions(Today)|Total Gross|Projected Total Gross|
:----------- |:-----------|:-----------:|:-----------:|:-----------:|:-----------:|:-----------:|:-----------:|:-----------:|
1| No More Bets               |$37.32M |+41%  |+53% |165210|6.4M  |$207.99M |$518M
2| Creation Of The Gods       |$10.53M |+72%  |-27% |66592 |1.7M  |$268.41M |$349M
3| MEG 2: THE TRENCH          |$6.23M  |+46%  |-65% |59955 |1.0M  |$83.54M  |$123M
4| One And Only               |$2.61M  |+67%  |-65% |35446 |0.45M |$111.37M |$135M
5| 30,000 Miles From Chang’an |$1.82M  |+106% |-36% |13506 |0.32M |$234.43M |$250M
6| Never Say Never            |$0.71M  |+42%  |-42% |9234  |0.13M |$297.75M |$305M
7| Oh my School               |$0.38M  |+52%  |-36% |6348  |0.07M |$48.14M  |$52M
8| TMNT: Mutant Mayhem        |$0.36M  |+45%  |/    |12873 |0.07M |$0.61M   |$1.27M
9| Barbie                     |$0.31M  |+55%  |-58% |3444  |0.06M |$33.05M  |$34M
10|MI7:Dead Reckoning         |$0.11M  |+83%  |-42% |738   |0.02M |$48.09M  |$48.5M
11| Lost In The Stars         |$0.08M  |+30%  |-43% |1554  |0.01M |$486.21M |$486.5M 

*YD=Yesterday, LW=Last Week

---

###**No More Bets**

After the overperformance today it seems the weekend is settling into the $97-98M range. Just shy of $100M. It and [Lost In The Stars](https://i.imgur.com/UZiHmFC.png) once again do the switchero.

Reception remains just ok but it doesn't seem to be affecting the movie in any way. Maoyan score holds at 9.2. Douban at 7.0.

|#|SAT |SUN |MON|TUE|WED|THU|FRI|Total
:-----------:|:-----------:|:------------:|:------------:|:------------:|:------------:|:------------:|:------------:|:------------:|:------------:|
First Week|$23.95M|$30.22M|$20.55M|$25.68M|$22.77M|$21.10M|$26.40M|$170.67M
Second Week|$37.32M|/|/|/|/|/|/|$207.99M
|%± LW|+53%|/|/|/|/|/|/|/|

**Scheduled showings update for No More Bets for the next few days:**

|Day |  Number of Showings |Presales|Projection
:----------- |:-----------:|:-----------:|:-----------:|
Today|165066|$5.04M|$33.87M
Sunday|165234|$4.37M|$33.44M
Monday|132155|$208k|$17.69M

---

###**Meg 2**

A bit better today but still not great. Still looking at a $16M(-70%) 2nd weekend.

Scores seem to have stabilized on a 9.0 on Maoyan and 5.6 on Douban.

|#|FRI|SAT |SUN |MON|TUE|WED|THU|Total
:-----------:|:-----------:|:------------:|:------------:|:------------:|:------------:|:------------:|:------------:|:------------:|:------------:|
First Week|$20.32M|$17.83M|$14.83M|$6.47M|$5.03M|$4.46M|$4.08M|$73.03M
Fourth Week|$4.28M|$6.23M|/|/|/|/|/|$83.54M	
|%± LW|-79%|-65%|/|/|/|/|/|/|

**Scheduled showings update for The Meg 2 for the next few days:**

|Day |  Number of Showings |Presales|Projection
:----------- |:-----------:|:-----------:|:-----------:|
Today|59499|$896k|$6.10M
Sunday|51682|$898k|$5.61M
Monday|26617|$17k|$2.35M

---
###**Barbie**

Passes $33M and maybe has another million or so left in the tank at best.

|#|FRI|SAT |SUN |MON|TUE|WED|THU|Total
:-----------:|:-----------:|:------------:|:------------:|:------------:|:------------:|:------------:|:------------:|:------------:|:------------:|
Third Week|$0.57M|$0.75M|$0.80M|$0.36M|$0.27M|$0.25M|0.24M|$32.54M		
Fourth Week|$0.20M|$0.31M|/|/|/|/|/|$33.05M		
|%± LW|-58%|-58%|/|/|/|/|/|/|

**Scheduled showings update for Barbie for the next few days:**

|Day |  Number of Showings |Presales|Projection
:----------- |:-----------:|:-----------:|:-----------:|
Today|3362|$100k|$268k
Sunday|4526|$115k|$330k
Monday|3010|$9k|$165k

---
###**Creation Of The Gods**

Another excelent day up a great 72% from yesterday and has managed to claw back into the sub 30% drops from last week. Legging out really well. 

Reception remains very strong as it holds the 9.4 Maoyan and amazingly enough jumps from 7.7 to 7.8 on Douban even while 2 weeks deep into its run. 

|#|THU|FRI |SAT |SUN|MON|TUE|WED|Total
:-----------:|:-----------:|:------------:|:------------:|:------------:|:------------:|:------------:|:------------:|:------------:|:------------:|
Third Week|$8.27M|$9.27M|$14.55M|$13.82M|$6.30M|$5.49M|$5.40M|$246.55M	
Fourth Week|$5.21M|$6.12M|$10.53M|/|/|/|/|$268.41M		
|%± LW|-37%|-34%|-27%|/|/|/|/|/|
**Scheduled showings update for Creation Of The Gods for the next few days:**

|Day |  Number of Showings |Presales|Projection
:----------- |:-----------:|:-----------:|:-----------:|   
Today|65776|$1.92M|$11.03M
Sunday|63704|$1.76M|$9.81M
Monday|33729|$70k|$4.41M

---

###**One and Only**

Passes $110M today. Needs about another $17-18M to become Wang Yibo's highest grossing movie.

|#|FRI|SAT |SUN |MON|TUE|WED|THU|Total
:-----------:|:-----------:|:------------:|:------------:|:------------:|:------------:|:------------:|:------------:|:------------:|:------------:|
Second Week|$5.92M|$7.50M|$5.67M|$2.48M|$1.89M|$1.73M|$1.60M|$107.20M		
Third Week|$1.60M|$2.61M|/|/|/|/|/|$111.37M		
|%± LW|-74%|-65%|/|/|/|/|/|/|

**Scheduled showings update for One and Only for the next few days:**

|Day |  Number of Showings |Presales|Projection
:----------- |:-----------:|:-----------:|:-----------:|     
Today|35296|$503k|$2.50M
Sunday|16085|$409k|$1.95M
Monday|14035|$27k|$1.17M

---
###**Other stuff:**

Next big few holywood releases are Oppenheimer on the 30th of August and Gran Turismo on the 1st September. Some WTS(Want To See Numbers) for those movies as well as some comparisons to how other revelant movies in a comparable number of days till release. Note these are not pre-sales. This is just a checkbox on Maoyan saying that your interested in the movie. The pre-sales are only ever in tables.

**TMNT**

A massive bomb. Won't even clear $1M for its opening weekend. Way below Indy and TLM which both cleared 2. Total wise its gonna make a bit more than a 3rd of TLM.

**Gran Turismo** 37k(+1.6k)

**Oppenheimer** 217k(+8k) vs **ATSV** 180k(+4k)",2023-08-12T16:10:47,30,12,https://www.reddit.com/r/boxoffice/comments/15p8i2c/in_china_no_more_bets_scores_strong_3732m53208m/,Mission: Impossible – Dead Reckoning Part One,Mission: Impossible – Dead Reckoning Part One
15e73qe,boxoffice,"In last 15 years, 7 Nolan movies made a total of 5.4 billion WW","There is a lot of talk going on about whether Nolan is bigger or Cameron. Obviously Cameron is a box office enigma and its astonishing how he avgs almost 2.65 billion in last 2 Avatar movies, heres an interesting stat I want to point out - Nolan in same time frame (post 2008) had 7 releases including TDK and his movies made 5.4B WW, an avg of almost 770M. 

If one were to exclude Tenet since it was an anomaly (still 360M during peak covid pre vaccine is outstanding), then his movies avg becomes almost 850M! 

Mind you that only 2 out of his 7 were IP. Pretty astonishing boxoffice figures. Clearly, one of the biggest directors ever in terms of box office draw on name alone!

Edit: I considered Oppenheimers total as 700M WW",2023-07-31T05:30:42,316,73,https://www.reddit.com/r/boxoffice/comments/15e73qe/in_last_15_years_7_nolan_movies_made_a_total_of/,Oppenheimer,Oppenheimer
1691387,boxoffice,Japan weekend box office September 1-3,https://twitter.com/Franspeech/status/1698337833730089446?t=hOKjTstRwGChey4i7BNMkw&amp;s=19,2023-09-03T16:18:37,18,9,https://i.redd.it/uyj1042wf2mb1.jpg,Mission: Impossible – Dead Reckoning Part One,Mission: Impossible – Dead Reckoning Part One
145keoq,movies,What movie did you have a hard time hearing dialogue during?,"We are hearing reports all about how people are complaining about how Across The Spider Verse had scenes that were hard to hear and there's lots of worries that Oppenheimer could have scenes where you can't hear the dialogue because of sound mixing or a loud score. Back in 2012, It was pretty hard to hear Bane speak. What are other movies that you all had problems hearing certain points of dialogue?",2023-06-09T23:34:01,13,93,https://www.reddit.com/r/movies/comments/145keoq/what_movie_did_you_have_a_hard_time_hearing/,Spider-Man: Across the Spider-Verse,Spider-Man: Across the Spider-Verse
15n0jet,movies,"Do studios really ""not make comedies anymore""?","So Adam Devine's comments lately that ""comedies have been replaced by Marvel movies"" got me thinking; a lot of people seem to think that comedies *never* come out in theaters anymore. Some just are curious why and miss them...others blame ""wokeness"" and say people are too sensitive to make comedies anymore

But is it true? Do they not make comedies anymore? Because, not counting Marvel movies or animated movies, I can think of a lot of comedies made by major studios that came out in theaters in wide release this year:

80 For Brady

Renfield

Barbie

Cocaine Bear

Joy Ride

No Hard Feelings

The Machine

About My Father

House Party

Champions

Operation Fortune

Book Club The Next Chapter

The Blackening

&amp;#x200B;

And we also have Strays, Bottoms, and My Big Fat Greek Wedding 3 coming out

&amp;#x200B;

So that's 15 comedies coming out in wide release this year which isn't that bad

&amp;#x200B;

So why do so many people think studios ""don't make comedies anymore""?

&amp;#x200B;

I think the real problem is well...*audiences* don't watch comedies anymore. Of the movies I've listed the only hits are Barbie and, to a way lesser extent, Cocaine Bear and No Hard Feelings. These other movies barely broke even or outright flopped

&amp;#x200B;

So I think the real problem isn't that studios don't make comedies anymore; they make plenty of comedies. The real problem is, unless it's based on a huge property (Barbie) or has a gimmick that draws people in (Cocaine Bear), people don't pay money to see comedies in theaters

&amp;#x200B;

And, because of that, the comedies that are going to theaters come and go quickly that people forget they even exist. And, ergo, people think studios don't make theatrical comedies anymore because they forgot about the comedies that did actually get into theaters

&amp;#x200B;

But what do you think? Do you think people take the lack of comedies too, well, seriously or do you have any other thoughts on whether or not there is an actual dearth of comedies in theaters?",2023-08-10T03:17:02,0,39,https://www.reddit.com/r/movies/comments/15n0jet/do_studios_really_not_make_comedies_anymore/,Barbie,Barbie
16ht4pc,boxoffice,"In China Dust To Dust continues to lead on Wednesday with $2.48M/$30.8M. No More Bets in 2nd with $0.79M(-51%)/$518M creeps further away from Oppenheimer which added $0.67M(-57%)/$49M on its 2nd Wednesday vs MI7($0.66M), TF( $1.86M), GOTG3($0.87M). Expend4bles 4 OD projection downgraded to $3M.","---
#Daily Box Office (September 13th 2023)

Slightly late with this one since work got in the way. Also &lt;3 mods. Didn't even notice it yesterday

Once again no changes at the top and it will likely remain that way until Friday when Expend4bles, Haunting in Venice and the local movie Tainted Love drop.

**Dust To Dust:** Continues to lead the BO but sees a worse drop than movies around it. It continued to dominates all the Metropolitan cities. All City ties in general and all provinces.

**Province map of the day:**

https://i.imgur.com/jhHLRgD.png


|# | Movie |Gross|%YD| %LW|Screenings|Admisions(Today)|Total Gross|Projected Total Gross|
:----------- |:-----------|:-----------:|:-----------:|:-----------:|:-----------:|:-----------:|:-----------:|:-----------:|
1| Dust To Dust               |$2.48M |-14%   |/    |106998|0.50M |$30.78M  |$54M  
2| No More Bets               |$0.79M |-3%    |-51% |55189 |0.15M |$517.85M |$523M
3| Oppenheimer                |$0.67M |-5%    |-57% |35178 |0.12M |$49.08M  |$55M
4| Creation Of The Gods       |$0.38M |-6%    |-47% |25703 |0.07M |$356.10M |$359M
5| All Ears                   |$0.25M |+5%    |/    |25227 |0.04M |$2.81M   |$4.6M
6| Papa                       |$0.19M |-4%    |-60% |22559 |0.03M |$81.20M  |$87M
7| The Woman In The Storm     |$0.11M |+1%    |-68% |11380 |0.02M |$23.69M  |$25M
8| MEG 2: THE TRENCH          |$0.06M |-1%    |-62% |6544  |0.01M |$116.99M |$117M
9| Flaming Cloud              |$0.03M |-2%    |/    |10418 |0.004M|$0.60M   |$0.8M
10| One And Only              |$0.03M |+1%    |-65% |2078  |0.004M|$125.43M |$126M
11| Gran Turismo              |$0.02M |-4%    |-75% |1944  |0.004M|$1.69M   |$2M
12| 30,000 Miles From Chang’an|$0.02M |-5%    |-60% |2761  |0.003M|$250.31M |$251M

*YD=Yesterday, LW=Last Week

---

###**Oppenheimer**

Pretty average day. Early weekend projection have it falling of a cliff with $2.3M(-75%)

https://i.imgur.com/qKAERPB.png

After passing MI7 in LC yesterday it has passed it in $ today.

|#|WED|THU |FRI |SAT|SUN|MON|TUE|Total
:-----------:|:-----------:|:------------:|:------------:|:------------:|:------------:|:------------:|:------------:|:------------:|:------------:|			
Second Week|$1.58M|$1.38M|$2.13M|$4.13M|$3.14M|$0.74M|$0.71M|$48.41M	
Third Week|$0.67M|/|/|/|/|/|/|$49.08M		
|%± LW|-57%|/|/|/|/|/|/|/|

**Scheduled showings update for Oppehheimer for the next few days:**

|Day |  Number of Showings |Presales|Projection
:----------- |:-----------:|:-----------:|:-----------:|  
Day|Number of Showings|Presales|Projection
Today|34425|$131k|$695k
Thursday|34014|$122k|$585k
Friday|13554|$65k|$467k

---

###**No More Bets**

Once again creeps a bit further ahead of Oppenheimer. This gap might come in handy as it is currently projected to make $2.4M(-68%) on the weekend which would put it ahead if Oppenheimer. 

After adding another 144k admits today it has passed 90.5M admissions. Its now 1.16M admissions behind Ful River Red which is the highest grossing and viewed movie of the year.

|#|SAT |SUN |MON|TUE|WED|THU|FRI|Total
:-----------:|:-----------:|:------------:|:------------:|:------------:|:------------:|:------------:|:------------:|:------------:|:------------:|		
Fifth Week|$6.57M|$4.88M|$1.87M|$1.75M|$1.64M|$1.56M|$2.14M|$510.04M		
Sixth Week|$3.08M|$2.29M|$0.83M|$0.82M|$0.79M|/|/|$517.85M		
|%± LW|-53%|-53%|-56%|-53%|-51%|/|/|/|

**Scheduled showings update for No More Bets for the next few days:**

|Day |  Number of Showings |Presales|Projection
:----------- |:-----------:|:-----------:|:-----------:|
Today|53817|$66k|$800k
Thursday|540101|$92k|$719k
Friday|19975|$23k|$611k
---

###**Creation Of The Gods**

Also no massive movements here. Early weekend projections at $1.48M(-55%). Likely to be its last weekend above $1M. Pretty good for a movie that opened to less than $50M back in July.

Confirmed for a US release in selected theaters on September 22nd. Will also be screened at some Imax theaters on the 20th September. 

|#|THU|FRI |SAT |SUN|MON|TUE|WED|Total
:-----------:|:-----------:|:------------:|:------------:|:------------:|:------------:|:------------:|:------------:|:------------:|:------------:|			
Seventh Week|$1.25M|$1.28M|$2.68M|$2.17M|$0.79M|$0.75M|$0.72M|$350.92M		
Eight Week|$0.68M|$0.93M|$1.25M|$1.16M|$0.41M|$0.41M|$0.38M|$356.10M		
|%± LW|-45%|-27%|-52%|-46%|-47%|-45%|-47%|/|
**Scheduled showings update for Creation Of The Gods for the next few days:**

|Day |  Number of Showings |Presales|Projection
:----------- |:-----------:|:-----------:|:-----------:|   
Today|25670|$40k|$385k
Thursday|26166|$39k|$368k
Friday|8699|$16k|$312k
---

###**Mid Autumn Festival/National Day Lineup:**

With the Holiday period fast approaching starting with the 3 day The Mid-Autumn Festival/Mooncake Festival on September 29th and connecting to the 7 day National Day/Golden Week starting on the 30th September China will have one of its lucrative periods for Box Office. Its not the strongest period for movies on the calendar mind you but it tends to produce at least 1 mid sized hit. Notably this period has produced the highest grossing movie of all time in China back in 2021 with the Battle At Lake Changjin.

For this year there's currently 10 movies scheduled. 5 animations, A Romance comedy alongside a Sport comedy, 2 Action crime dramas (A genre that has really been hot this year with No More Bets and Lost In The Stars and even Dust To Dust to an extent this week) and ofc a War movie.


Of all the movies The Ex-Files 4 likely has the biggest ceeling but also probably the biggest chance to underperform if WoM is terrible. The rest are more of a mystery although Lose To Win had some screenings to the press today and the reception is fairly positive with people calling it more than just a straight up comedy with it also tackling some serious topics and being quite sincere.



|# | Movie |Want To See Number|Daily Increase| M/F Split|Most Popular Age Group|Genre|Release Date
:----------- |:-----------|:-----------:|:-----------:|:-----------:|:-----------:|:-----------:|:-----------:|:-----------:|
1|The Ex-Files 4             |1390k|22k|42/58 |20-24(38.5%)|Romance/Comedy     |28.9   
2|Under The Light            |192k |13k|50/50 |20-24(28.6%)|Action/Crime/Drama |28.9  
3|I am Nezha 2: Hero Returns |161k |1k |35/64 |20-24(27.2%)|Fantasy/Animation  |29.9  
4|Volonteur Army             |152k |2k |50/50 |20-24(26.7%)|History/War/Drama  |1.10   
5|Moscow Mission             |117k |4k |53/47 |20-24(20.8%)|Action/Crime/Drama |29.9  
6|Lose To Win                |58k  |3k |39/61 |20-24(26.7%)|Drama/Comedy       |28.9 
7|The Little Mermaid         |36k  |124|15/85 |30-34(32.3%)|Adventure/Animation|29.9 
8|PAW Patrol: TMM            |20k  |2k |23/77 |30-34(37.5%)|Adventure/Animation|29.9
9|BACKKOM BEAR: MARS MISSON  |10k  |654|27/72 |30-34(23.5%)|Adventure/Animation|28.9
10|Kung Fu Tiger             |7k   |70 |30/70 |30-34(24.7%)|Adventure/Animation|29.9  
---

###**Other stuff:**

Next big few holywood releases are Expendables 4 on the 15th alongside Hauting in Venice. After that the next wave of releases probably hits in November when Marvels and Hunger Games come out. Between now and then Local movies will once again take or better said keep the spotlight through the Holiday Period at the end of September start of October.

**Expend4bles**

Really fell of pace wise today. Opening day projections downgraded down to $3M

|Days till release | Expend4bles | MI7:DR |Guardians Of The Galaxy 3|Transformers ROTB|Super Mario|Flash|
:----------- |:-----------:|:-----------:|:-----------:|:-----------:|:-----------:|:-----------:|:-----------:|:-----------:|:-----------:|
7|$20k/19541 |           |$22k/15240    |       |     $46k/9022        |$55k/25536  
6|$59k/24843 |           |$97k/24240    |             |$70k/11223    |$75k/29394  
5|$105k/28469|$54k/18328 |$165k/30650   |$121k/71289  |$101k/13146    |$94k/32185  
4|$156k/32448|$152k/25041|$246k/35550   |$312k/83324  |$153k/16547    |$120k/33768 
3|$217k/40472|$380k/35490|$343k/42013   |$592k/94438  |$234k/20670   |$191k/43693 		
2|$320k/55240|$686k/47552|$486k/52243   |$946k/106022 |$347k/23740 |$285k/61693  
1|$423k/86288|$1.10M/73634|$801k/74490|$1.45M/136762|	$624k/42325|$484k/93693	|
0||$2.08M/94634| $1.84M/101271|$2.78M/162406|$1.75M/61559|$986k/123693|",2023-09-13T17:26:55,14,2,https://www.reddit.com/r/boxoffice/comments/16ht4pc/in_china_dust_to_dust_continues_to_lead_on/,Mission: Impossible – Dead Reckoning Part One,Mission: Impossible – Dead Reckoning Part One
15t9csg,boxoffice,"Can Oppenheimer gross 340 million more dollars, crossing the billion dollar mark?","This movie is doing way better than alot of people thought. Of course Barbenheimer is a big factor, but people are returning for this movie, and it’s IMAX showings are still doing very well.

[View Poll](https://www.reddit.com/poll/15t9csg)",2023-08-17T01:55:36,21,39,https://www.reddit.com/r/boxoffice/comments/15t9csg/can_oppenheimer_gross_340_million_more_dollars/,Barbie,Barbie
159b1xg,movies,Why are these blockbusters so expensive?,"I don't think I'm breaking new ground here by pointing out how we've had some high profile flops this summer season. 

Fast X, Indy 5, The Flash, and MI7 have had rough outings. All supposed tent pole films not only not turning in a profit, but costing the studios 100s of millions in losses, and I'd say deservedly so. 

The connecting factor of most of these films is that they are all *absurdly* expensive, with The Flash being the cheapest at around $200 million. 

My question is: How? I thought studios loved cutting corners, who greenlit all these crazy budgets?

Any studios insiders have any idea? Is it just COVID? Reshoots? Arrogance? I'd love to see what the thought process behind these decisions are like. ",2023-07-25T15:04:29,0,40,https://www.reddit.com/r/movies/comments/159b1xg/why_are_these_blockbusters_so_expensive/,Mission: Impossible – Dead Reckoning Part One,Mission: Impossible – Dead Reckoning Part One
16vzo5c,movies,Has anyone tried Limiting frames like spider-verse or puss in boots action scenes but with live action instead?,"I understand why the technique is known to be used in animation. cause it only makes sense.

but I feel like with a certain style of more comical movies, like the recent barbie movie, or kick ass where the visuals are a lot more..... wacky? it could work.

My main question is, has anyone even tried pulling it off?

by it I mean ""strategically hand-picking/creating frames, and then limiting the scene to only those specific frames"".

&amp;#x200B;

cause I can't think of a movie that has done it in live action and while I can see it going very wrong, I also think it could work out extremely well.

&amp;#x200B;

Ps: I know some stuff, but I am by no means an expert so I apologize If I sound really stupid",2023-09-30T06:36:40,0,11,https://www.reddit.com/r/movies/comments/16vzo5c/has_anyone_tried_limiting_frames_like_spiderverse/,Barbie,Barbie
15z3qnd,boxoffice,🇯🇵 Japan Box Office - August 23 (Discount Day),,2023-08-23T13:19:42,33,9,https://i.imgur.com/FHt8iRC.jpg,Mission: Impossible – Dead Reckoning Part One,Mission: Impossible – Dead Reckoning Part One
15849ri,TrueFilm,Nolan and the current CGI discourse.,"Does anybody feel that the whole discourse surrounding Nolan and his apparent disdain for CG has reached toxic levels? Especially in light of the news that he hasn't credited 80% of the people who worked on the VFX of Oppenheimer.

Personally, as someone who feels that CG is an incredibly effective tool that has given us some amazing sequences ( and I'm not just referring to the great, but obvious examples like, say, Avatar or Gollum or Caesar, but more so something like Fincher's skillful use of them ), the whole current 'Everything is done for real' anti-CG trend just feels thoroughly mean-spirited to me, especially when they're downright lies and downplays the contributions of hundreds of CG artists who've put in their blood, sweat and tears into the work.

And it's not just Oppenheimer, I noticed this with the new Mission Impossible, where all the marketing suggested that ALL the stunts were practical whereas it's evident that CG has been used ( quite judiciously I might add ) in all of the stunts ( something that even the director confirmed ).

At this point, being a CG artist feels like an utterly thankless job - you do your job well, and nobody notices and are blamed when it doesn't turn out 100% perfect. All that after working for low pay under insane crunch and deadlines.

Lastly, and this may be an unpopular opinion - Nolan's distaste for CG actually affects his work adversely in my humble opinion. Post Inception, none of his films's set pieces have ever filled me with awe or felt spectacular to me, Interstellar being the sole exception.

CG works great in accentuating the impact of a set piece, even if it is mostly practical ( George Miller himself has admitted to used a lot of CG to heighten the impact of the stunts in Mad Max: Fury Road ) but most of Nolan's set pieces post Inception have fell flat to me. Not least of which was the much hyped Trinity Test sequence in Oppenheimer. The build up to the test was more exciting than the actual test itself. In fact, if anyone here has seen Twin Peaks Season 7, I wager you can attest to the fact that same test sequence in that film ( done with CG I might add ) conveyed way more of the dread, awe and sheer terror of an atomic bomb blast.",2023-07-24T08:15:30,61,50,https://www.reddit.com/r/TrueFilm/comments/15849ri/nolan_and_the_current_cgi_discourse/,Oppenheimer,"Mission: Impossible – Dead Reckoning Part One, Oppenheimer"
13x0o52,boxoffice,"It was previously confirmed Oppenheimer pre-sale tickets would be available tomorrow, but Showcase Cinemas has announced only IMAX tickets will be on sale. Standard showing tickets are assumed to be available at a later date.",,2023-05-31T22:45:25,20,9,https://i.redd.it/5xezucwaea3b1.jpg,Oppenheimer,Oppenheimer
15px5je,boxoffice,🇪🇸 Spain Box Office - August 12,,2023-08-13T12:04:37,14,5,https://i.imgur.com/NyUkEis.jpg,Mission: Impossible – Dead Reckoning Part One,Mission: Impossible – Dead Reckoning Part One
14zcuj5,movies,What is with all 2023 Hollywood summer blockbusters having the same plot structure,"There have been three movies this summer and all of them the typical Hollywood summer blockbuster and all three involve finding a MacGuffin that is split into two halves in two different parts of the world with the protagonists having to find before the antagonists gets their hands on it and save the world from impending doom.

And one more coincidence all three have a female sidekick to string along the mission with two of them being thieves playing the same type of character.

Guess what Mission: Impossible 7, Transformers 7 and Indiana Jones 5 all feature the same plot structure.

And yes Uncharted last year had the same plot with two crosses which serves as the MacGuffin and a female sidekick who once again plays a thief.

Infact this and MI7 may as well be the same movie.

So did they all rip off from the same script or Hollywood has already started using AI for its scripts.",2023-07-14T10:33:59,0,30,https://www.reddit.com/r/movies/comments/14zcuj5/what_is_with_all_2023_hollywood_summer/,Mission: Impossible – Dead Reckoning Part One,Mission: Impossible – Dead Reckoning Part One
15033jf,boxoffice,"The story behind Barbenheimer, the summer’s most online movie showdown. 🎟️ The very online showdown between Greta Gerwig’s “Barbie” and Christopher Nolan’s “Oppenheimer” all started with a date: July 21.",,2023-07-15T05:31:08,9,1,https://abcnews.go.com/Business/wireStory/story-barbenheimer-summers-online-movie-showdown-101293268,Oppenheimer,Oppenheimer
156ydlc,boxoffice,Early Weekend Estimates: BARBIE ($165-170M+) and Nolan’s OPPENHEIMER ($75-80M+) Drive Historic Weekend as ‘Barbenheimer’ Craze Takes Over Cinemas - Boxoffice,,2023-07-22T23:14:10,223,54,https://www.boxofficepro.com/early-weekend-report-barbie-scores-22-3m-oppenheimer-posts-10-5m-as-barbenheimer-takes-over/,Oppenheimer,Oppenheimer
15vj5eq,boxoffice,"‘Oppenheimer’ Soaring Past $700M Global Box Office Today, Will Overtake Christopher Nolan’s ‘Interstellar’ On Sunday",,2023-08-19T15:26:27,586,116,https://deadline.com/2023/08/oppenheimer-milestone-global-box-office-dunkirk-christopher-nolan-cillian-murphy-1235455759/,Oppenheimer,Oppenheimer
15nvzcg,boxoffice,Australian Box Office for the week ending 9 August 2023,"This week's box office continued the strong run from the past few weeks, with the Barbenheimer phenomenon continuing and MI7 maintaining its strong run here. These three were joined by **Meg 2: The Trench** debuting in 3rd place with almost $4m in takings, a figure that would normally see it at the top of the list. Australian horror film **Talk to Me** dropped below the $1m mark but was still in 5th place.

Bollywood film **Bro** and US films **Insidious: TRD &amp; Transformers: ROTB** all departed from the Top 10 this week to be replaced by UK film **The Miracle Club** and Chinese film **Never Say More**.

**Barbie** is now the 8th highest-grossing film in the history of Australian cinema (non-inflation adjusted) having moved past **Avengers: Infinity War** and will go past **The Lion King** by the end of the weekend.

Thanks to flicks.com.au for the below figures.

1. Barbie - $13.93m (cume total $63.38m)
2. Oppenheimer - $6.50m ($28.66m)
3. Meg 2: The Trench - $3.84m (new)
4. MI7 - $1.15m ($19.67m)
5. Talk to Me - $883k ($2.10m)
6. Rocky Aur Rani Kii Prem Kahaani - $535k ($1.17m)
7. The Miracle Club - $461k (new)
8. Indy 5 - $248k ($15.98m)
9. Elemental - $245k ($16.60m)
10. Never Say Never - $121k (new)",2023-08-11T02:20:55,12,4,https://www.reddit.com/r/boxoffice/comments/15nvzcg/australian_box_office_for_the_week_ending_9/,Barbie,"Barbie, Mission: Impossible – Dead Reckoning Part One"
15vb0k1,boxoffice,U.K. Box Office for Friday 18th August. Barbie (£1.02m) / Oppenheimer (£708k) / Blue Beetle (£459k) / Strays (£179k),,2023-08-19T08:59:48,56,26,https://i.redd.it/pcvymbfx71jb1.jpg,Mission: Impossible – Dead Reckoning Part One,Mission: Impossible – Dead Reckoning Part One
159uk79,TrueFilm,Really good write-up of Barbie by Max Karson,"I don't agree with everything here but I think he gets to the heart of why this movie is a mess and doesn't really work with it's messaging. Definitely has some funny moments though. 

Original tweet here: https://twitter.com/mrgirlreturns/status/1683710330537656321?t=PCdsRsZWpHVASPn_FqFEOQ&amp;s=19

I Hate Barbie

1. “Irrepressible thoughts of death”

My hometown of Amherst, MA was so liberal that no one ever made fun of me for having a lesbian mother.

From birth I was taught to hate Barbie. She was predatory and damaging to young girls. She was anorexia personified.

While I still call myself a progressive, I’ve eschewed some of the more radical Amherst dogma for centrist positions.

But they were right about Barbie.

From the University of Oxford Press:
""In a study published in the journal Developmental Psychology, girls aged 5 to 8 were exposed either to traditional Barbies, to the Emme doll (size 16) or to no dolls (control). Results indicated that these little girls exposed to Barbie had lower self esteem and poorer body image than those in the comparison groups. These results are troubling because poorer body image is related to a host of issues such as disordered eating and weight cycling.""

And from Britannica: ""[…] in 1994 researchers in Finland announced that if Barbie were a real woman, she would not have enough body fat to menstruate.""

Barbie is peddled as an inspiration to girls with the tagline, “You can be anything,” and her 150 occupations are supposedly evidence of this.

Bullshit. Barbie is a 19-year-old fashion model who, like a porn actress, dresses up as a sexy doctor or politician sometimes. She has 150 costumes, but only one job.

I suspect girls are drawn to Barbie for the same reasons they obsess over Instagram—it feels bad in a way that is addictive.

Making women hate their bodies is profitable, and those who are best at it (like Kylie Jenner) have knack for branding themselves as uplifters of women.

They’re not.

You may be rolling your eyes at my sensitivity. “Liberals and their liberal shrinks think dolls can hurt little girls,” you say, chuckling with a self-assuredness no toy could ever impugn.

But the Barbie movie agrees with me—a spicy Latina teenager shouts as much right in Barbie’s face: “You've been making women feel bad about themselves since you were invented. You set the feminist movement back 50 years.”

She even calls Barbie a fascist.

Barbie, crying, responds: “She thinks I'm a fascist? I don't control the railways or the flow of commerce!”

A funny line, but wait—maybe the movie doesn’t agree with me, because now we’re mocking the teenage girl for calling Barbie out. What does Gerwig really think about this?

We never find out. A sickening fog of equivocation descends over the proceedings, allowing you to extract whatever convoluted message you want: Yeah, some feminists are really mad at Barbie, and they have every right to be angry, but maybe they overdo it a little—not that it’s a bad thing for women to be emotional—and hey, we at Mattel can laugh at ourselves, not that we’re dismissing your concerns, because they are valid concerns…

In an interview, Gerwig alluded to a fear of forgetting why she made the movie.

Greta Gerwig On Why She Rejected Idea Of Cutting ‘Barbie’ Scene With Margot Robbie &amp; Older Woman On The Bench

“I love that scene so much,” Gerwig told Rolling Stone. “And the older woman on the bench is the costume designer Ann Roth. She’s a legend. It’s a cul-de-sac of a moment, in a way — it doesn’t lead anywhere. And in early cuts, looking at the movie, it was suggested, ‘Well, you could cut it. And actually, the story would move on just the same.’ And I said, ‘If I cut the scene, I don’t know what this movie is about.'”

Ms. Gerwig, if the only scene that still touches your heart is an thematically-orphaned cul-de-sac, the movie is already not about what you want it to be about. The honest thing to do would be to cut the scene.

But the remnants of Gerwig’s vision do interest me. I think they’re still in the movie somewhere, lurking like a shipwreck under 13,000 feet of pink jello.

Barbie’s story begins when she finds she is having “irrepressible thoughts of death” which alienate her from the carefree inhabitants of Barbieland. Additionally, her pointed feet go flat and she develops a patch of cellulite, which we see very briefly (she reacts with horror, which is strange because one of the other Barbies is fat).

Our Barbie (dubbed Stereotypical Barbie) goes to see Weird Barbie (Kate McKinnon), a kind of witch doctor who tells Barbie that in order to fix things (her cellulite) she must go to the real world and figure out why her human counterpart/owner is sad, and stop her from telepathically projecting that sadness to Barbie.

Spoofing the Matrix, McKinnon gives Barbie a choice between a high heel and an old sandal: stay here or see the real world. Barbie chooses the high heel, preferring ignorance. Weird Barbie says she doesn’t actually have a choice and ushers her out to the real world.

This is the end of Act I, and the movie is already structurally ruined. Here is why:

At the beginning of our story, Barbie is perfect and her life is perfect—which makes it meaningless. Barbie wonders if there is something more out there, something more important than perfection.

But then, while still in Barbieland, her feet go flat and she gets cellulite.

This makes no sense. The cellulite should be the price of meaning, an obstacle she encounters along the way, and something she must accept as part of being human.

Instead, Kate McKinnon tells her that going to the real world will fix her cellulite.

How? And if Barbie is having irrepressible thoughts of death, how would seeing the real world fix that?

This is more equivocation from the filmmakers. They can’t just say Barbie is hollow and boring and it’s better to be a real woman who loves and shits and dies, but they also can’t say cellulite is bad and women should be perfect, so they hide behind a story that makes no sense.

To top it off, they have Barbie choose to stay in Barbieland, maybe because it would hurt the brand if she actually wanted to leave Barbieland of her own accord.

Ironically (given America Ferrara’s third-act monologue about expectations of women), our main character is not allowed to have flaws, yet is also not allowed to be perfect, and her only driving motivation is something the movie has decided it would be too weird to talk about—existential dread.

In a later scene, Barbie meets Rhea Pearlman (playing the creator of Barbie), who waxes poetic Barbie’s inspirational legacy.

Imagine instead if they’d had the conversation Gerwig really wanted—if Barbie had touched Perlman’s wrinkly face and asked, “Is it worth it?”

What a life- and woman-affirming movie we could have had if Perlman had replied, “Every wrinkle.”

At the end of the movie, Barbie does decide to “become human,” but there is no visual representation of this happening and it feels like a tacked-on ending.

2. The Patriarchy

Back in Amherst, I was also taught that women can’t be sexist, people of color can’t be racist, and white men are the origin of all bigotry.

That never made sense to me. I saw and experienced plenty of bigotry from women and people of color.

The prevailing explanation, then and now, is that because of the broader statistical power imbalances in society, it is impossible for white men to experience oppression in any situation.

While I will passionately acknowledge the unfair dominance of white men, I won’t ignore the fact that humans constantly interact in multiple overlapping power structures of all shapes and sizes.

Yes, your female boss can sexually harass you, even if the male CEO harasses her, too. Your black teacher can be racist to you, even if the white principal is racist to him. The oppression of women and minorities doesn’t excuse their own bigotry.

The Barbie movie relies heavily on this moral fallacy to explain its awful treatment of men.

In Barbieland, men are second-class citizens. They have no power and exist solely to pathetically vie for Barbie’s attention. Worse than being eye-candy, since no one likes looking at them, they are abandoned puppies.

From the song, “I’m Just Ken”:

""'Cause I'm just Ken
Anywhere else I'd be a ten
Is it my destiny to live and die a life of blonde fragility?
I'm just Ken
Where I see love, she sees a friend
What will it take for her to see the man behind the tan and fight for me?""

Ken’s torment is played for laughs, which is odd since he’s the only relatable character.

When Ken accompanies Barbie to the real world, he supposedly discovers patriarchy—mostly he is just excited to learn that men are allowed to be doctors, bankers, and lifeguards.

But when he tries to get these jobs, he is told that being a man isn’t qualification enough. So actually he learns that he is a loser with no job or purpose.

Despite seeing no evidence of a male-dominated society in Los Angeles, Ken returns to Barbieland and indeed establishes a patriarchy where the Barbies are brainwashed out of their important jobs and into subservience (they bring the Kens beer when asked).

Barbie and her human friends (America Ferrara and her teenage daughter, played by Ariana Greenblatt) are horrified by the role reversal, and this inspires an angry feminist speech from Ferrara that would be uplifting in another context, but falls flat here.

""It is literally impossible to be a woman. You are so beautiful, and so smart, and it kills me that you don’t think you’re good enough. Like, we have to always be extraordinary, but somehow we’re always doing it wrong. You have to be thin, but not too thin. And you can never say you want to be thin. You have to say you want to be healthy, but also you have to be thin. You have to have money, but you can’t ask for money because that’s crass. You have to be a boss, but you can’t be mean.

[…] I’m just so tired of watching myself and every single other woman tie herself into knots so that people will like us. And if all of that is also true for a doll just representing women, then I don’t even know.""

(Yes, I am aware of the many similarities between this and my most recent post.)

The speech appeals to our knowledge of the broad oppression of women, but it has nothing to do with the movie. Not only is Barbie unaware of sexism against women, she has lived her entire life in a matriarchy controlled by her.

Yet, she nods wistfully at Ferrara’s speech as if it deeply resonates with her.

It makes no sense. Patriarchy is not the shape of Barbie’s hell.

Barbie is in rich white girl hell. She is tormented by perfection, purity, sterility, safety, vapidity, and incomprehensible loneliness.

Again, I mourn Gerwig’s first screenplay draft, which I imagine asked the forbidden question: “What the fuck is the point of being Barbie?”

Rich white girl hell doesn't inspire uprisings, it makes people kill themselves.

Imagine the confusion and tumult in Barbieland if Barbie showed up to the beach with cuts all over her thighs. Picture the chaos if she shaved her head like Britney Spears.

Dream with me of a Barbie movie that addresses drug use, sex, eating disorders, and family relationships—you know, the issues the target audience is wrestling with.

Of course this is impossible, because Gerwig’s crosshairs would necessarily fix upon Barbie herself. So she blames men instead.

Barbie and her friends decide to dismantle Ken’s patriarchy. How do they do it?

Manipulation.

They pretend to be interested in The Godfather, they feign ineptitude at sports, they flirt with multiple men to create jealousy.

While the Kens are distracted, the brainwashed Barbies are taken into a van and deprogrammed by America Ferrara, who teaches them feminist platitudes like: “You have to be their mommy but not remind them of their mommy.”

In the final confrontation, Ken breaks down and expresses his pain about his unrequited love for Barbie.

She tells him she doesn't love him and he needs to go figure out who he is on his own.

Suddenly inspired, Ken agrees and sets off to discover himself. But this is a different ending than Barbie deciding to “become human?” Ken is going to self-actualize without becoming human, I guess. It’s a mess.

Matriarchy restored, the other Kens ask if they can at least have one justice on the Barbie supreme court. The Barbies laugh and say no.

3. Sex

Ken: I thought I might stay over tonight.

Barbie: Why?

Ken: ‘Cause we’re girlfriend-boyfriend.

Barbie: To do what?

Ken: I’m actually not sure.

(This scene is in the trailer.)

Sexuality can be tastefully woven into kids’ movies via clever subtext, but this movie is pg-13, Ken’s sexual frustration is made explicit, and Barbie at one point literally says “he doesn’t have a penis.”

If sex is a forbidden topic, why not make Ken her actual boyfriend who is tired of being a sidekick? Instead they go for the body horror of being a horny doll with no dick.

My analysis of the baffling presentation of Ken’s sexuality is this: Ken was originally supposed to be gay.

This would explain his dogged pursuit of Barbie despite their lack of chemistry, his immediate love of Los Angeles, and his homoerotic competition with a rival Ken played by Simu Liu (a role which feels incomplete and, if my theory is correct, had a bunch of gay shit edited out).

Nope, Ken isn’t gay. He just likes pink, rollerblading, muscles, hanging out with dudes, fashion, and is insatiably horny. Maybe Gerwig told herself that the gay audience members will fill in the blanks ourselves when he goes to “find himself.”

No, fuck you.

What about Barbie?

She appears to be asexual.

I don't think she even eats anything throughout the entire film. There's a running gag where Barbie's shower doesn't actually produce water, her cups are empty, etc. During her day in the real world, she eventually learns to delicately sip real water.

Shouldn't she have eaten a gigantic Cali burrito stuffed with French fries? Don't we want to see Barbie experience burping, farting, sweating, kissing, anger, love, fear—or is all that stuff supposed to happen after the movie ends?

What if Barbie wanting to become human was the first plot point instead of the conclusion, like in a normal movie such as The Little Mermaid or Pinocchio?

Not only is Barbie sexless, she is proud of it.

Some construction workers catcall her in Los Angeles, and she is confused at first. She then explains, defiantly and proudly, “I don't have a vagina.”

The men are taken aback. Wow, she really showed them.

That's when she points to Ken and says, “He doesn't have a penis. We don't have genitals.”

Ken, humiliated, mumbles “I have all the genitals” as they walk away.

Wait, how is Barbie owning the men by not having a vagina, and also owning them by Ken not having a penis?

I guess only stupid boys like sex and genitals.

It is also noteworthy that, as Ken walks through Los Angeles in skimpy clothing, no one hits on him. So at no point does Ken ever get exposed to the idea that anyone could be attracted to him.

There is one moment of female sexuality:

During a car chase, the teenage girl asks her mother, “Where did you learn to drive like this?”

Ferrara begins wistfully, “There was this guy…”

The girl interrupts: “It was dad?”

“Yeah. It was dad.”

She and Barbie then exchange a knowing look.

What? This girl is 14, not 4. Does she really think that when her mom says “there was this guy” she is referring to her dad? Or is it that one's mother having a sexual relationship with anyone other than one's father is so horrifying that even a brash feminist 14-year-old in Los Angeles must block it out of her mind?

4. Okay but is it good?

Have you seen Suicide Squad (2016)?

This movie does a slightly better job of disguising the lack of plot momentum with needle drops and set pieces, but no, it isn't good.

It was funny when Ken took over Barbie's dream house and said: “This shall henceforth be known as Ken's mojo dojo casa house.”

Shaelin and I both laughed out loud, and then the characters promptly ran the joke into the ground by repeating it three more times in the next thirty seconds.

Will Ferrell is not funny. Michael Cera isn't funny. Kate McKinnon is kind of funny because she is great at building humorous tension, so it seems like she's always about to say something funny, which is better than nothing I guess.

It's not their fault. To be funny, jokes have to reveal something that we're all thinking but nervous to talk about. The Barbie movie is not interested in revealing anything about women, men, children, Barbie, or Mattel, so it can't be funny.

If you want to watch Barbie be funny, watch Toy Story 3.

It does feel like Robbie and Gosling come out unscathed, but that is part of the insidious manipulation of Barbie’s marketing campaign and fourth-wall-breaking aesthetic.

We’re not really making a Barbie movie. That would be lame. This is a subversion of a Barbie movie made by subversive filmmakers. Ryan Gosling isn’t really playing Ken. He’s pretending to play Ken because it’s funny. Mattel wants to sell toys because they’re a big boring corporation, Gerwig and Baumbach want to tell a story, and Robbie and Gosling are caught in the middle of this wacky clash of ideas and motivations! Isn’t that funny?

Even during the movie, the characters actively comment on this game of pass-the-buck, like when Robbie says she doesn’t feel pretty anymore, and Helen Mirren’s voiceover says, “Margot Robbie is probably the wrong person to cast to make this point.”

We had to cast a pretty woman because Mattel and Warner Bros made us.

5. There’s a fat Barbie? A trans Barbie?

Yeah. Ken might not have a penis, but somebody does…

Barbie!

Barbie can be anything, and anything can be Barbie. Men can be women, fat people can be thin, and nothing means anything.

Barbie actually does get a vagina at the end of the movie. After she becomes human, she goes to a clinic and delivers the final line: “I’m here to see my gynecologist.”

Smash to credits before anything gross or weird happens when BARBIE goes to the gynecologist.

Who’d want to see that?",2023-07-26T03:45:09,0,11,https://www.reddit.com/r/TrueFilm/comments/159uk79/really_good_writeup_of_barbie_by_max_karson/,Barbie,Barbie
159gsdz,boxoffice,‘Barbie’ &amp; ‘Oppenheimer’ Fever Spills Into Monday: Greta Gerwig Pic Notches Warner Bros Record As Nolan Epic Strong With $12M+,,2023-07-25T18:32:50,75,15,https://deadline.com/2023/07/barbie-oppenheimer-box-office-record-monday-1235447566/,Oppenheimer,Oppenheimer
14xyrsj,boxoffice,Fixing 2023's Release Schedule,"Recently, *Indiana Jones and the Dial of Destiny* bombed at the box office. Some say it's because of the reviews, but I don't buy it. Hell, the reviews for *Indiana Jones* are better than the ones for *Star Wars: The Rise of Skywalker*, a movie that made a billion dollars.

The real reason why *Indiana Jones* flopped is because of an oversaturated film market. This June was packed with blockbusters such as *Spider-Man: ATSV, Transformers: Rise of the Beasts, Elemental,* and *The Flash.* And now that July is bringing *Mission: Impossible 7*, *Oppenheimer*, and *Barbie*, things are not going to get better for *Indiana Jones*.

*Indiana Jones* was not only one of the most expensive films this year, but one of the most expensive films of all time ($300 million). In my opinion, the film could've done better if Disney had released the film on December 15. The holiday season has always been one of the best times to release a major blockbuster (such as *Avatar* and the *Star Wars* sequels).

However, after examining the remainder of the 2023 film schedule and other recent flops (*The Flash*, *Shazam 2*), I decided to put together a reimagined version of the 2023 release schedule. Here's how I did it:

* I documented the most expensive movies of this year I could find.
* To pick release dates, I decided to use the 2017 release schedule for reference, because the days of the week in 2017 are the same as those in 2023.
* I decided that the more expensive movie would get the more popular release date.
   * *Star Wars: The Last Jedi* (December 15, 2017)
   * *Indiana Jones and the Dial of Destiny* (December 15, 2023)
* Before putting a film at a certain release date, I researched the shooting dates to ensure that the film would've been completed by that release date. If not, I'd put the film at a later date.
* Also, I made sure that the film matched the season of the release date. That's why I didn't give *Fast X* (the most expensive film of the year) the December 15 date because it's more of a summer film.
* I didn't put any Universal movies in July to follow Christopher Nolan's three-week blackout period for *Oppenheimer*.

By the way, since it's still 2023 and some movies don't come out for a few more months, some budgets for certain films haven't been reported yet. That's why I couldn't include upcoming films like *The Marvels* or *Dune: Part 2* on the reimagined schedule. But maybe when the budgets for those films come out, I'll update this post with a new schedule. For now, I'll be leaving them out.

With that said, here's the reimagined 2023 release schedule:

* **January 20, 2023 -** *Creed III*
* **January 27, 2023** \- *Evil Dead Rise*
* **February 10, 2023** \- *65*
* **February 10, 2023** \- *John Wick: Chapter 4*
* **February 10, 2023** \- *The Covenant*
* **February 24, 2023** \- *Ant-Man and the Wasp: Quantumania*
* **March 3, 2023** \- *Dungeons &amp; Dragons: Honor Among Thieves*
* **March 3, 2023** \- *M3GAN*
* **March 10, 2023** \- *Air*
* **March 17, 2023 -** *The Little Mermaid*
* **March 24, 2024** \- *80 for Brady*
* **March 31, 2023** \- *The Super Mario Bros. Movie*
* **April 7, 2023** \- *Shazam! Fury of the Gods*
* **May 5, 2023** \- *Guardians of the Galaxy: Vol. 3*
* **May 19, 2023** \- *Plane*
* **May 25, 2023 -** *The Pope’s Exorcist*
* **May 26, 2023** \- *Barbie*
* **June 2, 2023** \- *The Machine*
* **June 2, 2023** \- *Transformers: Rise of the Beasts*
* **June 9, 2023** \- *Cocaine Bear*
* **June 16, 2023 -** *Spider-Man: Across the Spider-Verse*
* **June 21, 2023** \- *Operation Fortune: Ruse de guerre*
* **June 28, 2023** \- *No Hard Feelings*
* **June 30, 2023** \- *Fast X*
* **July 7, 2023** \- *Mission: Impossible – Dead Reckoning Part One*
* **July 14, 2023** \- *The Creator*
* **July 21, 2023** \- *Knights of the Zodiac*
* **July 21, 2023** \- *Oppenheimer*
* **July 28, 2023** \- *Are You There God? It’s Me, Margaret*
* **August 11, 2023** \- *Blue Beetle*
* **August 18, 2023** \- *Knock at the Cabin*
* **September 8, 2023** \- *Haunted Mansion*
* **September 22, 2023** \- *Renfield*
* **September 22, 2023** \- *Insidious: The Red Door*
* **October 6, 2023** \- *Five Nights at Freddy’s*
* **November 1, 2023 -** *About My Father*
* **November 3, 2023** \- *The Flash*
* **November 10, 2023** \- *Beau is Afraid*
* **November 10, 2023** \- *Big George Freeman*
* **November 17, 2023** \- *Wonka*
* **November 17, 2023** \- *Ferrari*
* **November 22, 2023** \- *Elemental*
* **December 1, 2023** \- *Jesus Revolution*
* **December 15, 2023 -** *Indiana Jones and the Dial of Destiny*
* **December 20, 2023** \- *Aquaman and the Lost Kingdom*
* **December 20, 2023** \- *Killers of the Flower Moon*
* **December 22, 2023** \- *Ruby Gillman, Teenage Kraken*",2023-07-12T19:53:11,4,4,https://www.reddit.com/r/boxoffice/comments/14xyrsj/fixing_2023s_release_schedule/,Oppenheimer,Oppenheimer
14esrwt,movies,What movies could you already see on a Best movies of the 2020s list?,"I could definitely see Nomadland, Soul, Mank, Everything Everywhere All At Once, Unbearable Weight of Massive Talent, Top Gun Maverick, Puss in Boots 2, John Wick Chapter 4, Air, Across the SpiderVerse on some best movies of the 2020s lists around five or six years down the road. What other films would you see on a Best of the 2020s list?",2023-06-21T00:48:08,0,34,https://www.reddit.com/r/movies/comments/14esrwt/what_movies_could_you_already_see_on_a_best/,Spider-Man: Across the Spider-Verse,Spider-Man: Across the Spider-Verse
15a63f7,boxoffice,Oppenheimer first week in France !!,"
Huge: the million is shattered in just 1 week by #Oppenheimer with 1,138,907 admissions in France out of 668 copies.  This is Nolan's 4th best score (behind the 2 #DarkKnight and #Inception) 🙌👏",2023-07-26T13:36:14,10,1,https://i.redd.it/tvvi7uadbbeb1.jpg,Oppenheimer,Oppenheimer
14jpftz,movies,Which animated movie was the absolute worst one you have ever seen?,"With the success of many animated movies over the years such as Spider-Verse and Puss in Boots, it reminds me that for every winner, there must be a loser and in the animation industry, there are some losers.

To me, two of the worst animated movies I've ever seen is Eight Crazy Nights as it's great animation wasted on a garbage Adam Sandler plot that you would expect from his worst movies, along with characters you wanna punch in the face and it's a shame that there hasn't been any movies relating to Hanukkah and instead, we got this garbage pile.

And in the number 2 position is Foodfight! That one was way to easy to place as the animation is garbage, the plot makes no sense, the writing is a joke and the characters are either bland or repulsive. Everything about this movie should be a crime as it took all the things regarding how to make an animated movie and they did all wrong in all the worst ways.",2023-06-26T18:40:58,54,282,https://www.reddit.com/r/movies/comments/14jpftz/which_animated_movie_was_the_absolute_worst_one/,Spider-Man: Across the Spider-Verse,Spider-Man: Across the Spider-Verse
167tc6r,movies,Why are so many movie fans rooting against another Barbenheimer?,"Recently I've been seeing folks across social media groan when studios/creators announce release dates close to other movies saying ""Stop trying to make Barbenheimer happen.""  My question is, why are so many people who call themselves movie fans against the idea replicating the excitement around Barbie &amp; Oppenheimer's dual release?

Just to recap, Barbenheimer was a phenomenon that put two *original non-IP* movies at the center of culture for weeks on end and brought in over a billion dollars to the struggling theaters. I think we, as fans of cinema, would think this was a great thing and beneficial to the industry. So again, why are fans of movies so vocal about *not* wanting a similar situation to happen again?

Before someone brings it up in the comments: I know part of what fueled Barbenheimer was that it was an organic internet meme, and jokes become less amusing when we know marketing teams are pushing them. I get it. Soulless corporations asking you to do something makes you not want to do it. That being said...

1. **Half the time this happens, the studios aren't purposefully trying to replicate Barbenheimer.** There's only so many days in a year that studios can release movies without cannibalizing their audiences, thus dissimilar movies get the same release date. It's not new.
2. If we want to see more original movies like Oppenheimer &amp; Barbie succeed in theaters, **why would we actively discourage people from making an event out of them**? This is like having a favorite sports team and encouraging people *not* to watch their games. I don't see the logic.
3. **Do people just not enjoy having fun?** Like seriously. All my friends got together, dressed up, saw the movies, and had a great time talking about them over food &amp; drinks afterwards. When we were done, we were trying to figure out what other movies we could do this for in the future because we had such a great time.

I don't remember the last time movies outside of Marvel or Star Wars got so many people excited to go to the movies as a big event, and I think it would be really cool to see that happen again in the future

Curious to know your thoughts. Would you like to see another Barbenheimer happen again? Do you think that could happen? Under what conditions? Are there any movies in particular you think could/should get the Barbenheimer treatment?

Edit to add: If you disagree with me, tell me why. I genuinely want to know why this fun experience this summer isn't something you want to happen again. Tell me your reasons. I want the dialogue",2023-09-02T04:53:58,0,26,https://www.reddit.com/r/movies/comments/167tc6r/why_are_so_many_movie_fans_rooting_against/,Barbie,Barbie
15z8vlw,boxoffice,In China Oppenheimer on its first full day of pre-sales collected a strong $120k for its opening day across 9869 screenings and $165k total. No More Bets continues to lead the daily BO with $10.40M(-39%)/$423M on Wednesday. Followed by Papa $4.2M/$40.2M and Creation Of The Gods $2.84M(-31%)/$322.7M.,"---
#Daily Box Office (August 23th 2023)

With the Festival ending things fall back to a more normal place again. The themed movies that released yesterday all collapse as expected. The holdovers that god a big boost generaly drop back down to normal levels while the holdovers that suffered yesterday come back up.

**Papa:** The strong days just keep on coming for Papa. Total projections rise to $77M

**The Woman In The Storm:** Also remains strong today just slightly down from yesterday.

|# | Movie |Gross|%YD| %LW|Screenings|Admisions(Today)|Total Gross|Projected Total Gross|
:----------- |:-----------|:-----------:|:-----------:|:-----------:|:-----------:|:-----------:|:-----------:|:-----------:|
1| No More Bets               |$10.40M|-54%  |-39% |123235|1.7M  |$423.28M |$532M
2| Papa                       |$4.20M |-49%  |/    |63841 |0.73M |$40.21M  |$77M
3| Creation Of The Gods       |$2.84M |-43%  |-31% |43995 |0.47M |$322.75M |$363M
4| The Woman In The Storm     |$1.26M |-2%   |/    |22491 |0.22M |$11.57M  |$23M
5| MEG 2: THE TRENCH          |$0.95M |+10%  |-60% |16696 |0.16M |$108.48M |$120M
6| Just For Meeting You       |$0.93M |-84%  |/    |31884 |0.16M |$6.98M   |$14M
7| 30,000 Miles From Chang’an |$0.49M |+59%  |-40% |9341  |0.09M |$244.12M |$249M
7| Death Notice               |$0.45M |-17%  |/    |13313 |0.08M |$9.11M   |$12M
8| One And Only               |$0.34M |+22%  |-75% |6735  |0.06M |$121.96M |$127M
9| The Breking Ice            |$0.27M |-87%  |/    |14893 |0.04M |$2.37M   |$3.90M
10| Never Say Never            |$0.15M |+25%  |-70% |4239  |0.03M |$301.93M |$303M
11| Oh my School              |$0.14M |+28%  |-48% |4119  |0.03M |$50.80M  |$53M
12| Miraculous: Ladybug &amp; Cat Noir|$0.08M|+60%|/   |3604  |0.02M |$1.41M   |$1.72M
13| Barbie                    |$0.04M |-20%  |-73% |1024  |0.01M |$34.42M  |$34.5M

*YD=Yesterday, LW=Last Week

---

###**No More Bets**

Expectedly drops off its holiday boosted day. Now less than $10M behind [Lost In The Stars](https://i.imgur.com/IvhroLr.png) at the same points in their run. Still on course to overtake it by Saturday.

Scores on Maoyan and Douban remain 9.1 and 6.9 respectively.

|#|SAT |SUN |MON|TUE|WED|THU|FRI|Total
:-----------:|:-----------:|:------------:|:------------:|:------------:|:------------:|:------------:|:------------:|:------------:|:------------:|
Second Week|$37.76M|$35.16M|$19.07M|$17.84M|$17.08M|$15.53M|$17.21M|$330.32M
Third Week|$25.31M|$22.46M|$12.32M|$22.10M|10.40|/|/|$423.28M		
|%± LW|-32%|-32%|-35%|+25%|-39%|/|/|/|

**Scheduled showings update for No More Bets for the next few days:**

|Day |  Number of Showings |Presales|Projection
:----------- |:-----------:|:-----------:|:-----------:|
Today|122939|$998k|$10.99M
Thursday|123797|$883k|$9.04M
Friday|37996|$221k|$9.94M
---

###**Creation Of The Gods**

As No More Bets this also falls down to a more regular day after the holiday. Still going strong though.

|#|THU|FRI |SAT |SUN|MON|TUE|WED|Total
:-----------:|:-----------:|:------------:|:------------:|:------------:|:------------:|:------------:|:------------:|:------------:|:------------:|
Fourth Week|$5.21M|$6.12M|$10.53M|$9.77M|$4.62M|$4.32M|$4.13M|$291.25M	
Fifth Week|$3.83M|$3.75M|$6.70M|$6.26M|$3.09M|$4.98M|$2.84M|$319.91M			
|%± LW|-27%|-39%|-36%|-36%|-33%|+15%|-31%|/|
**Scheduled showings update for Creation Of The Gods for the next few days:**

|Day |  Number of Showings |Presales|Projection
:----------- |:-----------:|:-----------:|:-----------:|   
Today|43738|$379k|$2.88M
Thursday|45168|$322k|$2.42M
Friday|26992|$70k|$2.69M
---

###**Meg 2**

Meg 2 somewhat recovers after getting some screenings back. Remains on track for about $120M. Will be by far the strongest market for the movie as expected.

|#|FRI|SAT |SUN |MON|TUE|WED|THU|Total
:-----------:|:-----------:|:------------:|:------------:|:------------:|:------------:|:------------:|:------------:|:------------:|:------------:|
Second Week|$4.28M|$6.23M|$6.04M|$2.84M|$2.61M|$2.41M|$2.12M|$99.59M	
Third Week|$1.46M|$2.28M|$2.17M|$1.16M|$0.87M|$0.95M|/|$108.48M			
|%± LW|-66%|-63%|-63%|-59%|-66%|-60%|/|/|

**Scheduled showings update for The Meg 2 for the next few days:**

|Day |  Number of Showings |Presales|Projection
:----------- |:-----------:|:-----------:|:-----------:|
Today|16488|$82k|$807k
Thursday|17943|$65k|$743k
Friday|4738|$4k|$818k
---

###**One and Only**

One and Only also gets some screenings back and jumps from yesterday but not significatly enough to change its fate.

|#|FRI|SAT |SUN |MON|TUE|WED|THU|Total
:-----------:|:-----------:|:------------:|:------------:|:------------:|:------------:|:------------:|:------------:|:------------:|:------------:|	
Third Week|$1.60M|$2.61M|$2.34M|$1.16M|$1.12M|$1.37M|$1.21M|$118.61M		
Fourth Week|$0.48M|$0.81M|$0.99M|$0.45M|0.28M|$0.34M|/|$121.96M			
|%± LW|-69%|-69%|-58%|-61%|-75%|/|/|/|

**Scheduled showings update for One and Only for the next few days:**

|Day |  Number of Showings |Presales|Projection
:----------- |:-----------:|:-----------:|:-----------:|     
Today|6644|$73k|$338k
Thursday|7439|$66k|$325k
Friday|1892|$9k|$281k
---
###**Other stuff:**

Next big few holywood releases are Oppenheimer on the 30th of August and Gran Turismo on the 1st September. Some WTS(Want To See Numbers) for those movies as well as some comparisons to how other revelant movies in a comparable number of days till release. **Note these are not pre-sales**. This is just a checkbox on Maoyan saying that your interested in the movie. The pre-sales are only ever in tables and compared to more than just 1-2 movies.

**Blue Beetle** 

Still no word on a China release for this.

**Gran Turismo** 45k(+0.8k)

**Oppenheimer** 319k(+10k) vs **ATSV** 244k(+5k) vs **Transformers: ROTB:** 570k(+27k) vs **GOTG3:**259k (+8k)

Now with a full day of pre-sales behind us things are looking very promising for Oppenheimer. Its screenings are still limiting it but even so  it still put in a very good first day. The screening situation should improve as we get closer to release.

Opening day pre-sales comparison:

|Days till release | Oppenheimer| MI7:DR |Guardians Of The Galaxy 3|Transformers ROTB|Fast X|Spider-Man: Across the Spider-Verse|
:----------- |:-----------:|:-----------:|:-----------:|:-----------:|:-----------:|:-----------:|:-----------:|:-----------:|:-----------:|
7|  /         |    /      |$22k/15240    | /      |    /                 |$96k/21854  |
6|$120k/9869 |/          |$97k/24240    |     /        |$196k/69382    |$170k/27854 |
5|         |$54k/18328 |$165k/30650   |$121k/71289  |$471k/82292    |$234k/30250  |	
4|           |$152k/25041|$246k/35550   |$312k/83324  |$728k/92034    |$317k/33450 |
3|           |$380k/35490|$343k/42013   |$592k/94438  |$988k/103517   |$434k/39867 |$171K/38008		
2|           |$686k/47552|$486k/52243   |$946k/106022 |$1.35M/114980 |$568k/52867  |$487K/58112
1|          |$1.10M/73634|$801k/74490  |$1.45M/136762|$2.08M/140431 |$762k/74867 |$763K/85291	
0|          |$2.08M/94634|$1.84M/101271|$2.78M/162406|$3.97M/168748|$1.45M/94140|$1.56M/106474	
*Gross/Screenings

**[The Ex-Files 4](https://wx2.sinaimg.cn/mw690/6ca013d1ly1hgw5bausj7j23de4s9he1.jpg)** 1.089M(+5k)",2023-08-23T16:31:31,59,26,https://www.reddit.com/r/boxoffice/comments/15z8vlw/in_china_oppenheimer_on_its_first_full_day_of/,Mission: Impossible – Dead Reckoning Part One,Mission: Impossible – Dead Reckoning Part One
151mn51,movies,Who feels movie boycotts?,"Hi folks. Sorry if this isn’t the correct community for this question, but I wasn’t really sure where else to ask.

Between the Writers and SAG strikes I’ve considered ways that I as a person who likes movies but doesn’t actually work in the film industry can show support for the labor.

My question is for movies that have already been made (e.g. Barbie or Oppenheimer) who feels the pain if I don’t get a ticket and see it in theaters where I otherwise would have?

Is there a more effective way to communicate to Studios that I as a consumer am unhappy with the way that they are behaving? I know that I am just a small voice, but I’d like to do my part while also hurting the people who need the resources the most the least (other film labor and possibly theater owners).",2023-07-17T00:33:10,0,9,https://www.reddit.com/r/movies/comments/151mn51/who_feels_movie_boycotts/,Barbie,Barbie
16gxaba,movies,Which year is the strongest one cinematically in this decade so far?,"2020’s have brought us a number of highly popular and talked about releases each year, with 2020 obviously being the smallest in scale and scope.

**2020** has **Onward, Tenet, Sonic the Hedgehog, Extraction, Sound of Metal, Mank, I’m Thinking of Ending Things, The Devil All The Time** and **Birds of Prey**.

**2021** has **Drive My Car, Pig, Judas and the Black Messiah, Godzilla vs Kong, Nomadland, Licorice Pizza, The Last Duel, The Green Knight, The Suicide Squad, The Power of the Dog, Don’t Look Up, CODA, No Time To Die, Spider-Man: No Way Home, Encanto, House of Gucci** and **Tick Tick Boom!**.

**2022** has **X, Top Gun: Maverick, The Banshees of Inisherin, Elvis, The Northman, The Batman, Everything Everywhere All At Once, Avatar: The Way of Water, Doctor Strange in the Multiverse of Madness, Black Adam, Pearl, Babylon, Prey, Tár, Nope, Crimes of the Future, Black Panther: Wakanda Forever, Thor: Love and Thunder. Decision to Leave, The Pale Blue Eye, Glass Onion, Aftersun, Puss In Boots: The Last Wish, Women Talking, Empire of Light** and **Bullet Train.**

**2023** has **Barbie, Sisu, Creed 3, John Wick: Chapter 4, The Flash, Sound of Freedom, The Super Mario Bros Movie, Beau Is Afraid, Missing, Indiana Jones and the Dial of Destiny, Ant-Man and the Wasp: Quantumania, Transformers: Rise of the Beasts, Mission Impossible: Dead Reckoning Part 1, Fast X, Blue Beetle, Air: Courting a Legend, Past Lives, Spider-Man: Across the Spiderverse, Asteroid City, Elemental, The Knights of the Zodiac, Guardians of the Galaxy Vol.3, The Fist of the Condor, Pamfir, Oppenheimer, Blackberry, Gran Turismo, Nimona, R.M.N, They Cloned Tyrone, (and to be released), Poor Things, Killers of the Flower Moon, The Killer, Saltburn, Wonka, The Hunger Games: A Ballad of Songbirds and Snakes, Five Nights At Freddy’s, Priscilla, Maestro, The Marvels, Napoleon, Aquaman and the Lost Kingdom, Rebel Moon, The Color Purple, The Zone of Interest** and **The Next Goal Wins.**

That is quite a lot. So which one’s the best? You may even rank them from best to worst.

My money’s on 2023.",2023-09-12T17:22:37,0,16,https://www.reddit.com/r/movies/comments/16gxaba/which_year_is_the_strongest_one_cinematically_in/,Oppenheimer,"Barbie, Oppenheimer"
14kbbz0,movies,"Do y'all think ""Barbie"" is going to flop?","It's coming out a week after MI=Dead Reckoning, part 1, and is releasing the same day as ""Oppenheimer"", a movie a lot of people are excited to see. I've seen people praising how accurate ""Oppenheimer"" is to his actual story. Not to mention,it's directed by Christopher Nolan.

Anyway, I've seen the trailers for ""Barbie"", and...it looks awful to me. I know barbies are for young kids, but it looks TOO kiddy for me. Also, it seems there are plenty of musical elements in the film as well. 

What do y'all think? Are y'all going to watch it? Do you think it will perform better or worse than expected?",2023-06-27T11:39:34,0,321,https://www.reddit.com/r/movies/comments/14kbbz0/do_yall_think_barbie_is_going_to_flop/,Oppenheimer,"Barbie, Oppenheimer"
16mw1fh,movies,Barbenheimer and the idea of originality," With some space from summer movie phenom and things being quiet because of the strikes, I thought it would be an interesting thought topic about Barbie, Oppenheimer, and the state of movies.

A big part of he Barbenheimer hysteria was founded in how these two movies were 'original' films. My question is: Does a movie based on a toy property and another based on a real life person and events count as original(aside from the fact that nearly every movie is technically original)? Do you agree that it is/was a proper sentiment and why?

Note that this isn't a comment on the quality of Barbie or Oppenheimer, and it's factual that these movies are not sequel/prequels or made to be part of any existing (looking at you Barbie) 'cinematic universe', and that certainly counts for something with the so much of the opposite in recent years. Though, I'm not sure if I was asked to name some movies that had new or non-derivative ideas and plots that I would even think of Oppenheimer or Barbie. But maybe that's just me. What do you think?",2023-09-19T16:46:56,0,6,https://www.reddit.com/r/movies/comments/16mw1fh/barbenheimer_and_the_idea_of_originality/,Barbie,Barbie
15burik,TrueFilm,Oppenheimer was nice but Memento was 23 years ago and it's high time Nolan gets over it,"This movie taught me Oppenheimer's life was turbulent and I'm surprised he didn't get a biopic earlier. Unfortunately the biopic we got spent way too long on plot and not enough on people.

I'd rather have seen a movie that tells the story in default chronological order this time. Nolan once again wants to build a puzzle when he could have just feasted on the complex relationships and contradictions in Oppenheimer's life.

Just that. No villains, no twists, no jump cuts.

We get bits and pieces of characters scattered around the movie, we barely have time to relate and examine any character other than Oppenheimer.

But Nolan's obsession with puzzle-movies also gets in the way of the central character study. The main issue: He builds the movie so we *piece together* how Oppenheimer dealt with guilt instead of building a movie where we *feel* why he did so.

Massive moments of Oppenheimer's life are handed to us cold because the movie is so scattered, like Oppenheimer learning of Jean Tatlock's death.

I'd take 1 minute of the camera just resting on Murphy face in silence over 1 minute of trailer-like jump cuts.

I'd have preferred seeing more of Oppenheimer's relationships rather than building half the movie around a plot twist (Robert Downey Jr. was actually the bad guy).

The movie works in a few contrived triumph/downfall scenes for a few actors (Emily Blunt, Rami Malek, Robert Downey Jr.) on what felt like a paint-by-numbers need to have those moments in. This is what I mean about too much on plot and not enough on people.

Robert Oppenheimer led the development of the A-bomb, I think the fallout from that overshadows the entire commie hearings the movie spent half its time on. An entire half of the movie that can be summed up to ""Lewis Strauss had hurt feelings"", too much just so we had a villain and a twist.

The pivotal moment of the Lewis' grudge and the Oppenheimer/Lewis relationship gets significantly less screen time than the reveal that Lewis had a spite plot.

The acting and massively loud sound carried this movie, I might've actually disliked it had I watched it at home.

In Memento the gimmick of constant time jumps and puzzles was integral to the movie, but Nolan keeps working that in about half his movies (Dunkirk didn't need it either). I wish someone else had made an Oppenheimer biopic.

Edit: just want to share this comment:
https://www.reddit.com/r/TrueFilm/comments/15burik/oppenheimer_was_nice_but_memento_was_23_years_ago/jttuu1k/?context=3

Great take on the movie, very different from mine",2023-07-28T11:26:24,772,419,https://www.reddit.com/r/TrueFilm/comments/15burik/oppenheimer_was_nice_but_memento_was_23_years_ago/,Oppenheimer,Oppenheimer
15eknmk,boxoffice,In China Barbie grossed $1.27M(-56%)/$26M on Monday. Creation Of The Gods continues to dominate with $11M(+1%)/$165M. One and Only in 2nd adds $7.33M/$60.67M. The Meg 2 passes $2.87M in opening day pre-sales. Beats Transformers ROTB's total opening day pre-sales number of $2.78M with 3 days to go.,"---
#Daily Box Office (31th of July 2023)

Creation Of The Gods Part I continues its impressive comeback staying flat from its last Monday and holding onto first comfortably. Behind One and Only does well with a really solid drop from Sunday. Barbie decent but more predictable and normal now. No more crazy holds and increases.

|# | Movie                 |Gross|%YD| %LW|Screenings|Admisions(Today)|Total Gross|Projected Total Gross|
:----------- |:-----------|:-----------:|:-----------:|:-----------:|:-----------:|:-----------:|:-----------:|:-----------:|
1| Creation Of The Gods       |$10.98M |-50%  |+1%  |96500 |1.8M  |$165.14M |$337M
2| One And Only               |$7.33M  |-41%  |/    |77391 |1.2M  |$60.67M  |$181M
3| 30,000 Miles From Chang’an |$3.37M  |-61%  |-50% |53310 |0.58M |$211.59M |$258M
4| Never Say Never            |$2.63M  |-48%  |-32% |39909 |0.46M |$283.40M |$316M
5| Barbie                     |$1.27M  |-50%  |-56% |26070 |0.26M |$26.21M  |$37M
6| Oh my School               |$0.82M  |-48%  |-39% |18224 |0.15M |$42.20M  |$49M
7| Lost In The Stars          |$0.43M  |-39%  |-52% |10676 |0.07M |$484.19M |$493M 
8| MI7:Dead Reckoning         |$0.37M  |-60%  |-55% |6452  |0.06M |$46.20M  |$50M
9| Wonder Family              |$0.37M  |-50%  |-85% |11744 |0.06M |$40.22M  |$43M


*YD=Yesterday, LW=Last Week

---
###**Barbie**

Now settling into a more predictable normal run after a -56% drop from last week. Mid to high 30's remain the target but likely nothing more.

Ith as passed The Flash's total gross today.

|#|FRI|SAT |SUN |MON|TUE|WED|THU|Total
:-----------:|:-----------:|:------------:|:------------:|:------------:|:------------:|:------------:|:------------:|:------------:|:------------:|
First Week|$1.16M|$2.73M|$4.18M|$2.90M|$2.68M|$2.41M|$2.05M|$18.11M
Second Week|$1.84M|$2.83M|$2.56M|$1.27M|/|/|/|$26.21M
|%± LW|+60%|+4%|-39%|-56%|/|/|/|/|

**Scheduled showings update for Barbie for the next few days:**

|Day |  Number of Showings |Presales|Projection
:----------- |:-----------:|:-----------:|:-----------:|
Today|26080|$316k|$1.21M 
Tuesday|25555|$286k|$1.14M 
Wednesday|17137|$43k|$1.03M 
---
###**Creation Of The Gods**

Another excelent day. After a somewhat poor opening it had really caught on now and is chugging towards $300M+

Reception remains very strong as it holds the 9.4 Maoyan and amazingly enough jumps from 7.7 to 7.8 on Douban even while 2 weeks deep into its run. 

|#|THU|FRI |SAT |SUN|MON|TUE|WED|Total
:-----------:|:-----------:|:------------:|:------------:|:------------:|:------------:|:------------:|:------------:|:------------:|:------------:|
First Week|$6.84M/$11.11M|$8.15M|$15.77M|$18.14M|$10.95M|$11.12M|$10.99M|$86.23M
Second Week|$10.66M|$13.02M|$22.43M|$21.82M|$10.98M|/|/|$165.14M	
|%± LW|+60%|+60%|+41%|+20%|+1%|/|/|/|
**Scheduled showings update for Creation Of The Gods for the next few days:**

|Day |  Number of Showings |Presales|Projection
:----------- |:-----------:|:-----------:|:-----------:|   
Today|96527|$884k|$11.29M 
Tuesday|97306|$922k|$10.96M
Wednesday|63454|$116k|$10.41M 
---

###**One and Only**

One and Only better than expected on Monday not falling off which bodes well going forward. 

Reception to the surprise of noone considering its a Wang Yibo movie is positive with a 9.7 on Maoyan and 7.5 on Douban
 
|#|FRI|SAT |SUN |MON|TUE|WED|THU|Total
:-----------:|:-----------:|:------------:|:------------:|:------------:|:------------:|:------------:|:------------:|:------------:|:------------:|
First Week|$10.43M|$12.62M|$12.46M|$7.33M|/|/|/|$60.67M

**Scheduled showings update for One and Only for the next few days:**

|Day |  Number of Showings |Presales|Projection
:----------- |:-----------:|:-----------:|:-----------:|    
Today|77310|$708k|$5.94M 
Tuesday|77895|$700k|$6.92M 
Wednesday|49996|$115k|$6.57M
 
###**Wonder Family**

Well at least its not another 90% drop. But yeah this movies run will be pretty much over by Sunday just 2 weeks into its release.

|#|FRI|SAT |SUN |MON|TUE|WED|THU|Total
:-----------:|:-----------:|:------------:|:------------:|:------------:|:------------:|:------------:|:------------:|:------------:|:------------:|
First Week|$12.15M|$11.10M|$7.51M|$2.47M|$1.86M|$1.52M|/|$37.78M
Second Week|$0.56M|$0.77M|$0.74M|$0.37M|/|/|/|$40.22M	
|%± LW|-95%|-93%|-90%|-85%|/|/|/|/|

**Scheduled showings update for Wonder Family for the next few days:**

|Day |  Number of Showings |Presales|Projection
:----------- |:-----------:|:-----------:|:-----------:|    
Today|11925|$36k|$0.32M 
Tuesday|11401|$30k|$0.30M 
Wednesday|6969|$3k|$0.27M 
---
###**Mission Impossible Dead Reckoning**

Past $46M now as its settled into sub 60% drops. Still only looking at about $50M

|#|FRI|SAT |SUN |MON|TUE|WED|THU|Total
:-----------:|:-----------:|:------------:|:------------:|:------------:|:------------:|:------------:|:------------:|:------------:|:------------:|
Second Week|$1.03M|$1.93M|$2.10M|$0.83M|$0.72M|$0.66M|$0.59M|$43.61M
Third Week|$0.43M|$0.85M|$0.94M|$0.37M|/|/|/|$46.20M
|%± LW|-65%|-56%|-55%|-56%|/|/|/|/|
**Scheduled showings update for Dead Reckoning for the next few days:**

|Day |  Number of Showings |Presales|Projection
:----------- |:-----------:|:-----------:|:-----------:|
Today|6445|$52k|$0.37M 
Tuesday|6527|$44k|$0.31M 
Wednesday|4693|$7k|$0.29M 
---
###**Other stuff:**

Next big few holywood releases are MEG2 on the 4th August and Oppenheimer which does not have a date yet. Some WTS(Want To See Numbers) for those movies as well as some comparisons to how other revelant movies in a comparable number of days till release. Note these are not pre-sales. This is just a checkbox on Maoyan saying that your interested in the movie. The pre-sales are only ever in tables.

**MEG2** 646k(+8k)

MEG 2 past the total opening day Pre-sales Transformers: ROTB had.
 
Opening day pre-sales comparison:

|Days till release | Creation Of The Gods Part 1 | Wonder Family |Lost In The Stars |Transformers ROTB|Fast X|The Meg 2  |The Meg 
:----------- |:-----------:|:-----------:|:-----------:|:-----------:|:-----------:|:-----------:|:-----------:|:-----------:|:-----------:|
12|$203k/18616|          |$93k/22228    |       |                     |$497k/34372|$339k/18679
11|$221k/19085|          |$162k/25858   |       |                     |$640k/38455|$435k/19840
10|$240k/19478|$68k/32748|$233k/28535   |       |                     |$789k/42955|$556k/22182
9|$353k/21633|$290k/44426|$302k/31672    |       |                    |$951k/46289|$763k/25264
8|$498k/22873|$497k/49041|$397k/34388    |       |                    |$1.15M/50034|$945k/27463
7|$616k/24049|$642k/52977|$571k/39422    |       |                   |$1.48M/53656|$1.19M/29629
6|$699k/25284|$793k/56363|$705k/44992    |             |$196k/69382  |$1.87M/58794|$1.62M/32376
5|$785k/26673|$925k/59299|$802k/50423   |$121k/71289  |$471k/82292   |$2.22M/63516|$1.93M/34145	
4|$861k/28606|$1.07M/62121|$902k/55347  |$312k/83324  |$728k/92034   |$2.53M/67717|$2.30M/35854
3|$961k/30621|$1.28M/68808|$1.05M/61048 |$592k/94438  |$988k/103517  |$2.87M/74642|$2.75M/40533		
2|$1.11M/35990|$1.56M/80988|$1.29M/76567|$946k/106022 |$1.35M/114980 |            |$3.22M/48395
1|$1.36M/46824|$2.03M/114817|$1.68M/119658|$1.45M/136762|$2.08M/140431|           |$3.93M/59242	
0|$2.08M/60004|$3.31M/142828|$3.54M/149993|$2.78M/162406|$3.97M/168748|           |$5.66M/70354	
*Gross/Screenings

***

**Gran Turismo** 28k(+1k)

**Oppenheimer** $137k(+6k)

Officialy confirmed to relese on the 30th August",2023-07-31T16:20:43,38,7,https://www.reddit.com/r/boxoffice/comments/15eknmk/in_china_barbie_grossed_127m5626m_on_monday/,Mission: Impossible – Dead Reckoning Part One,Mission: Impossible – Dead Reckoning Part One
1690wwg,boxoffice,"Christopher Nolan’s ‘Oppenheimer’ Crosses $850 Million Globally, Becoming 3rd Highest Grossing Nolan Film Ever - At this rate, the $900 million mark is within reach and $1 billion is closer than box office watchers ever expected.",,2023-09-03T16:11:11,645,81,https://variety.com/2023/film/box-office/christopher-nolan-oppenheimer-850-million-globally-1235712430/,Oppenheimer,Oppenheimer
15g8osl,movies,Famous Canadian actors in Canadian movies,"Since *Barbie* is trending, I've reminded that Ryan Gosling (as Ken) is from Canada but also is yet to be casted in any Canadian flick. Almost all acting and directing talent born in Canada flew to the US and has been played Americans in movies set in the US (should I give you the list of them?). It's hard to name a wellknown actor or a filmmaker who was born in Canada and did anything significant for the almost nonexistent Canadian movie industry instead of Hollywood. The only example I can recall is Jim Carrey in *Introducing Janet* aka *Rubberface* from 1981 which is so obscure you can watch it full on YouTube (you can check it). Another problem is that once they gained a success in Hollywood, those actors never go back to Canada for another recording (eventually, *Ace Ventura* wasn't made by a Canadian company after all).

Help me make a list of Canadian stars and their roles in Canadian movies! The movie must be produced by a Canadian studio, shot and set in Canada.

P.S. The question isn't about Canadian movies in general, but about Canadian movies with Hollywood actors born and raised in Canada. Also, the preferred answer is a title and an actor's name.",2023-08-02T13:16:36,0,26,https://www.reddit.com/r/movies/comments/15g8osl/famous_canadian_actors_in_canadian_movies/,Barbie,Barbie
16ae42p,TrueFilm,Where Barbie Missed the Mark,"Having heard good things about Barbie, I decided to give a chance, and while it certain wasn't the worst film, I found myself ultimately disappointed. 

* The rules of the world made little sense, how was Ken able to brainwash all these smart Barbies into being subservient woman in a day? And why was America's character rant, effective at snapping this back, especially since it was about issues that they the Barbie's had never actually endured first hand? Barbie's naivety to real world woman's issues was explicitly pointed out by Margot Robbie's Barbie shock at how the real world worked, so the film is contracting itself.

* Were the Kens supposed to be an analogy to woman in the real world? Because they're almost entirely portrayed as stupid and silly throughout the entire movie.

* The motivation of America's character is bizarre, first the movie makes it seems like it's her relationship with her daughter, which is understanble as her daughter seems like a brat, but her daughter snobbishness, and in fact her entire personality, is almost immediately dropped and she becomes a completely no name sidekick. 

* What was the main point of the movie? Was it how hard being a woman is? Because I find it weird that they use America, an attractive upper middle class married woman to show that. If their point was the difficulty of being a woman, why couldn't they have used an actually unattractive woman, or a woman who atleast didn't fit gender norms as a source of a sympathy.",2023-09-05T04:25:01,0,43,https://www.reddit.com/r/TrueFilm/comments/16ae42p/where_barbie_missed_the_mark/,Barbie,Barbie
1426cne,movies,'Transformers: Rise of the Beasts' Review Thread,"**Transformers: Rise of the Beasts**

* [Rotten Tomatoes](https://www.rottentomatoes.com/m/transformers_rise_of_the_beasts) 53% (154 Reviews)

&gt;Thanks to some genuine human drama between the set pieces and palpable affection for the title characters, Transformers: Rise of the Beasts is one of the franchise's more enjoyable outings.

* [Metacritic](https://www.metacritic.com/movie/transformers-rise-of-the-beasts): 42 (45 Reviews)

**Reviews**

[The Hollywood Reporter](https://www.hollywoodreporter.com/movies/movie-reviews/transformers-rise-of-the-beasts-review-1235506416/):

&gt;These Hasbro action figures, and their onscreen incarnations, are capable of reducing even the most mature, jaded adult into an awestruck child who just wants to get down on the floor and play with them.

[Variety](https://variety.com/2023/film/reviews/transformers-rise-of-the-beasts-review-1235632703/):

&gt;It’s got a relatable human story that works, and thanks to a script that actually has sustained bursts of dialogue, the robots felt more real to me as characters than they usually do.

[Deadline](https://deadline.com/2023/06/transformers-rise-of-the-beast-review-exciting-action-sequences-and-generi-1235409327/):

&gt;Rise of the Beast is another generic story about an intergalactic menace from the sky carries all the plot predictability of a broken clock.

[IndieWire](https://www.indiewire.com/criticism/movies/transformers-rise-of-the-beasts-review-1234871253/) (D):

&gt;It’s as if some executive saw Mattel and Greta Gerwig turning “Barbie” into genuine art, so they made a George Costanza-style decision to veer in the opposite direction purely out of spite.

[Guardian](https://www.theguardian.com/film/2023/jun/05/transformers-rise-of-the-beasts-review-sequel) (1/5):

&gt;Everything has a vague partial finish, as if director Steve Caple Jr and the five-person brain trust responsible for the script banked on the audience’s familiarity with the shape of a movie to fill in the gaps they’ve left.

[The Wrap](https://www.thewrap.com/transformers-rise-of-the-beasts-review/):

&gt;Where Bay’s movies where incoherent messes that necessitated heaps of migraine meds, Caple Jr. actually manages to pull off something articulate and rousing with “Rise of the Beasts,” thanks in large part to the ever-relatable presences of Fishback and Ramos, and a parting note that’s just witty enough in its suggestion of a bigger universe.

[IGN](https://www.ign.com/articles/transformers-rise-of-the-beasts-review) (7/10):

&gt;Transformers: Rise of the Beasts proves that the Transformers franchise is accelerating in the right direction, delivering solid Autobots action and a solid voice cast behind the infamous robots in disguise.

[Slash Film](https://www.slashfilm.com/1305351/transformers-rise-of-the-beasts-review/) (5/10):

&gt;There are bursts of inspiration here and there, such as when the plot shifts to Peru and suddenly takes on an ""Indiana Jones"" flavor (which, annoyingly, the characters can't help but comment upon) or when an early horror-tinged sequence puts a new spin on the famous ""Raptors in the kitchen"" scene from ""Jurassic Park."" But such joys don't arrive consistently enough to make this venture worthwhile.

[Screen Rant](https://screenrant.com/transformers-rise-of-the-beasts-review/) (2.5/5):

&gt;It's a serviceable blockbuster, but familiarity in nearly every aspect muddles an obvious attempt to revive a franchise that might be better dormant. 

[io9](https://gizmodo.com/transformers-rise-of-beasts-review-hasbro-optimus-prime-1850479893):

&gt;Coming back to the world of robots in disguise, the bar is basically “Please don’t suck.” And we’re happy to report Transformers: Rise of the Beasts does not suck. It’s actually quite entertaining, especially for a Transformers movie.

[The Film Verdict](https://www.hollywoodreporter.com/movies/movie-reviews/transformers-rise-of-the-beasts-review-1235506416/):

&gt;Gives you some people to care about, sprinkled among the clanging heavy machinery that remains the real star of the series.

[Blu-ray.com](https://www.blu-ray.com/Transformers-Rise-of-the-Beasts/1445570/#Review) (8/10):

&gt;Returns “Transformers” to bigness with a fresh set of players, creating a successful sequel and quite an entertaining viewing experience.

[UPROXX](https://uproxx.com/movies/transformers-rise-of-the-beasts-review/):

&gt;It’s kind of remarkable what can be done with a Transformers movie with a director who actually likes these characters. (And also very much loves his mid-90s needle-drop jams.)

[Movie Nation](https://rogersmovienation.com/2023/06/06/movie-review-transformers-rise-of-the-beasts/) (1.5/4):

&gt;But the half-hearted attempts to build a hero’s quest story about these increasingly collectible toys and ongoing campaign to wash the humanity right out of the franchise is something all the shiny, tactile and identifiable Freightliner, Porsche or Ducati parts in humanoid robotic form cannot hide.

[Seattle Times](https://www.seattletimes.com/entertainment/movies/transformers-rise-of-the-beasts-review-theres-more-here-than-meets-the-eye/) (3.5/4):

&gt;No Michael Bay. No Mark Wahlberg. No oppressive bombast.

[The Times](https://www.thetimes.co.uk/article/transformers-rise-of-the-beasts-review-did-robots-make-this-rusty-garbage-wznvst6wc) (1/5):

&gt;On the positive side, at just over two hours it’s one of the shortest in the Transformers franchise, and so unfolds like a brutalising yet mercifully limited attack on the occipital lobe.

[Associated Press](https://apnews.com/article/transformers-rise-of-beasts-movie-review-47f943b2530f272b8081205d618f4d74) (1/4):

&gt;Look, maybe we should be anxious. ChatGPT clearly could have a written a better movie.

---

**Synopsis**:

&gt;During the '90s, a new faction of Transformers - the Maximals - join the Autobots as allies in the battle for Earth.

**Cast**:

**Humans**

* Anthony Ramos as Noah Diaz

* Dominique Fishback as Elena Wallace

* Luna Lauren Vélez as Breanna Diaz

* Tobe Nwigwe as Reek

* Dean Scott Vazquez as Kris Dias

* Michael Kelly

**Transformers**

Autobots:

* Peter Cullen as Optimus Prime

* Bumblebee

* Pete Davidson as Mirage

* Liza Koshy as Arcee

* Cristo Fernández as Wheeljack

* John DiMaggio as Stratosphere

Maximals:

* Ron Perlman as Optimus Primal

* Michelle Yeoh as Airazor

* David Sobolov as Rhinox

* Tongayi Chirisa as Cheetor

Terrorcons:

* Peter Dinklage as Scourge

* David Sobolov as Battletrap

* Michaela Jaé Rodriguez as Nightbird

* John DiMaggio as Transit

Others:

* Scorponok

* Colman Domingo as Unicron


Directed by: Steven Caple Jr.

Screenplay by: Joby Harold, Darnell Metayer, Josh Peters, Erich Hoeber, Jon Hoeber

Story by: Joby Harold

Produced by: Don Murphy, Tom DeSanto, Lorenzo di Bonaventura, Michael Bay, Mark Vahradian, and Duncan Henderson

Cinematography: Enrique Chediak

Edited by: Joel Negron and William Goldenberg

Music by: Jongnic Bontemps

Runtime: 127 Minutes

Release date: June 9, 2023",2023-06-06T06:31:54,197,314,https://www.reddit.com/r/movies/comments/1426cne/transformers_rise_of_the_beasts_review_thread/,Barbie,Barbie
15x655w,boxoffice,Christopher Nolan’s highest grossing movies worldwide: 1️⃣ The Dark Knight Rises - $1.08B 2️⃣ The Dark Knight - $1B 3️⃣ Inception - $836M 4️⃣ Oppenheimer - $718M 5️⃣ Interstellar - $715M,,2023-08-21T12:22:37,500,124,https://i.imgur.com/US3wrO9.jpg,Oppenheimer,Oppenheimer
15o7tlc,boxoffice,"[katniss on BOT] Showing count drops for the weekend - Barbie (-9%), TMNT (-20%), Meg 2 (-14%), Oppenheimer (-5%), Haunted Mansion (-23%), SoF (-5%), TtM (-15%), MI7 (-14%), Elemental (-33%), Indy 5 (-28%)",,2023-08-11T12:38:52,51,15,https://forums.boxofficetheory.com/topic/31569-the-box-office-buzz-and-tracking-thread-summer-2023-edition/?do=findComment&amp;comment=4575622,Mission: Impossible – Dead Reckoning Part One,Mission: Impossible – Dead Reckoning Part One
158thxd,TrueFilm,Is the message of Barbie (2023) going over everyone’s heads? Let’s discuss,"Of course I’ve seen the discourse that film isn’t fair to the Kens, Kens are portrayed as victims but still viewed as idiots at the end, its ‘man-hating’, etc. However, I’d even say the movie is not quite about female empowerment either or trying to prove women are stronger or better than men. I actually feel the film is much more about giving people a different perspective on womens issues by holding a mirror to society rather than pushing a particular agenda. 

The irony of the entire movie is that Barbies treat the Kens the way men treat women in the real world - Barbie IS the patriarchy. Barbies hold all positions of power in Barbieland and are the only ones represented in roles such as doctors, pilots, etc. Ken is only good for beach and looking good, nothing else. The Kens are merely accessories to Barbie, they are the arm candy to these powerful and self-sufficient women. Ken is only happy when he is with Barbie, he is nothing without Barbie. Sound familiar? The joke is on Ben Shapiro and others who  call it ‘man-hating’, because really that’s just how men have treated and viewed women forever. 

The second act of the film comes when Ryan Gosling returns from the ‘Real World’ with a very skewed idea of what the patriarchy and masculinity is. This is where the film begins to highlight mens issues via exploring toxic masculinity - how men constantly needing to prove their masculinity and dominance not only hurts them but society as a whole. We see how it leads to wars between the Kens and promotes sexism by reducing women to objects, similarly to how it does in the real world. 

At the end of the movie we see Barbie ultimately wanting to make a more egalitarian society and encourage the Kens to pursue their own hopes and dreams. But Barbieland still only gets as egalitarian as woman currently can in the real world - for example, when Ken says ‘maybe we can even get a seat in the Supreme Court!’ and president barbie immediately shuts them down by saying ‘abosolutely not, MAYBE a seat in the House of Representatives’. I actually enjoy this ending because instead of pretending all the problems are Barbieland are solved, it shows they still have more work to do, just as we do here in the Real World. 

Curious to hear others thoughts!",2023-07-25T01:21:49,2270,932,https://www.reddit.com/r/TrueFilm/comments/158thxd/is_the_message_of_barbie_2023_going_over/,Barbie,Barbie
15p45x5,boxoffice,🇯🇵 Japan Box Office - August 12,,2023-08-12T13:07:06,209,146,https://i.imgur.com/5wObEEp.jpg,Mission: Impossible – Dead Reckoning Part One,Mission: Impossible – Dead Reckoning Part One
15ni25m,boxoffice,Will Oppenheimer beat Inception ($870 million) to become Nolan’s highest grossing non-Batman movie?,"

[View Poll](https://www.reddit.com/poll/15ni25m)",2023-08-10T17:04:13,19,34,https://www.reddit.com/r/boxoffice/comments/15ni25m/will_oppenheimer_beat_inception_870_million_to/,Oppenheimer,Oppenheimer
1620nf6,movies,What are the best movie soundtracks of the last 10 years?,"I was recently re watching Across the Spider-verse and it occurred to me that I can't really recall a recent movie that had me as invested in the music. Daniel Pemberton is a magician and I'm more interested now in checking out some other movies where he's the composer.

So I'm wondering what are some other great recent soundtracks that I have missed or that just skipped my mind.",2023-08-26T17:07:09,6,35,https://www.reddit.com/r/movies/comments/1620nf6/what_are_the_best_movie_soundtracks_of_the_last/,Spider-Man: Across the Spider-Verse,Spider-Man: Across the Spider-Verse
156tm4o,movies,Beyond ‘Barbenheimer’: The Two Big Films This Summer Are More Alike Than You Think,,2023-07-22T19:56:49,0,4,https://beyalora.medium.com/beyond-barbenheimer-the-two-big-films-this-summer-are-more-alike-than-you-think-32e2d4b9d487,Barbie,Barbie
15s5edp,movies,What does r/movies think of The Top 100 highest rated movies on RateYourMusic?,"RateYourMusic is a website were user predominantly rate and review music, but you can also rate movies on it as well. So what does r/movies think of RYM's list?

100: Battle of Algiers (1966) | Genre: War, Period Drama, Cinema Politico Italiano | Average Score: 4.05/5.00

99: Chinatown (1974) | Genre: Mystery, Neo-Noir, Crime, New Hollywood, Drama | Average Score: 4.02/5.00

98: Edvard Munch (1974) | Genre: Docudrama, Biopic, Psychological Drama | Average Score: 4.07/5.00

97: An Elephant Sitting Still (2018) | Genre: Drama, Hyperlink Cinema, Slow Cinema | Average Score: 4.05/5.00

96: Once Upon a Time in America (1984) | Genre: Gangster Film, Drama, Period Drama, Epic | Average Score: 4.03/5.00

95: Eraserhead (1977) | Genre: Surrealism, Psychological Horror, Body Horror, Experimental | Average Score: 4.01/5.00

94: Bicycle Thieves (1948) | Genre: Italian Neorealism, Drama | Average Score: 4.04/5.00

93: The Act of Killing (2012) | Genre: Documentary | Average Score: 4.05/5.00

92: Scenes from a Marriage (1974) | Genre: Romance, Family Drama, Drama, Chamber Film | Average Score: 4.06/5.00

91: It's a Wonderful Life (1946) | Drama, Low Fantasy, Christmas, Family | Average Score: 4.04/5.00

90: Abel Gance's Napoleon (1927) | Genre: Biopic, French Impressionist Cinema, War, Period Drama, Epic | Average Score: 4.07/5.00

89: Eternal Sunshine of The Spotless Mind (2004) | Genre: Romance, Psychological Drama, Low Fantasy | Average Score: 4.00/5.00

88: Sunrise: A Song of Two Humans (1927) | Genre: Melodrama, Romance | Average Score: 4.06/5.00

87: Late Spring (1949) | Drama, Family Drama, Shōshimin-eiga | Average Score: 4.07/5.00

86: La Dolce Vita (1960) | Genre: Drama, Satire, Slice of Life | Average Score: 4.05/5.00

85: Do the Right Thing (1989) | Genre: Drama, Hood Film, Slice of Life | Average Score: 4.05/5.00

84: Grave of The Fireflies (1988) | Genre: Anime, War, Period Drama, Tragedy | Average Score: 4.05/5.00

83: Sherlock, Jr. (1924) | Genre: Slapstick | Average Score: 4.08/5.00

82: Fargo (1996) | Genre: Crime, Black Comedy, Police Procedural | Average Score: 4.03/5.00

81: The Word (Ordet) (1955) | Genre: Drama, Religious Film, Chamber Film | Average Score: 4.07/5.00

80: Solaris (1972) | Genre: Science Fiction, Psychological Drama, Mystery | Average Score: 4.06/5.00

79: Berlin Alexanderplatz (1980) | Genre: New German Cinema, Period Drama, Crime | Average Score: 4.15/5.00

78: Shoah (1985) | Genre: War Documentary | Average Score: 4.09/5.00

77: The Apartment (1960) | Genre: Romantic Comedy, Drama | Average Score: 4.08/5.00

76: Eureka (2000) | Genre: Drama, Road Movie | Average Score: 4.09/5.00

75: Wild Strawberries (Smultronstället) (1957) | Genre: Psychological Drama | Average Score: 4.08/5.00

74: Metropolis (1927) | Genre: Dystopian, Science Fiction, German Expressionism | Average Score: 4.08/5.00

73: 8½ (1963) | Genre: Psychological Drama, Surrealism, Postmodernism | Average Score: 4.06/5.00

72: City of God (Cidade de Deus) (2002) | Genre: Crime, Coming-of-Age, Drama, Hood Film | Average Score: 4.06/5.00

71: Spider-Man: Across The Spider-Verse (2023) | Genre: Portal Fantasy, Computer Animation, Superhero, Action, Comedy | Average Score: 4.09/5.00

70: Perfect Blue (1997) | Genre: Anime, Psychological Thriller, Mystery, Psychological Horror, Postmodernism | Average Score: 4.08/5.00

69: The Big Lebowski (1998) | Genre: Comedy, Buddy | Average Score: 4.04/5.00

68: Modern Times (1936) | Genre: Slapstick, Satire, Romance | Average Score: 4.10/5.00

67: M (1931) | Genre: Crime, Thriller | Average Score: 4.09/5.00

66: Werckmeister Harmonies (2000) | Genre: Drama, Slow Cinema, Fekete széria | Average Score: 4.09/5.00

65: As I Was Moving Ahead Occasionally I Saw Brief Glimpses of Beauty (2000) | Genre: Diary Film, New American Cinema | Average Score: 4.09/5.00

64: City Lights (1931) | Genre: Slapstick, Romance | Average Score: 4.11/5.00

63: The Human Condition I: No Greater Love (1959) | Genre: War, Period Drama, Drama, Epic | Average Score: 4.12/5.00

62: Sansho the Bailiff (1954) | Genre: Jidaigeki, Tragedy | Average Score: 4.12/5.00

61: Paris, Texas (1984) | Genre: Road Movie, Drama, Family Drama | Average Score: 4.10/5.00

60: Star Wars: Episode V - The Empire Strikes Back (1980) | Genre: Space Opera, Epic | Average Score: 4.08/5.00

59: Vertigo (1958) | Genre: Mystery, Psychological Thriller, Romance | Average Score: 4.11/5.00

58: Mirror (1975) | Genre: Psychological Drama, Experimental | Average Score: 4.12/5.00

57: Heimat: A Chronicle of Germany (1984) | Genre: New German Cinema, Period Drama | Average Score: 4.29/5.00

56: Paths of Glory (1957) | Genre: War, Legal Drama | Average Score: 4.13/5.00

55: Barry Lyndon (1975) | Gene: Period Drama | Average Score: 4.12/5.00

54: Citizen Kane (1941) | Genre: Drama | Average Score: 4.11/5.00

53: No Country for Old Men (2007) | Genre: Thriller, Crime, Neo-Western | Average Score: 4.09/5.00

52: The Hole (Le trou) (1960) | Genre: Prison Film, Drama | Average Score: 4.15/5.00

51: Tie Xi Qu: West of the Tracks (2002) | Genre: Direct Cinema | Average score: 4.16/5.00

50: Tokyo Story (1953) | Genre: Drama, Family Drama, Shōshimin-eiga | Average Score: 4.13/5.00

49: A Woman Under the Influence (1974) | Genre: Psychological Drama, New Hollywood, Family Drama | Average score: 4.14

48: Ikiru (1952) | Genre: Drama, Melodrama | Average score: 4.14/5.00

47: Rear Window (1954) | Genre: Mystery, Thriller, Chamber Film | Average score: 4.12/5.00

46: The Seventh Seal (Det sjuende inseglet) (1957) | Genre: Period Drama, Low Fantasy, Medieval | Average score: 4.13/5.00

45: Love Exposure (2008) | Genre: Romance, Drama, Absurdist Comedy, Satire | Average score: 4.15/5.00

44: Dr. Strangelove, or: How I Learned to Stop Worrying and Love the Bomb (1964) | Genre: Satire, Black Comedy, War | Average score: 4.13/5.00

43: Blade Runner (1982) | Genre: Tech-Noir, Cyberpunk, Dystopian, Artificial Intelligence | Average score: 4.11/5.00

42: It's Such a Beautiful Day (2012) | Genre: Animation, Psychological Drama, Surrealism, Black Comedy | Average score: 4.14/5.00

41: Once Upon a Time in the West (1968) | Genre: Spaghetti Western | Average score: 4.15/5.00

40: Psycho (1960) | Genre: Psychological Thriller, Mystery, Horror | Average score: 4.13/5.00

39: One Flew Over the Cuckoo's Nest (1975) | Genre: Drama, New Hollywood | Average score: 4.13/5.00

38: Fanny and Alexander (Fanny och Alexander) (1982) | Genre: Period Drama, Family Drama | Average score: 4.16/5.00

37: Yi Yi (2000) | Genre: Slice of Life, Drama, Family Drama, Taiwanese New Wave | Average score: 4.17/5.00

36: High and Low (1963) | Genre: Drama, Crime, Police Procedual, Neo-Noir | Average score: 4.18/5.00

35: Princess Mononoke (1997) | Genre: Anime, Fantasy, Adventure, Drama, Epic | Average score: 4.15/5.00

34: Sunset Blvd. (1950) | Genre: Film Noir, Drama | Average score: 4.17/5.00

33: A Brighter Summer Day (1991) | Genre: Coming-of-Age, Drama, Taiwanese New Wave, Crime, Romance | Average score: 4.19/5.00

32: Alien (1979) | Genre: Horror, Science Fiction, Extraterrestrial | Average score: 4.15/5.00

31: Ran (1985) | Genre: Tragedy, Jidaigeki, War, Epic | Average score: 4.19/5.00

30: The Thing (1982) | Genre: Body Horror, Science Fiction, Psychological Horror, Alien Invasion, Cosmic Horror | Average score: 4.16/5.00

29: GoodFellas (1990) | Genre: Gangster Film, Biopic, Drama | Average Score: 4.16/5.00

28: The Passion of Joan of Arc (La passion de Jeanne d'Arc) (1928) | Genre: Biopic, Period Drama, Legal Drama, Religious Film, Medieval | Average Score: 4.20/5.00

27: The Decalouge (Dekalog) (1989) | Genre: Drama, Anthology Film | Average Score: 4.28/5.00

26: A Clockwork Orange (1971) | Genre: Dystopian, Crime, Satire, Black Comedy | Average Score: 4.17/5.00

25: Woman in the Dunes (1964) | Genre: Psychological Drama, Japanese New Wave, Psychological Thriller, Chamber Film | Average Score: 4.23/5.00

24: The Human Condition III: A Soldier's Prayer (1961) | Genre: War, Psychological Drama, Period Drama, Epic | Average Score: 4.24/5.00

23: There Will Be Blood (2007) | Genre: Period Drama | Average Score: 4.19/5.00

22: Andrei Rublev (1966) | Genre: Period Drama, Biopic, Medieval, Epic, Religious Film | Average Score: 4.24/5.00

21: Persona (1966) | Genre: Psychological Drama, Chamber Film | Average Score: 4.23/5.00

20: Parasite (2019) | Genre: Drama, Black Comedy, Satire | Average Score: 4.22/5.00

19: Sátántangó (1994) | Genre: Drama, Slow Cinema, Fekete széria | Average Score: 4.25/5.00

18: The Shining (1980) | Genre: Psychological Horror, Haunted House | Average Score: 4.22/5.00

17: Twin Peaks: Northwest Passage (1989) | Genre: Drama, Mystery, Psychological Thriller, Whodunit, Neo-Noir | Average Score: 4.26/5.00

16: Stop Making Sense (1984) | Genre: Concert | Average Score: 4.28/5.00

15: Mulholland Dr. (2001) | Genre: Mystery, Surrealism, Psychological Thriller, Psychological Drama, Neo-Noir | Average Score: 4.23/5.00

14: Spirited Away (2001) | Genre: Anime, Fantasy, Coming-of-Age, Adventure, Isekai | Average Score: 4.26/5.00

13: Taxi Driver (1976) | Genre: Psychological Drama, New Hollywood, Crime, Neo-Noir | Average Score: 4.25/5.00

12: The Godfather: Part II (1974) | Genre: Gangster Film, Drama, New Hollywood | Average Score: 4.29/5.00

Nr.11: Seven Samurai (1954) | Genre: Jidaigeki, Chambara, Epic | Average Score: 4.31/5.00

10: Pulp Fiction (1994) | Genre: Crime, Black Comedy, Hyperlink Cinema | Average Score: 4.27/5.00

9: Stalker (1979) | Genre: Psychological Drama, Slow Cinema, Science Fiction | Average Score: 4.31/5.00

8: The End of Evangelion (1997) | Genre: Psychological Drama, Anime, Mecha, Post-Apocalyptic, Surrealism | Average Score: 4.33/5.00

7: 12 Angry Men (1957) | Genre: Legal Drama, Chamber Film | Average Score: 4.33/5.00

6: The Good, The Bad and The Ugly (1966) | Genre: Spagetti Western | Average Score: 4.34/5.00

5: Apocalypse Now (1979) | Genre: War, Psychological Drama, New Hollywood | Average Score: 4.34/5.00

4: Come and See (1985) | Genre: War, Period Drama, Psychological Drama | Average Score: 4.37/5.00

3: Harakiri (1962) | Genre: Jidaigeki | Average Score: 4.39/5.00

2: The Godfather (1972) | Genre: Gangster Film, Drama, New Hollywood | Average Score: 4.35/5.00

1: 2001: A Space Odyssey (1968) | Genre: Science Fiction, Space Exploration | Average Score: 4.36/5.00",2023-08-15T21:18:01,0,10,https://www.reddit.com/r/movies/comments/15s5edp/what_does_rmovies_think_of_the_top_100_highest/,Spider-Man: Across the Spider-Verse,Spider-Man: Across the Spider-Verse
15xnp1o,boxoffice,Weekend Actuals for August 18-20 – 'Blue Beetle' and 'Strays' Bomb,"&amp;#x200B;

https://preview.redd.it/pxvmoj5rqjjb1.jpg?width=1920&amp;format=pjpg&amp;auto=webp&amp;s=6884a901067c16240a1f753db434a9e350255d5c

Well, ***Barbie*** was finally dethroned at the box office by a movie and that honor belonged to DC's ***Blue Beetle***. Nevertheless, it's no victory for the DC pic, as it had one of the worst debuts for a comic book movie in years. Meanwhile, raunchy comedy ***Strays*** became the latest original comedy to flop.

&amp;#x200B;

The top 10 earned a combined $93.8 million, which is up 32% from last year.

&amp;#x200B;

At 3,871 theaters, ***Blue Beetle*** debuted with a poor $25 million. This is even lower than ***Shazam! Fury of the Gods*** ($30 million) and marks the second worst debut in the DCEU. And even then, that makes things worse as ***Wonder Woman 1984*** ($16.7 million) debuted on the same day as HBO Max on December 2020, under worse conditions. In fact, if we discard that movie, ***Blue Beetle*** had the worst debut for a live-action DC movie since ***Red 2*** ($18 million) in 2013. An astounding 42% of its gross came from PLF and IMAX, both of which it will lose to ***Gran Turismo*** in a few days.

&amp;#x200B;

It doesn't take a genius to see why the movie fared so poorly. The character may have its fans, but Blue Beetle is definitely not an A-lister character, or even B-lister. The trailers also didn't overcome the ""been there, done that"" feeling that plagued other comic book movies. It wasn't the fact that it looked generic, it's that it *was* generic. Basically, the movie never felt like a must-see in theaters (it was originally planned for HBO Max). Reviews basically confirmed it; while it may have an okay 77% on Rotten Tomatoes, the reviews highlighted that the movie didn't offer anything new to the superhero genre. 

&amp;#x200B;

As for its cast, there was the expectation that Xolo Maridueña (from ***Cobra Kai*** fame) could get people interested, but that didn't pan out. Once again the point needs to be clear; just because an actor may be part of a popular streaming show, that doesn't make the actor a bankable star. Ask the ***Stranger Things*** cast about it.

&amp;#x200B;

But perhaps the biggest disadvantage is DC itself. The DCEU brand is at an all-time low; this is the seventh box office flop in a row for the franchise. If some franchises face huge repercussions for 2-3 bombs in a row, imagine what seven could do. It would help if the audience at least liked the movies, but the reception proved to be lukewarm at best. 2023 has been a very brutal year for DC. Three movies released so far and all will be huge money losers. Is there any hope for ***Aquaman and the Lost Kingdom*** in December? We don't want to give pressure to James Gunn... but he's got a lot of work to do if he wants the DCU to succeed.

&amp;#x200B;

According to Warner Bros., 66% of the audience was male and 58% was in the 18-34 demographic. Unsurprisingly, the biggest demo was the Hispanic market, which consisted of 39% of its audience. Critics were forgiving of the movie, but the audience less so. They gave it a lukewarm ""B+"" on CinemaScore, the seventh DCEU movie to fall in the B range. Even with its low opening, ***Blue Beetle*** will collapse and become among the lowest DC movies ever. The real question is if it can earn less than ***Shazam! Fury of the Gods*** ($57.6 million).

&amp;#x200B;

In second place, ***Barbie*** faced no impact whatsoever from ***Blue Beetle***. It eased just 37%, earning $21 million. The movie has already passed ***The Dark Knight*** to become Warner Bros.' highest grossing movie domestically. The movie has made $566.8 million, and it will pass ***The Super Mario Bros. Movie*** ($574.2 million) in the coming days to become the year's highest grossing movie.

&amp;#x200B;

In third place, ***Oppenheimer*** ceded its IMAX screens to ***Blue Beetle***, but it still eased just 43% for a $10.7 million weekend. With a $285.3 million domestic total, the movie has passed ***Sing*** ($270.3 million) to become the highest grossing movie to never hit #1. By next weekend, it will pass ***Inception*** ($292.5 million).

&amp;#x200B;

In fourth place, ***Teenage Mutant Ninja Turtles: Mutant Mayhem*** eased 44% for a $8.5 million weekend. The drop is not bad, but considering the great word of mouth and lack of animated competition, it feels like the movie could've performed better than that. The movie has earned $88.2 million so far.

&amp;#x200B;

In fifth place, we find the other newcomer, ***Strays***, which flopped with just $8.2 million from 3,223 theaters. That marks one of the worst debuts for both Will Ferrell and Jamie Foxx. It was barely half of what ***No Hard Feelings*** did two months ago. At least it was better than ***Joy Ride***, but that's not saying much.

&amp;#x200B;

As previously mentioned, the market for original comedies is at an all-time low. None have come close to ***Good Boys*** ($83.1 million), the last successful one back in 2019. The 2023 SAG-AFTRA strike also complicated matters, as none of the cast members couldn't promote the movie. But even if they did, the movie would still have a tough hill to climb. Foxx has had his share of successes from here and then, but he's still hit-and-miss. Meanwhile, Ferrell has saw his star fall over the years; once one of the most reliable comedy draws, he couldn't save movies like ***Downhill***, ***Holmes &amp; Watson***, ***The House*** and ***Zoolander No. 2*** from flopping.

&amp;#x200B;

According to Universal, 56% of the audience was male and 53% was in the 18-34 demographic. They gave it a ""B+"" on CinemaScore, which is fine for a comedy. Nevertheless, with a debut this low, it's unlikely it can recoup its $46 million.

&amp;#x200B;

In sixth place, ***Meg 2: The Trench*** dipped 47% for a $6.7 million weekend. Considering the poor reception, it's not holding that badly. It has made $66.5 million and it should still maintain good holds for the reminder of the month.

&amp;#x200B;

In seventh place, A24's ***Talk to Me*** continued its insane run. It dipped just 37%, earning $3.1 million. The movie is currently outpacing ***Hereditary*** in daily grosses, and it's just $2 million behind it through this point. Assuming it keeps these drops, there's a strong chance it could pass ***Hereditary***.

&amp;#x200B;

In eighth place, Disney's ***Haunted Mansion*** dipped 47%, grossing $3 million. While it didn't hold as bad as expected, it's still a poor performance. To date, it has made just $58.8 million.

&amp;#x200B;

In ninth place, ***Mission: Impossible – Dead Reckoning Part One*** is still holding on. It eased 40% for a $2.7 million, bringing its total to $164.6 million.

&amp;#x200B;

In tenth place, ***Sound of Freedom*** is losing momentum. It dipped 46%, making $2.6 million. That takes its total to $177.7 million.

&amp;#x200B;

#**OVERSEAS**

&amp;#x200B;

For the first time, ***Oppenheimer*** led the overseas market, adding $32 million. That's mainly due to its debut in South Korea, where it made $12.6 million through its first six days. In the process, the movie crossed $700 million, passing Nolan's ***Interstellar*** in the process. It will eventually pass the ***Deadpool*** movies to become the second highest grossing R-rated movie ever.

&amp;#x200B;

***Barbie*** added $26.7 million, which took its worldwide total to $1.280 billion. It's already Warner Bros.'s highest-grossing movie in 30 markets.

&amp;#x200B;

***Meg 2: The Trench*** continued killing it overseas, adding $21.9 million. That brings its worldwide total to $318.3 million. The movie's top markets are China ($106.3M), Mexico ($18.3M), the UK ($12.5M), France ($9.9M) and Spain ($9.8M). The movie will open this week in Japan.

&amp;#x200B;

If there was any hope that ***Blue Beetle*** would find success overseas, sorry to bring up the bad news. The movie made just $18 million from 63 markets, which is below ***Shazam! Fury of the Gods***. Its top market was  Mexico, but its $2.7 million is very weak, considering it opened below ***Shazam! Fury of the Gods***, ***Creed III*** and ***Demon Slayer: Kimetsu No Yaiba - To the Swordsmith Village***. Other markets were Brazil ($2.1M), France ($1.5M), the UK ($1.5M), and Indonesia ($1.2M), but none here were remotely good debuts.

&amp;#x200B;

The movie had a long way to find success, but it looks like its target, Latin America, is not going to save it. The movie was trending socially for months, but not in the way you think. It was ***Morbius***'d; the phrase ""***Blue Beetle*** 18 de agosto solo en cines"" was memed as part of a shitpost, as WB wasn't promoting the movie. But just like some Sony executives learned a harsh lesson for the ***Morbius*** memes, WB learned the same way with ***Blue Beetle***. Worldwide, it has made just $43.6 million, and there's a strong chance it will miss $100 million, which is abysmal for a superhero movie.

&amp;#x200B;

One week before its domestic release, ***Gran Turismo*** continued its run overseas. It added $6.3 million from 34 markets, and now it finds itself at $22.7 million so far. That represents a 37% drop, which is not fantastic, considering its soft debuts across the board. It opens this week in many markets, including United States, Mexico and Brazil.

&amp;#x200B;

#**MOVIES THAT ENDED THEIR RUN THIS WEEK**

&amp;#x200B;

Movie | Release Date | Studio | Domestic Opening | Domestic Total | Worldwide Total | Budget |
----------|:--------:|----------|:--------:|:--------:|:--------:|:--------:
*Past Lives* | June 2 | A24 | $1,660,698 | $10,678,131 | $10,783,333 | N/A
*The Flash* | June 16 | Warner Bros. | $55,043,679 | $108,133,313 | $268,068,651 | $220M
*No Hard Feelings* | June 23 | Sony | $15,002,770 | $50,452,282 | $86,392,639 | $45M
*Ruby Gillman, Teenage Kraken* | June 30 | Universal | $5,500,990 | $15,753,600 | $42,250,688 | $70M

&amp;#x200B;

- A24's ***Past Lives*** ended its run with over $10.7 million worldwide, with 99% of its gross coming from North America. The movie had a solid limited run, although it couldn't reach the top ten nor play in more than 1,000 theaters. There are talks about possible Oscar buzz, but one wonders if A24 made a mistake in premiering it during summer instead of fall. 

- It may have been the fastest man alive, but ***The Flash*** had no legs at all. The movie closed with just $108.1 million domestically and a poor $268 million worldwide. It couldn't even hit the 2x multiplier and wound up earning less than ***Scream VI*** ($108.16 million). On a $220 million budget, it will rank among the biggest box office bombs in history. And remember, the movie had a huge marketing campaign, which included a Super Bowl spot. This will go down as one of the most pathetic runs ever.

- Raunchy comedy ***No Hard Feelings*** has closed with $50.4 million domestically and $86.3 million worldwide. That would be a respectable sum, if it wasn't for the $45 million budget. The sad part is that it feels like the ceilling for an original comedy these days. If this is what we can get with an A-lister like Jennifer Lawrence, is there any hope left for original comedies in theaters?

- Blame the execution or blame the title. Whatever the case may be, DreamWorks' ***Ruby Gillman: Teenage Kraken*** ended with just $15.7 million domestically and $42.2 million worldwide. That's an awful total for an animated movie from a major studio. It was the studio's lowest grossing movie and its 2.86x multiplier is very mediocre considering its poor debut. The crazy thing is that the audience and critics didn't love it or hate it, they simply just didn't care at all for this movie.

&amp;#x200B;

#**THIS WEEKEND**

&amp;#x200B;

Neill Blomkamp's ***Gran Turismo*** will make its wide release debut. Well, we have to use asteriks for that; Sony reportedly held **NINE** days of early showings (August 2, 8, 9, 11, 12, 13, 18, 19 and 20) and Thursday previews on August 24th, all of which will be added to its run. Ain't that absurd? Blomkamp is coming off two disappointments, ***Chappie*** and ***Demonic***, and he will try to turn his luck around, although it's unlikely the movie comes close to ***District 9*** ($115.6 million) and ***Elysium*** ($93 million). Even marketing didn't bother in noting the connection: his name is not present in the posters, not even ""From the director of ***District 9*** and ***Elysium***"".

&amp;#x200B;

Lionsgate is releasing Liam Neeson's action thriller ***Retribution***. Neeson's star powers has plummeted in the past year, thanks to many duds. His previous movie, ***Marlowe***, was his lowest grossing wide release as leading man with just $4.3 million. It's unlikely this movie changes that perspective.

&amp;#x200B;

Briarcliff Entertainment is releasing the biopic sports drama ***The Hill***, starring Dennis Quaid. The story follows a baseball player Rickey Hill overcoming a physical handicap in order to try out for a legendary major league scout. The director said he wanted something that could stand like ***Rudy***, ***Field of Dreams***, ***The Natural*** and ***The Blind Side***. It's unlikely the movie's total matches these movies' opening day.

&amp;#x200B;

MGM's critically acclaimed comedy ***Bottoms*** will begin with a limited release this weekend before its wide expansion the following weekend.

&amp;#x200B;

**ICYM:** Sunday August 27th will be National Cinema Day. During this day, tickets for all shows and all formats will be no more than $4. This is coming off after the success of last year; that Sunday accounted for $24 million, which was up 8% from Saturday.",2023-08-21T23:18:54,129,95,https://www.reddit.com/r/boxoffice/comments/15xnp1o/weekend_actuals_for_august_1820_blue_beetle_and/,Oppenheimer,Oppenheimer
15lbvbk,boxoffice,UK &amp; IRL Box Office for Monday 7th August. Barbie (£1.59m) / Oppenheimer (£929k) / Meg 2 (£611k) / TMNT: Mutant Mayhem (£316k) / M:I - Dead Reckoning (£172k) / Elemental (£167k),,2023-08-08T08:22:48,32,4,https://i.redd.it/j30v5iuajugb1.jpg,Mission: Impossible – Dead Reckoning Part One,Mission: Impossible – Dead Reckoning Part One
16dfcip,boxoffice,How would Barbie have performed if it wasn't released the same day as Oppenheimer,"There was a poll earlier about how Opennheimer would have performed if it wasn't released the same week as Barbie but the better question I think is how Barbie would have performed, would it have done better, worse or the same?

&amp;#x200B;

I feel like it definitly benefited from Barbenheimer even the official twitter account shared the meme producing a backlash in Japan.

[View Poll](https://www.reddit.com/poll/16dfcip)",2023-09-08T16:36:54,6,44,https://www.reddit.com/r/boxoffice/comments/16dfcip/how_would_barbie_have_performed_if_it_wasnt/,Barbie,Barbie
14xte7t,movies,Opinions on multi-part movies?,"Recently I saw both 'Mission Impossible Dead Reckoning' and 'Across the Spider verse' and a thought came to mind. The movies do not have good endings. 

Don't get me wrong, sequels are great but those movies have satisfying conclusions meanwhile multi-parters like mission impossible have such a weird ending. I would not mind if they extended the run time by 1 hour to include the final act.

Overall, I think these films need to either extend their runtime or finish with a more satisfying conclusion.
I feel like the movies are suffering quality wise due to their conclusions and are worse off as a result.

What do you guys think about these 2/3 part movies? Do you have suggestions for how to improve the problems or are the films fine?",2023-07-12T16:29:17,0,13,https://www.reddit.com/r/movies/comments/14xte7t/opinions_on_multipart_movies/,Spider-Man: Across the Spider-Verse,Spider-Man: Across the Spider-Verse
14wttcc,movies,I watched Tenet last night. Am I just stupid or is this movie convoluted for the sake of being convoluted?,"**Maybe you've heard all of this before but it's fresh to me so it's my turn to rant on the internet.**

First let me say I have loved basically every Nolan film I've watched. And I have now seen them all with the exception of 'Following.' I usually enjoy piecing together the puzzles he creates and appreciate the imaginative and novel concepts he explores. Memento, Inception, Interstellar- all classics in my book.

However, the plot to this movie was so convoluted that it felt almost like self-parody, like they were purposely trying to make the movie difficult to understand. The opening act just completely failed to hook me in any way which made the following 30 minute sequence of constantly jumping to new locations and meeting new people who all serve as barely comprehensible exposition dumps absolutely grueling. I spent the entire first and second acts paying close attention and trying to understand what the characters are doing and why. Eventually I was so lost that I had no clue where the characters were or what they were doing so I just became very bored. At one point I was so bored I started to become a bit frustrated with how much of my free-time away from work I was spending on watching this film.

I have pre-purchased tickets for Oppenheimer in 70mm IMAX so I hope we get a return to Chris's original recipe in his upcoming release.",2023-07-11T15:04:15,6401,2662,https://www.reddit.com/r/movies/comments/14wttcc/i_watched_tenet_last_night_am_i_just_stupid_or_is/,Oppenheimer,Oppenheimer
165fsef,boxoffice,"Barbie passes Spider-Man: No Way Home &amp; becomes the 4th Biggest Film since the Pandemic started, Oppenheimer beats The Dark Knight Rises &amp; becomes the 2nd Biggest Christopher Nolan Film, Joy Ride flops with a Opening Weekend in 18th place - Germany Box Office","https://preview.redd.it/fieecar499lb1.jpg?width=864&amp;format=pjpg&amp;auto=webp&amp;s=d6e7c461b10f415bd095f5cdb67c5be2309ebc5d

&amp;#x200B;

**Weekend 34/23 (August 24th, 2023-August 27th, 2023) Top 20 in Ticket Sales:**

|Nr.|Film|Weekend Ticket Sales|Drop|Total Ticket Sales|Weekend|Theaters|Average|Final Total (Prediction)|
|:-|:-|:-|:-|:-|:-|:-|:-|:-|
|1|Barbie|277,010|\+3%|4,979,345|6|897|309|6M|
|2|Oppenheimer|179,027|\-8%|3,367,456|6|721|248|3.75M|
|3|Rehragout Rendezvous|173,435|\+3%|1,005,225|3|679|255|1.4M|
|4|The Meg - The Trench|87,285|\-3%|829,290|4|463|189|1M|
|5|Elemental|62,492|\+49%|1,707,023|10|555|113|1.9M|
|6|Gran Turismo|44,290|\-3%|242,849|3|452|98|350K|
|7|Wild Heart|40,976|\-|49,856|New|539|76|200K|
|8|Ladybug &amp; Cat Noir - The Movie|30,224|\+16%|1,126,101|8|523|58|1.2M|
|9|Blue Beetle|25,919|\-22%|73,107|2|352|74|125K|
|10|Mission: Impossible - Dead Reckoning Part One|25,860|\-11%|1,180,374|7|283|91|1.25M|
|11|Lassie - A New Adventure|25,184|\+32%|474,481|5|583|43|550K|
|12|Teenage Mutant Ninja Turtles - Mutant Mayhem|23,027|\+13%|253,628|4|412|56|300K|
|13|Past Lives|20,990|\+0%|63,945|2|99|212|150K|
|14|The Last Voyage of the Demeter|17,021|\-20%|56,304|2|255|67|80K|
|15|Indiana Jones and the Dial of Destiny|10,858|\-21%|1,347,816|9|221|49|1.375M|
|16|Kandahar|10,833|\-16%|36,355|2|234|46|55K|
|17|Jeanne du Barry|10,115|\-|10,564|New|88|115|40K|
|18|Joy Ride|9,727|\-|19,030|New|205|47|40K|
|19|Kannawoniwasein!|8,657|\+23%|22,586|2|302|29|60K|
|20|Talk to Me|7,901|\+6%|117,924|5|143|55|140K|

**Weekend 34/23 (August 24th, 2023-August 27th, 2023) Top 20 in Box Office:**

|Nr.|Film|Weekend Box Office|Drop|Total Box Office|Weekend|Theaters|Average|Final Total (Prediction)|
|:-|:-|:-|:-|:-|:-|:-|:-|:-|
|1|Barbie|€2,688,826|\+1.8%|€46,716,593|6|897|€2,998|€56M|
|2|Oppenheimer|€2,138,958|\-7.3%|€39,035,595|6|721|€2,967|€44M|
|3|Rehragout Rendezvous|€1,653,480|\+1.3%|€9,511,148|3|679|€2,435|€13.25M|
|4|The Meg - The Trench|€932,604|\-3.8%|€8,745,599|4|463|€2,014|€10.5M|
|5|Elemental|€495,580|\+46.5%|€13,765,559|10|555|€893|€15M|
|6|Gran Turismo|€454,334|\-1.5%|€2,374,201|3|452|€1,005|€3.25M|
|7|Wild Heart|€314,259|\-|€372,283|New|539|€583|€1.5M|
|8|Mission: Impossible - Dead Reckoning Part One|€298,460|\-11.2%|€13,248,256|7|283|€1,055|€14M|
|9|Blue Beetle|€244,610|\-22.7%|€685,622|2|352|€695|€1.1M|
|10|Ladybug &amp; Cat Noir - The Movie|€233,271|\+12.1%|€8,772,635|8|523|€446|€9.4M|
|11|Past Lives|€201,031|\+4.4%|€572,662|2|99|€2,031|€1.3M|
|12|Lassie - A New Adventure|€184,154|\+29.6%|€3,507,655|5|583|€316|€4M|
|13|Teenage Mutant Ninja Turtles - Mutant Mayhem|€181,652|\+9.8%|€2,088,671|4|412|€441|€2.4M|
|14|The Last Voyage of the Demeter|€165,450|\-21.7%|€504,252|2|255|€649|€700K|
|15|Indiana Jones and the Dial of Destiny|€118,558|\-19%|€14,645,439|9|221|€536|€15M|
|16|Kandahar|€106,036|\-17.3%|€322,389|2|234|€453|€500K|
|17|Jeanne du Barry|€94,625|\-|€98,310|New|88|€1,075|€350K|
|18|Joy Ride|€92,456|\-|€153,276|New|205|€451|€325K|
|19|Talk to Me|€79,035|\+4.9%|€1,097,003|5|143|€553|€1.3M|
|20|Kannawoniwasein!|€62,664|\+17.5%|€164,164|2|302|€207|€425K|

**Other Newcomers:**

|Film|Weekend Ticket Sales|Theaters|Average|
|:-|:-|:-|:-|
|Dovbush|4,602|45|102|
|Fisherman's Friends: One and All|3,660|134|27|
|One Last Evening|3,126|41|76|
|Jeder schreibt für sich allein|2,375|40|59|
|The Inspection|1,651|54|31|
|Polite Society|1,380|32|43|

&amp;#x200B;",2023-08-30T14:09:26,48,6,https://www.reddit.com/r/boxoffice/comments/165fsef/barbie_passes_spiderman_no_way_home_becomes_the/,Oppenheimer,Oppenheimer
166hlwf,movies,What's the worst use of a PG-13 in movies?,"Movies pushing the envelope for language, violence, sex, etc. 

Ant-Man is PG-13: there's not much too objectionable in it. 

Guardians of the Galaxy Vol. 3 is 2 hour of ultraviolence and (talking) animal torture. Also a PG-13.

Barbie is PG-13: some adult conversations about the big questions of life.",2023-08-31T17:40:03,0,13,https://www.reddit.com/r/movies/comments/166hlwf/whats_the_worst_use_of_a_pg13_in_movies/,Barbie,Barbie
16vgngw,boxoffice,"With a better release date, how much more money could Fast X have made?","Domestically, this grossed $67 million which was a decent figure and above the $55-60 million studio projections. However, this fell a steep 66% in weekend two against The Little Mermaid and 58% in weekend three when Spider-Man: Across The Spider-Verse was released. It also hurt that Fast X was released onto VOD on June 9th, just three weeks after its May 19th release. 

This fizzled out at $146 million domestically (2.18 multiplier), and $705 million worldwide (2.2 multiplier).

Having a better release with less competition during its second and third weekends and without going to VOD so early, how much more could Fast X have grossed domestically and worldwide?",2023-09-29T16:44:37,7,19,https://www.reddit.com/r/boxoffice/comments/16vgngw/with_a_better_release_date_how_much_more_money/,Spider-Man: Across the Spider-Verse,Spider-Man: Across the Spider-Verse
16w9yur,boxoffice,"Tom Cruise as Leading Actor : Domestic , International , Worldwide Box Office with Adjust Inflations","
■Domestic Gross / Adjust Inflations

***Not include 8 flims that Cruise isn't a leading actor :  Endless Love , Taps , The Outsider , Losin' it , Magnolia , Autis Powers , Tropic Thunder , Rock of Ages***

- Risky Business gross 63.5m / ~195.8m
- All the Right Moves gross 17.2m / ~53m
- Legend gross 15.5m / ~44.2m
- Top Gun gross 180.4m / ~505.5m
- The Color of Money gross 52.2m / ~146.4m
- Cocktail gross 78.2m / ~203m
- Rain Man gross  172.8m / ~448.5m
- Born on the 4th of July gross 70m / ~173.3m
- Day of Thunder gross 82.6m / ~194.2m
- Far and Away gross 58.8m / ~128.8m
- A Few Good Men gross 141.3m / ~309.3m
- The Firm gross 158.3m / ~336.4m
- Interview with the Vampire gross 105.2m / ~218m
- Mission Impossible gross 180.9m / ~354.1m
- Jerry Maguire gross 153.9m / ~301.2m
- Eye Wide Shut gross 55.6m / ~102.6m
- MI2 gross 215.4m / ~384m
- Vanilla Sky gross 100.6m / ~174.4m
- Space Station 93.2m /~159.1m
- Minority Report gross 132m / ~225.3m
- The Last Samurai gross 111.1m / ~185.4m
- Collateral gross 100.1m / ~162.8m
- War of the Worlds gross 234.2m / ~368.3m
- MI3 gross 133.5m / ~203.3m
- Lion for Lamps 14.9m / ~22.2m
- Valkyrie gross 83.1m / ~118.5m
- Knight and Day gross 76.4m / ~107.6m
- MI4 gross 209.3m / ~285.8m
- Jack Reacher gross 80m / ~107m
- Oblivion gross 89.1m / ~117.4m
- Edge of Tomorrow gross 100.2m / ~129.9m
- MI5 gross 195m / ~252.6m
- Jack Reacher 2 gross 58.6m / ~75m
- The Mummy gross 80.1m / ~100.3m
- American Made gross 51.3m / ~64.3m
- MI6 gross 220.1m / ~269m
- Top Gun Maverick 718.7m / ~754m
- MI7 gross 172.1m

Total Domestic markets as leading roles  in 38 flim 
   - Gross 4.853B /38 = 127.7 per flim
   - Adjust Inflation  8.152B /38 = 214.5 per flim

■International  Gross / Adjust Inflations

*** Cruise leading actor in The Color of Money , Risky Business , All The Right Moves  but did not released in overseas markets***

*** Cruise did not a leading actor in 8 flims : Endless Love , Taps , The Outsider , Losin It , Magnolia ,  Austin Powers , Tropic Thunder , Rock of Ages***

- Legend (1985) gross 8m /~24.6m 
- Top Gun (1986) gross 176.9m /~495.8m
- Cocktail (1988) gross 93.2m /~242m adjust
- Rain Man (1988) gross 239.9m /~622.8m 
- Born on the Fourth of July (1989) gross 91m / ~225.3m
- Day of Thunder (1990) gross 75m /~176.1m
- Far and Away (1992) gross 78.9m /~172.6m 
- A Few Good Men (1992) gross 95.1m /~208.2m 
- The Firm (1993) gross 112m /~237.9m
- Interview with the Vampire (1994) gross 118.3m /~245m
- Mission Impossible (1996) gross 276.7m /~541.4m
- Jerry Maguire (1996) gross 119.6m /~234m
- Eye Wide Shut (1999) gross 48.5m /~89.5m
- MI2 (2000) gross 334.1m /~595.8m
- Vanilla Sky (2001) gross 102.1m /~177m
- Space Station (2002) gross 33.2m /~56.8m
- Minority Report (2002) gross 226.8m /~387m
- The Last Samurai (2003) gross 345.7m /~576.8m
- Collateral (2004) gross 117.4m /~190.8m
- War of the Worlds (2005) gross 372.5m /~585.6m
- MI3 (2006) gross 265.8m /~404.9m
- Lions for Lamps (2007) gross 48.2m /~71.3m
- Valkyrie (2008) gross 120.8m /~172.2m
- Knight and Day (2010) gross 182.3m /~256.7m
- MI4 (2011) gross 485.3m /~662.4m
- Jack Reacher (2012) gross 137.3m /~183.6m
- Oblivion (2013) gross 198.8m /~262m
- Edge of Tomorrow (2014) gross 266.8m /~346m
- MI5 (2015) gross 493.8m /~639.6m
- Jack Reacher 2 (2016) gross 101.2m /~129.5m
- The Mummy (2017) gross 329.8m /~413.1m
- American Made (2017) gross 84.2m /~105.4m
- MI6 (2018) gross 556.4m /~692.2m
- Top Gun Maverick (2022) gross 776.9m /~815.1m
- MI7 (2023) gross 395.3m

Total International markets as leading roles  in 35 flim 
- Gross 7.467B /35 = 213.3 per flim
- Adjust Inflation  11.63B /35 = 332.4 per flim

■Worldwide Gross / Adjust Inflations (36 flim as leading role) 38 domestic &amp; 35 international
- Gross 12.32B/36 = 342.2m per flim
- Adjust Inflations 19.78B/36 = 549.4m per flim

■All Roles Gross (46 flims)
   - Domestic Gross  5.33B/46 = 116m
   - International Gross 7.44B/39 = 190.9m
   - Worldwide 12.78B /46 = 277.9m 

■All Roles (46 flims) Adjust Inflations
  - Domestic 9.08B /46 =  197.4m per flim
  - International 11.96B /39 = 306.7m per flim
  - Worldwide 21.05B /46 = 457.6m per flim",2023-09-30T15:36:45,15,11,https://www.reddit.com/r/boxoffice/comments/16w9yur/tom_cruise_as_leading_actor_domestic/,Mission: Impossible – Dead Reckoning Part One,Mission: Impossible – Dead Reckoning Part One
15giqy8,boxoffice,"Top-grossing R-rated films over past 5 years: $335.5M Joker $318.5M Deadpool 2 $215.3M A Star is Born $211.6M It: Chapter Two $206.3M Bad Boys For Life $188.4M #Oppenheimer $187.1M John Wick 4 $175M Us $171M John Wick 3 #ChristopherNolan heading for that #3 spot, maybe higher!",,2023-08-02T19:46:36,21,4,https://twitter.com/giteshpandya/status/1686825521294749697?s=46,Oppenheimer,Oppenheimer
15fxv0t,boxoffice,Why are people writing off Killers of the Flower Moon?,"Everywhere I look recently there’s been constant doom and gloom about KotFM. I’m not saying it’s gonna make like 600m worldwide and become a cultural phenomenon, but some of the predictions I’ve seen from it are absurdly low.

I feel like if Oppenheimer taught us anything about box office, besides the power of internet hype, is that nontraditional movies in this age can still do great, especially considering how strong of a comparison those two films are.

While Nolan is a bigger box office draw by name alone, Scorsese’s name still holds a ton of prestige, so there’s a similar draw from the directors talent. And unlike Oppenheimer, DiCaprio is a much stronger box office draw by that name alone. I know this is definitely going to be hampered by the SAGAFTRA strike with DiCaprio and De Niro not being able to do press, but the names are still a strong draw and will be even more if the studios come to a resolutions like they are allegedly seeming.

Both of them are 3 hour historical stories, which is traditionally not a blockbuster genre. Yet Oppenheimer is doing phenomenal.

If you want another comparison, look at Once Upon a Time in Hollywood. A 3 hour movie that is a genre that traditionally doesn’t appeal to people (a movie about “making movies”) by an acclaimed director staring DiCaprio. That film made almost $400m. Now replace Brad Pitt and Margot Robbie star power with De Niro and Brendan Fraser star power, and give it an even higher critic score. 

Again, I’m not saying it’s gonna have a Barbie level run. I just strongly disagree with the Babylon level bomb some have been pushing, especially if the Actor’s Strike is resolved.",2023-08-02T03:44:18,11,40,https://www.reddit.com/r/boxoffice/comments/15fxv0t/why_are_people_writing_off_killers_of_the_flower/,Oppenheimer,Oppenheimer
16fzrdd,boxoffice,"In China Dust To Dust leads convincingly on Monday with $3.43M/$25.42M. No More Bets reclaims 2nd with $0.83M(-56%)/$516.2M ahead of Oppenheimer which drops a hefty -76% from Sunday with a $0.74M(-66%)/$47.7M 2nd Monday vs MI7($0.83M), TF( $1.35M), GOTG3($1.72M). Paw Patrol gets a 29.9 release date","---
#Daily Box Office (September 11th 2023)

As we enter the new week everything takes a sharp nosedive. Dust to Dust leads ahead of No More Bets which reclaims first from Oppenheimer.

**Dust To Dust:** Continues to lead the BO convincingly ahead of everything else. It dominates all the Metropolitan cities. All City ties in general and all provinces.

**Province map of the day:**

https://i.imgur.com/3dt6rfu.png


|# | Movie |Gross|%YD| %LW|Screenings|Admisions(Today)|Total Gross|Projected Total Gross|
:----------- |:-----------|:-----------:|:-----------:|:-----------:|:-----------:|:-----------:|:-----------:|:-----------:|
1| Dust To Dust(release)      |$9.07M/$3.43M |-62%   |/    |105207|0.59M |$25.42M  |$55M  
2| No More Bets               |$2.29M/$0.83M |-63%   |-56% |54169 |0.15M |$516.24M |$523M
3| Oppenheimer                |$3.14M/$0.74M |-76%   |-66% |35641 |0.13M |$47.70M  |$55M
4| Creation Of The Gods       |$1.16M/$0.41M |-65%   |-47% |24843 |0.07M |$355.31M |$359M
5| All Ears                   |$0.70M/$0.28M |-60%   |/    |27614 |0.05M |$2.31M   |$4.2M
6| Papa                       |$1.14M/$0.20M |-82%   |-65% |22456 |0.04M |$80.81M  |$87M
7| The Woman In The Storm     |$0.16M/$0.10M |-38%   |-74% |10893 |0.02M |$23.47M  |$25M
8| MEG 2: THE TRENCH          |$0.19M/$0.06M |-68%   |-64% |6171  |0.01M |$116.87M |$117M
9| Flaming Cloud              |$0.12M/$0.03M |-75%   |/    |12377 |0.005M|$0.54M   |$1M
10| One And Only              |$0.14M/$0.03M |-78%   |-87% |1968  |0.005M|$125.37M |$126M
11| Gran Turismo              |$0.06M/$0.02M |-66%   |-81% |1858  |0.004M|$1.65M   |$2M
12| 30,000 Miles From Chang’an|$0.29M/$0.02M |-93%   |-60% |2769  |0.003M|$250.27M |$251M

*YD=Yesterday, LW=Last Week

---

###**Oppenheimer**

Steep -76% drop from yesterday and another massive -66% week on week drop. Projections drop down to just $55M

https://i.imgur.com/BBrVkEv.png

It will pass MI7's total gross sometimes this week.

|#|WED|THU |FRI |SAT|SUN|MON|TUE|Total
:-----------:|:-----------:|:------------:|:------------:|:------------:|:------------:|:------------:|:------------:|:------------:|:------------:|
First Week|$5.23M|$4.05M|$4.54M|$9.32M|$7.42M|$2.21M|$1.85M|$34.62M 			
Second Week|$1.58M|$1.38M|$2.13M|$4.13M|$3.14M|$0.74M|/|$47.70M		
|%± LW|-69%|-67%|-54%|-56%|-57%|-66|/|/|

**Scheduled showings update for Oppehheimer for the next few days:**

|Day |  Number of Showings |Presales|Projection
:----------- |:-----------:|:-----------:|:-----------:|
Today|35898|$135k|$881k
Tuesday|35142|$129k|$677k
Wednesday|22831|$27k|$616k
---

###**No More Bets**

Back ahead of Oppenheimer with a better drop both from last week and from yesterday.


After adding another 146k admits today it is on the verge of 90.5M admissions. Its now 1.29M admissions behind Ful River Red which is the highest grossing and viewed movie of the year.

|#|SAT |SUN |MON|TUE|WED|THU|FRI|Total
:-----------:|:-----------:|:------------:|:------------:|:------------:|:------------:|:------------:|:------------:|:------------:|:------------:|		
Fifth Week|$6.57M|$4.88M|$1.87M|$1.75M|$1.64M|$1.56M|$2.14M|$510.04M		
Sixth Week|$3.08M|$2.29M|$0.83M|/|/|/|/|$516.24M		
|%± LW|-53%|-53%|-56%|/|/|/|/|/|

**Scheduled showings update for No More Bets for the next few days:**

|Day |  Number of Showings |Presales|Projection
:----------- |:-----------:|:-----------:|:-----------:|
Today|54119|$54k|$914k
Tuesday|53769|$62k|$803k
Wednesday|30694|$22k|$761k
---

###**Creation Of The Gods**

Falls below $500k for the first time in its run. Still a very decent sub 50% drop from last week.

Confirmed for a US release in selected theaters on September 22nd. Will also be screened at some Imax theaters on the 20th September. 

|#|THU|FRI |SAT |SUN|MON|TUE|WED|Total
:-----------:|:-----------:|:------------:|:------------:|:------------:|:------------:|:------------:|:------------:|:------------:|:------------:|			
Seventh Week|$1.25M|$1.28M|$2.68M|$2.17M|$0.79M|$0.75M|$0.72M|$350.92M		
Eight Week|$0.68M|$0.93M|$1.25M|$1.16M|$0.41M|/|/|$355.31M		
|%± LW|-45%|-27%|-52%|-46%|-47%|/|/|/|
**Scheduled showings update for Creation Of The Gods for the next few days:**

|Day |  Number of Showings |Presales|Projection
:----------- |:-----------:|:-----------:|:-----------:|   
Today|24801|$39k|$421k
Tuesday|25255|$43k|$389k
Wednesday|15006|$8k|$365k
---

###**Mid Autumn Festival/National Day Lineup:**

With the Holiday period fast approaching starting with the 3 day The Mid-Autumn Festival/Mooncake Festival on September 29th and connecting to the 7 day National Day/Golden Week starting on the 30th September China will have one of its lucrative periods for Box Office. Its not the strongest period for movies on the calendar mind you but it tends to produce at least 1 mid sized hit. Notably this period has produced the highest grossing movie of all time in China back in 2021 with the Battle At Lake Changjin.

For this year there's currently 10 movies scheduled. 5 animations, A Romance comedy alongside a Sport comedy, 2 Action crime dramas (A genre that has really been hot this year with No More Bets and Lost In The Stars and even Dust To Dust to an extent this week) and ofc a War movie.

Today PAW Patrol: The Mighty Movie joined the fray as the 10th movie that will release in that period.

Of all the movies The Ex-Files 4 likely has the biggest ceeling but also probably the biggest chance to underperform if WoM is terrible. The rest are more of a mystery although Lose To Win had some screenings to the press today and the reception is fairly positive with people calling it more than just a straight up comedy with it also tackling some serious topics and being quite sincere.



|# | Movie |Want To See Number|Daily Increase| M/F Split|Most Popular Age Group|Genre|Release Date
:----------- |:-----------|:-----------:|:-----------:|:-----------:|:-----------:|:-----------:|:-----------:|:-----------:|
1|The Ex-Files 4             |1354k|16k|42/58 |20-24(38.5%)|Romance/Comedy     |28.9   
2|Under The Light            |171k |8k |50/50 |20-24(28.6%)|Action/Crime/Drama |28.9  
3|I am Nezha 2: Hero Returns |159k |1k |35/64 |20-24(27.2%)|Fantasy/Animation  |29.9  
4|Volonteur Army             |147k |2k |50/50 |20-24(26.7%)|History/War/Drama  |1.10   
5|Moscow Mission             |110k |3k |53/47 |20-24(20.8%)|Action/Crime/Drama |29.9  
6|Lose To Win                |52k  |3k |39/61 |20-24(26.7%)|Drama/Comedy       |28.9 
7|The Little Mermaid         |36k  |197|15/85 |30-34(32.3%)|Adventure/Animation|29.9 
8|PAW Patrol: TMM            |17k  |2k |23/77 |30-34(37.5%)|Adventure/Animation|29.9
9|BACKKOM BEAR: MARS MISSON  |9k   |313|27/72 |30-34(23.5%)|Adventure/Animation|28.9
10|Kung Fu Tiger             |6.8k |62 |30/70 |30-34(24.7%)|Adventure/Animation|29.9  
---

###**Other stuff:**

Next big few holywood releases are Expendables 4 on the 15th alongside Hauting in Venice. After that the next wave of releases probably hits in November when Marvels and Hunger Games come out. Between now and then Local movies will once again take or better said keep the spotlight through the Holiday Period at the end of September start of October.

**Expend4bles**

Clearly doesn't have the pace of the bigger movies. Probably looking at a $9-14M opening weekend and will target a gross around $25M as a total. A far cry from the last movies $72M

|Days till release | Expend4bles | MI7:DR |Guardians Of The Galaxy 3|Transformers ROTB|Super Mario|Flash|
:----------- |:-----------:|:-----------:|:-----------:|:-----------:|:-----------:|:-----------:|:-----------:|:-----------:|:-----------:|
7|$20k/19541 |           |$22k/15240    |       |     $46k/9022        |$55k/25536  
6|$59k/24843 |           |$97k/24240    |             |$70k/11223    |$75k/29394  
5|$105k/28469|$54k/18328 |$165k/30650   |$121k/71289  |$101k/13146    |$94k/32185  
4|$156k/32448|$152k/25041|$246k/35550   |$312k/83324  |$153k/16547    |$120k/33768 
3|$217k/40472|$380k/35490|$343k/42013   |$592k/94438  |$234k/20670   |$191k/43693 		
2|           |$686k/47552|$486k/52243   |$946k/106022 |$347k/23740 |$285k/61693  
1||$1.10M/73634|$801k/74490|$1.45M/136762|	$624k/42325|$484k/93693	|
0||$2.08M/94634| $1.84M/101271|$2.78M/162406|$1.75M/61559|$986k/123693|
Total pre-sales $78k",2023-09-11T16:25:54,16,12,https://www.reddit.com/r/boxoffice/comments/16fzrdd/in_china_dust_to_dust_leads_convincingly_on/,Mission: Impossible – Dead Reckoning Part One,Mission: Impossible – Dead Reckoning Part One
15i41gt,boxoffice,‘Barbenheimer’ Powered U.K. Box Office to Record $205 Million July,,2023-08-04T16:03:46,64,0,https://variety.com/2023/film/box-office/barbie-oppenheimer-july-uk-box-office-1235687991/,Barbie,Barbie
16c5ebh,movies,"Official poster: BARBENHEIMER | Not a joke...from Full Moon Pictures, a low-budget mockbuster tells the story of dolls creating an A-Bomb",,2023-09-07T03:42:49,0,14,https://i.redd.it/tdfqv6p88rmb1.png,Barbie,Barbie
144kpz6,boxoffice,Are non franchise R rated movies still going to be successful?,"I'm saying this because lots of people are doubting Oppenheimer. It's a very hyped movie. I've seen more hype for it than any other non-franchise film in the last two years. Besides the new trailer showed before Guardians 3 and Fast X and those movies made bank and many people who saw the trailer for Oppenheimer before those two movies will likely go see Oppenheimer in July. Eitherway, Barbie and Oppenheimer are two different audiences, Barbie is for younger women and Oppenheimer is for adult audiences and even if it wasn't R rated, it'd be too intellectual for someone under 17 years old. Nolan is a huge name and Inception, Interstellar, and Dunkirk were huge successes. Don't say that it won't do well because of three hour runtime, people said the same thing about Wolf of Wall Street and that was a big success.",2023-06-08T20:51:06,8,21,https://www.reddit.com/r/boxoffice/comments/144kpz6/are_non_franchise_r_rated_movies_still_going_to/,Oppenheimer,Oppenheimer
15tu4ak,boxoffice,"Nolan's R rated Oppenheimer just passed Interstellar in box office, looking to take down Inception next",,2023-08-17T17:35:57,1163,150,https://www.slashfilm.com/1366014/christopher-nolan-oppenheimer-passes-interstellar-box-office-inception/,Oppenheimer,Oppenheimer
14swomz,movies,How do you define this new style of animation that seems to be trending recently.,"Recently, I’ve been rewatching the TMNT: Mutant Mayhem on essentially repeat. I’m a big fan of the franchise, and one of the things that sticks out the most is the visual style. However, I kinda want to spend some time defining some of the elements of this style.

For reference, I’m referring to the style most widely agreed upon to be seen in the Spider-Verse films, Puss in Boots: The Last Wish, TMNT: Mutant Mayhem, Nimona, The Bad Guys, and the Peanuts Movie (the closest TV equivalent would be Arcane).

The most popular way to refer to them has been the Spider-Verse style cuz it popularized a lot of the changes, but I feel like that’s a bit disingenuous. Not only did the Peanuts Movie came first, but Spiderverse doesn’t look like Mutant Mayhem, which doesn’t look like Puss In Boots, which doesn’t look like Nimona, etc.

To me, the best way I can refer to it is 2.5D animation, similar to how games like Metroid Dread, modern Donkey Kong Country, and modern Kirby games are 2.5D. That’s probably oversimplifying it a lot, but that’s the best term I got.

The most consistent elements of the style I’ve seen are mainly just implementations of 2D effects, like smear lines and splash art. Variable frame rates is another thing I’ve noticed but doesn’t seem as essential. It’s also these things that divide these movies from other movies that are stylized but not this style, like Wish, Elemental, and the Mario Movie.",2023-07-07T04:38:56,0,9,https://www.reddit.com/r/movies/comments/14swomz/how_do_you_define_this_new_style_of_animation/,Spider-Man: Across the Spider-Verse,Spider-Man: Across the Spider-Verse
154o3sa,boxoffice,#Oppenheimer set for big start INT. Opened to $1.4M in France y’day. Expecting $70M+ weekend. Big Nolan mkts Korea and China opens in August. Japan some time later.,,2023-07-20T11:17:47,184,63,https://twitter.com/meJat32/status/1681985944424153089?t=_pF5NsmNvg9HOZzRItiMHw&amp;s=19,Oppenheimer,Oppenheimer
15gf5o0,boxoffice,July Studio Box-Office Share Breakdown: Barbie gives WB much needed momentum as Oppenheimer propels Universal (technically) to #1 for the year amongst the studios," After what seemed like a troubling first half of the summer, ""Barbenheimer"" and ""Sound of Freedom"" came to save the summer and put us back on track to beat last year by giving us the 4th biggest July of all time. Various studios have gotten much needed wins and others continue to buckle due to low performers. Here's a quick recap of the top 10 of this impressive month by calendar gross only before we cover each major individual studio:

1. Barbie (WB)- 366.4M
2. Oppenheimer (UNI)- 181.4M
3. Sound of Freedom (ANGEL)- 151.4M
4. Indiana Jones and the Dial Of Destiny (DIS)- 143.9M
5. Mission: Impossible- Dead Reckoning Part 1 (PAR)- 140.5M
6. Insidious: The Red Door (SONY)- 78.6M
7. Elemental (DIS)- 64.6M
8. Spider-Man: Across the Spider-verse (SONY)- 47.2M
9. Haunted Mansion (DIS)- 26.4M
10. No Hard Feelings (SONY)- 26.1M

**WB** led the month with a commanding 378.6M, more than 100M above 2nd place. To the surprise of no-one, Barbie led WB's slate for the month with an astonishing **96.8%** market share. the remaining amount was comprised by The Flash's final whimpers. As for the year at large, WB catapulted to 4th place amongst the studios currently sitting with a YTD gross of 638.6M. They're hoping to continue this momentum into August with The Meg 2: The Trench and Blue Beetle and the continued powerhouse run that is Barbie as 2023 has been unforgiving for the studio with multiple catastrophic flops and many underperformers.

**Disney** came in 2nd place with 263M. Indiana Jones led the month for them along with strong holdovers from Elemental and The Little Mermaid further boosting them up. Disney closed out July with the disappointing debut of The Haunted Mansion and has continued to have some struggles in multiple divisions as the year has progressed. Disney when including 20th Century continues to lead the year with a 1.553B gross so far. As August progresses, Disney will slowly be chipped away as they wait for The Marvels in November due to a lack of films during fall aside from 2 from 20th Century.

**Universal** finished 3rd place with 196.26M. Much like WB, Universal was assisted majorly by the 2nd half of ""Barbenheimer"", with Oppenheimer comprising the vast majority of the month for them. Other performers from them included Ruby Gillman, which contributed about 13.2M and became the lowest grossing film in DWA's history. Universal still remains in 2nd place with 1.261B if you merge 20th Century and Disney into one studio; If not, Universal has overtaken Disney to be the new #1 for the year amongst the studios. August will depend largely on the continued staying of Oppenheimer and the newcomers, Last Voyage of the Demeter and Strays.

**Paramount** managed to edge out a 4th place finish with 166.1M. Largely led by M:I7 with some help from Transformers, Paramount's woes continue for the year with multiple underperformers due to poor release dates as M:I7 looks to be the lowest grossing Mission: Impossible film since M:I3. YTD, Paramount sits at 5th amongst the studios with 559.4M (not including TMNT's previews). August for them will have to rely almost entirely on TMNT: Mutant Mayhem as M:I7 gets pushed out of theaters quickly to make room for newer and newer releases.

**Sony** by the skin of their teeth round out the top 5 with 153.75M. Led by Insidious 5 and help from Spider-verse and No Hard Feelings, Sony has continued having a mixed bag of performers with Insidious on track to become the highest grossing film of it's franchise along with Spider-verse's massive success. While NHF had a solid performance for an R-rated comedy but it's budget is eating into it's chances of profitability; though it should do massive business when it hits Netflix by years end. So far, Sony is sitting in 3rd place amongst the studios with 702.2M; soon to be overtaken by WB within the next week. Looking forward for August, they've only got Gran Turismo at the end of the month to keep them going along with whatever little money Insidious will generate.

**Angel Studios** surprises with Sound of Freedom becoming the 3rd highest grosser of the month with 151.4M. Controversies aside, Angel Studios should be respected for experimenting with the Pay-it-Forward system they utilized to rocket SOF into a phenomenon. Angel Studios enters the top 10 amongst the studios sitting at #9 by the end of July with 163.4M; It'll leapfrog United Artists to hit #8. Angel Studios has no more scheduled films till next year, so it's just gonna be SOF carrying them from here on out.

**A24 and Lionsgate** both brought in about 16.3M each with both largely supported by 1 film each, these being Joy Ride for Lionsgate and Talk to Me for A24. looking ahead, A24 has a couple of films in limited release for August but otherwise they do not have much for the rest of the year. As for Lionsgate, they only have The Engineer in limited release for August; As of now, Lionsgate is patiently waiting for their Fall slate to get going with Expend4bles and Saw X approaching.

**Overall Studio Top 10 for 2023**

1. Universal- 1.261B\*\*
2. Disney- 1.226B\*
3. Sony- 702.2M
4. WB- 638.6M
5. Paramount- 559.4M
6. Lionsgate- 341.6M
7. 20th Century- 326.3M\*
8. United Artists- 163.7M
9. Angel Studios- 163.4M
10. Focus Features- 69.3M

\*separated out 20th Century and Disney just to show their individual grosses, otherwise they can merged together and claim #1

\*\* #1 by virtue of Disney and 20th Century being split up

All numbers are from The Numbers and BOM from August 1st upon release of the July 31st numbers unless otherwise stated

&amp;#x200B;

**Month in Review**

As previously stated, July 2023 became the 4th biggest July of all time with 1.358B and will go down as a defining moment in cinema because of the Barbenheimer craze and studios will likely take all the wrong lessons from this in an attempt to replicate this (looking at you, Saw Patrol). July 2023 surged 20% over last year, while summer launched back ahead of last year after a disastrous June nearly killed 2023's chances of beating last summer. Overall though, July proved to be a great month at the movies owing to Barbie, Oppenheimer, Sound of Freedom and Insidious: The Red Door being strong releases along with decent contributions from Indiana Jones and Elemental. But some films did buckle, especially under the weight of Barbie and Oppenheimer, notably Mission: Impossible Dead-Reckoning Part One as it's looking to struggle reaching the WW hauls of the last 3 films. Disney's Haunted Mansion also failed to generate any traction as it flopped with only a 24M OW, further suggesting that some of Disney's verticals are beginning to struggle a bit.

&amp;#x200B;

**Looking ahead with August**

August looks to be a much stronger month compared to last year due to actually having a steady slate of movies, along with strong holdovers from July. Barbie will easily lead the month, while Oppenheimer and TMNT battle it out for 2nd place. The genre fare for August includes the minor blockbusters The Meg 2 and Blue Beetle along with the horror film Last Voyage of Demeter, the Biopic/Video Game movie Gran Turismo and the R-rated comedy Strays. A couple of these may overperform like Strays to help further launch August over last year. Listed below is the calendar of all wide releases for August 2023:

&amp;#x200B;

|August 2nd|Teenage Mutant Ninja Turtles: Mutant Mayhem|
|:-|:-|
|August 4th|The Meg 2: The Trench|
|August 11th|The Last Voyage of Demeter|
|August 18th|Blue Beetle &amp; Strays|
|August 25th|Gran Turismo, The Hill, &amp; Retribution|

**Closing Statements**

Thank you all for reading if you still are! hoping to do this every 1st or 2nd of the month to provide a bigger picture view of the box office outside of the day-to-day or weekend wrap-ups. Any helpful criticisms will be appreciated and taken note of for next month's breakdown!",2023-08-02T17:31:33,16,1,https://www.reddit.com/r/boxoffice/comments/15gf5o0/july_studio_boxoffice_share_breakdown_barbie/,Barbie,Barbie
14pobih,movies,Is Pixar's Elemental good?,"What is the general opinion on Pixar's Elemental ?

I'm a Disney and Pixar fan and recently some of their movie releases haven't been great... Soul was great but after 2020 Pixar hasn't made any great movie like before.

I see lots of people praise DreamWorks' Puss in boots and I'd hope they'd also like the new Pixar movie. I also see a lot of people praise Spiderman : into the spider verse (and across too) for it's original animation and stuff.

I heard some people saying that Pixar's animation are ""boring"", like they're high quality, but not innovative like Into the spider verse. Now I think the realistic animation of Soul is great and lots of people praise Soul, but after that the releases have not been praised much... I still believe Disney and Pixar can make good film but since 2020 it hasn't been great.

Now note that I haven't watched Elemental yet, and will see your opinions to see if I watch it, and I'm also waiting for Disney's Wish which seems promising in term of art style.

So is Elemental good ?",2023-07-03T16:50:15,28,58,https://www.reddit.com/r/movies/comments/14pobih/is_pixars_elemental_good/,Spider-Man: Across the Spider-Verse,Spider-Man: Across the Spider-Verse
13s7szj,MovieDetails,"Spider-Man Into The Spider Verse (2018) In one frame, spidermans face gets shaped into the popsicle at 2:04-2:05",,2023-05-26T08:59:25,4475,69,https://i.redd.it/9j2juna2m62b1.png,Spider-Man: Across the Spider-Verse,Spider-Man: Across the Spider-Verse
15jrzig,movies,"Mutant Mayhem: ""Heroes in a half shell"": The tactile appeal of the original ""Ninja Turtles"" toys can't be beat","""On the raised heels of the record-breaking release of Greta Gerwig's ""Barbie,"" which brought about a resurgence of toy and accessory mania not seen in quite this way for a long, long time, Leonardo, Raphael, Donatello and Michelangelo are also making a comeback with the release of ""Teenage Mutant Ninja Turtles: Mutant Mayhem."" [Seth Rogen](https://www.salon.com/2020/08/06/an-american-pickle-review-hbo-max-seth-rogen/), who co-produces the film and also helped to write it, adds to the lightheartedness of the characters established in the late '80s, putting his specific comedic spin on things in a way that appeals to audiences of all ages. With more adult-themed animation such as ""South Park"" and ""BoJack Horseman"" sustaining popularity over the past 30 years or so, cartoons are no longer seen as something that's just for kids. And neither are toys.""

[From Salon](https://www.salon.com/2023/08/06/teenage-mutant-ninja-turtles-action-figures/). ",2023-08-06T15:11:38,6,8,https://www.reddit.com/r/movies/comments/15jrzig/mutant_mayhem_heroes_in_a_half_shell_the_tactile/,Barbie,Barbie
15b8m61,boxoffice,Could Oppenheimer become Nolan's highest grossing non Batman movie?,When this was announced to be rated R everyone thought Oppenheimer wouldn't do as well as Nolan's other movies. Is this still true or can it do better?,2023-07-27T17:55:53,34,14,https://www.reddit.com/r/boxoffice/comments/15b8m61/could_oppenheimer_become_nolans_highest_grossing/,Oppenheimer,Oppenheimer
15dadd2,movies,What changes will we see with Disney going forward?,"I'm trying to look into patterns of films this year that were successful vs ones that weren't. Films like Super Mario Bros and Barbie are HUGE successes whereas studios like Disney are releasing flop after flop. I feel like a big factor is budget. Disney is releasing films with overloaded budgets that need to hit 700mil+ to succeed. That just isn't sustainable anymore. It's also evident that D+ is killing their theater releases. People are conditioned to realize that the films will come out on D+ a few weeks/months after release. The crappy economy is also no help, but some films are still succeeding. Perhaps people are budgeting their money to see films they KNOW will be worth their money to pay $15+ a ticket. So reviews and word of mouth are becoming an even bigger factor. Releasing cookie cutter average films won't work anymore. What changes do you see going forward for Disney and other big studios in similar situations?",2023-07-30T02:54:44,4,48,https://www.reddit.com/r/movies/comments/15dadd2/what_changes_will_we_see_with_disney_going_forward/,Barbie,Barbie
15ujkij,boxoffice,🇯🇵 Japan Box Office - August 18,,2023-08-18T12:43:44,34,6,https://i.imgur.com/AstHx0M.jpg,Mission: Impossible – Dead Reckoning Part One,Mission: Impossible – Dead Reckoning Part One
15ofzb8,boxoffice,Would Mission Impossible have done if it had released this weekend instead?,"It will forever boggle my mind they didn't change the release for this movie, and it occurs to me that this weekend would have been absolutely perfect for it:

1. No wide release movie, Gran Turismo was delayed out of it last minute I suppose, but I think there was still room for both of them.
2. No ""huge"" releases spilling over from last weekend (just TMNT and Meg 2)
3. Barbenheimer is going into their 4th weekend and not as much as a dominant force and would also have given it more premium screens for longer
4. Blue Beetle and Gran Turismo are the only ""big"" release on the schedule after this, but again, let's be real..

What do you think, better results if released now or always destined to fail?",2023-08-11T18:04:02,56,37,https://www.reddit.com/r/boxoffice/comments/15ofzb8/would_mission_impossible_have_done_if_it_had/,Barbie,Barbie
15klf3p,movies,I've made a list of WW2 movies and put them in chronological order.,"(Updated 19-05-24)

Also created a Letterboxd list (not all movies could be found on Letterboxd and tv shows are missing too): https://boxd.it/orEe4


# 1899 - Hitler's Rise to Power

Hitler: The Rise of Evil (2003)

# 1936 - Winston Churchill's Life Before the War

The Gathering Storm (1974)

# Aug 1936 - Showcase of Hitler's Third Reich at the Berlin Olympics

Race (2016)

# Battle of Shanghai (Second Sino-Japanese War)

The Eight Hundred (2020)

# Dec 1937 - Battle of Nanking (Second Sino-Japanese War)

City of Life and Death (2009)

The Flowers of War (2011)

The Children of Huang Shi (2008)

Nanking (2007)

John Rabe (2009)

# Mar 1938 - Annexation of Austria by Germany

The Sound of Music (1965)

# Sep 1938 - Annexation of Sudetenland by Germany (Munich Agreement)

Munich: The Edge of War (2021)

# Mar 1939 - Occupation of Czech Rump State (Protectorate of Bohemia and Moravia)

Countdown to War (1989)

# May 1939 - Battles of Khalkhin Gol (Battle at Nomonhan)

My Way (2011)

# Sep 1939 - Invasion of Poland  / Battle of Westerplatte

1939 Battle of Westerplatte (2013)

Tajemnica Westerplatte (2013)

Hitler's SS: Portrait in Evil (1985)

Europa Europa (1990)

Uprising (2001)

The Pianist (2002)

Katyn (2007)

The Secret of Westerplatte (2013)

The Book Thief (2013)

The Zookeeper's Wife (2017)

To Be or Not to Be (1942)

# Sep 1939 - Britain and France Declare War on Germany

The King's Speech (2010)

Mrs. Miniver (1942)

Countdown to War (1989)

Hope and Glory (1987)

# Nov 1939 - Assassination Attempt on Hitler by Georg Elser

13 Minutes (2015)

# Nov 1939 - Invasion of Finland (Winter War)

Talvisota (1989)

The Warrior's Heart (1992)

# Dec 1939 - First Naval Battle (Battle of the River Plate)

Battle of the River Plate (1956)

# Apr 1940 - Invasion of Norway &amp; Denmark (Operation Weserübung)

Flame &amp; Citron (2008)

Into The White (2012)

April 9th (2015)

The King's Choice (2016)

Hamsun (1996)

Max Manus: Man of War (2008)

Narvik (2022)

War Sailor (2022)

# May 1940 - Invasion of France (Battle of France) and Benelux / Dunkirk Evacuation (Operation Dynamo)

Soldier of Orange (1977)

Jean Moulin (2002)

Le Grand Charles (2006)

Atonement (2007)

Darkest Hour (2017)

A French Village (2009)

En mai, fais ce qu'il te plaît (2015)

Resistance (2020)

Dunkirk (2017)

The Resistance Banker (2018)

Forbidden Games (1952)

Suite Francaise (2014)

The Four Horsemen of the Apocalypse (1962)

Dunkirk (1958)

Weekend at Dunkirk (1964)

# Jul 1940 - Battle of Britain

Battle of Britain (1969)

The First of the Few (1942)

# Sep 1940 - Bombing of London (The Blitz)

Hope and Glory (1987)

The Bells Go Down (1943)

Fires Were Started (1943)

The Life and Death of Colonel Blimp (1943)

# Sep 1940 - Otto and Elise Hampel Encouraged Resistance Against the Third Reich

Alone In Berlin (2016)

# Oct 1940 - Italian Invasion of Greece (Greco-Italian War)

Ohi (1969)

# Apr 1941 - German Invasion of Greece (Operation Marita)

Hell in the Aegean (1970)

# Apr 1941 - Siege of Tobruk

Tobruk (1967)

The Desert Fox: The Story of Rommel (1951)

The Desert Rats (1953)

# Jun 1941 - Breaking the Enigma Code

Imitation Game (2014)

# Jun 1941 - Invasion of USSR (Operation Barbarossa) / Defense of Brest Fortress

Holocaust (1978)

My Way (2011)

Europa Europa (1990)

Defiance (2008)

Leningrad (2009)

Generation War, Episode 1 (2013)

Battle for Sevastopol (2015)

Fortress of War (2010)

Days of Glory (1944)

The Cranes are Flying (1957)

The Brest Fortress (2010)

# Oct 1941 - Battle of Moscow (Operation Taifun)

The Last Frontier (2020)

Panfilov's 28 Men (2016)

# Oct 1941 - Siege of Sevastopol

Battle for Sevestapol (2015)

# Oct 1941 - German Submarine U-96 (Battle of Atlantic)

Das Boot (1981)

# Dec 1941 - Cassablanca Days Before the Attack on Pearl Harbor

Cassablanca (1943)

# Dec 1941 - Battle of the Phillipines / Pearl Harbor / Japan's Invasion of Asia

From Here to Eternity (1953)

The Long and the Short and the Tall (1961)

Tora! Tora! Tora! (1970)

Empire of the Sun (1987)

Pearl Harbor (2001)

1941 (1979)

In Harm's Way (1965)

Operation Petticoat (1959)

# Jan 1942 - Battle of Bataan (Philippines Campaign)

Bataan (1943)

# Jan 1942 - Meeting of Nazi Senior Government Officials and SS Leaders (Wannsee Conference)

Conspiracy (2001)

Die Wannseekonferenz (1984)

The Conference (2022)

# Feb 1942 - Incarceration of Japanese Americans (Executive Order 9066)

Snow Falling on Cedars (1999)

# Feb 1942 - British surrender in Singapore (Battle of Singapore)

Canopy (2013)

The Railway Man (2013)

# Feb 1942 - Multi-National Escort Destroyer Group (Battle of the Atlantic)

Greyhound (2020)

# Feb 1942 - Invasion of Sumatra (The Pacific War)

Paradise Road (1997)

# Feb 1942 - Bombing of Darwin (The Pacific War)

Australia (2008)

# Feb 1942 - Fall of Singapore (Malayan Campaign)

To End All Wars (2001)

# Apr 1942 - US Air Raid on Tokyo and Other Places on Honshu (Doolittle Raid)

Destination Tokyo (1943)

Thirty Seconds Over Tokyo (1944)

# Apr 1942 - National Political Institues of Education (Napola / NPEA)

Before the Fall (2004)

# Jun 1942 - Assassination of Reinhard Heydrich (Operation Anthropoid)

Operation Daybreak (1975)

Anthropoid (2016)

The Man with the Iron Heart (2017)

# Jun 1942 - Battle of Midway (The Pacific War)

Midway (1976 / 2019)

# Jun 1942 - Construction of the Burma Railway

The Bridge on the River Kwai (1957)

# Jul 1942 - Anne Frank Went Into Hiding

The Diary of Anne Frank (1959)

Anne Frank: The Whole Story (2001)

# Aug 1942 - Battle of Stalingrad

They Fought For Their Motherland (1975)

Stalingrad (1993 / 2013)

Enemy at the Gates (2001)

Dogs, Do You Want to Live Forever (1959)

# Aug 1942 - Battle of Savo Island (Solomon Islands Campaign) (The Pacific War)

The Pacific, Episode 1 (2010)

PT-109 (1963)

# Aug 1942 - Battle of the Tenaru (The Pacific War)

The Pacific, Episode 2 (2010)

# Aug 1942 - Battle of Guadalcanal (Guadalcanal Campaign) (Operation Watchtower) (The Pacific War)

Guadalcanal Diary (1943)

The Thin Red Line (1998)

The Gallant Hours (1960)

# Aug 1942 - Manhattan Project

Oppenheimer (2023)

Fat Man and Little Boy (1989)

Adventures of a Mathematician (2020)

# Aug 1942 - Operation Jubilee / Dieppe Raid

Dieppe (1993)

# Oct 1942 - Battle for Henderson Field

The Pacific, Episode 3 (2010)

# Oct 1942 - Unsuccessful Allied Attack on German Battleship Tirpitz (Operation Title)

Above Us the Waves (1955)

# Oct 1942 - Second Battle of El Alamein

The Battle of El Alamein (1969)

El Alemein: The Line of Fire (2002)

# Nov 1942 - US Landing in North Africa (Operation Torch)

The Big Red One (1980)

Tobruk (2008)

# Nov 1942 - Deportation of Norwegian Jews via the SS Donau at the Port of Oslo

Betrayed (2020)

# Jan 1943 - First Bombing of Germany

Twelve O'Clock High (1949)

# Feb 1943 - Battle of the Kasserine Pass (Tunisian Campaign)

Patton (1970)

# Feb 1943 - Operation Gunnerside

The Heroes of Telemark (1965)

# Feb 1943 - Arrest of Sophie and Hans Scholl

Sophie Scholl: Die Letzten Tage (2005)

# Mar 1943 - Axis Offensive Against Yugoslav Partisans (Case White / Battle of the Neretva)

Battle of Neretva (1969)

# Mar 1943 - Khatyn Massacre

Come and See (1985)

# Mar 1943 - Operation Martin Became Compromised

The 12th Man (2017)

# Apr 1943 - Deception Operation to Disguise the Liberation of Sicily (Operation Mincemeat)

Operation Mincemeat (2021)

The Man Who Never Was (1956)

# May 1943 - Attack on German Dams (Operation Chastise)

The Dam Busters (1955)

# May 1943 - Bombing of Bremen (First Mission of the 100th Bombardment Group)

Masters of the Air, Episode 1 (2023)

# May 1943 - Liberation of Tunis (Tunisian Campaign)

Patton (1970)

The Big Red One (1980)

# Jun 1943 - First Mission of African American Combat Pilots

The Tuskegee Airmen (1995)

# Jul 1943 - Bombing of German U-boat Pens in Norway (Second Mission of the 100th Bombardment Group)

Masters of the Air, Episode 2 (2023)

# Jul 1943 - Battle of Kursk (Operation Citadel) (Kursk Strategic Offensive Operation)

Generation War, Episode 2 (2013)

# Jul 1943 - Liberation of Sicily (Battle of Sicily) (Operation Husky)

Patton (1970)

Hell Boats (1970)

The Big Red One (1980)

Mussolini and I (1985)

To Hell and Back (1955)

Paisan (1946)

Anzio (1968)

# Aug 1943 - Execution of conscientious objector Franz Jägerstätter

A Hidden Life (2019)

# Aug 1943 - Strategic Bombing Mission to Cripple the German Aircraft Industry (Schweinfurt-Regenburg Mission) (Double-Strike Mission)

Masters of the Air, Episode 3 (2023)

# Aug 1943 - Battle of the Dnieper

Ivan's Childhood (1962)

# Sep 1943 - The Kuban Bridgehead (Battle of the Caucasus)

Cross of Iron (1997)

# Sep 1943 - Attack on German Warship Tirpitz (Operation Source)

Above Us the Waves (1955)

# Sep 1943 - Allied Landing Near Port Salerno (Operation Avalanche)

A Walk in the Sun (1945)

# Sep 1943 - Italy Surrenders to the Allies (Armistice of Cassibile)

The English Patient (1996)

# Sep 1943 - Germany Disarming the Italian Armed Forces (Operation Achse) (Italian Campaign)

The Scarlet and the Black (1983)

# Sep 1943 - Massacre of the Acqui Division

Captain Corelli's Mandolin (2001)

# Sep 1943 - Battle of Leros (Dodecanese Campaign)

The Guns of Navarone (1961)

# Oct 1943 - Bombing of Bremen

Masters of the Air, Episode 4 (2023)

# Oct 1943 - Bombing of Münster (Münster Raid)

Masters of the Air, Episode 5 (2023)

Masters of the Air, Episode 6 (2023)

# Oct 1943 - Raid on Choiseul (The Pacific War)

PT-109 (1963)

# Oct 1943 - Battle of Changde (Second Sino-Japanese War)

Death and Glory in Changde (2010)

# Dec 1943 - Battle of Cape Gloucester

The Pacific, Episode 4 (2010)

# Jan 1944 - Battle of Anzio (Italian Campaign) /  Allied Amphibious Landing (Operation Shingle)

To Hell and Back (1955)

Red Tails (2012)

Anzio (1968)

# Mar 1944 - First of Several USSTAF Attacks on Berlin (Bombing of Berlin)

Masters of the Air, Episode 7 (2023)

# Mar 1944 - 250 Prisoners Escape from Stalag Luft III

The Great Escape (1963)

Masters of the Air, Episode 7 (2023)

# Mar 1944 - Execution of Anti-Fascist Don Pietro Pappagallo

Rome Open City (1945)

# Mar 1944 - Nazi Invasion of Hungary (Operation Margarethe)

Sunshine (1999)

Walking with the Enemy (2014)

# Apr 1944 - Special Operations Executive (SOE) Kidnap Heinrich Kreipe

Ill Met by Moonlight (1957)

# Apr 1944 - Operations Against German V-weapons Program (Operation Crossbow)

Battle of the V-1 (1958)

Operation Crossbow (1965)

# Jun 1944 - Winston Churchill

Churchill (2017)

# Jun 1944 - Battle of Normandy (Operation Overlord) / Naval phase (Operation Neptune) of Allied Invasion of Normandy / D-Day

Masters of the Air, Episode 8 (2023)

Ike: Countdown to D-Day (2004)

The Longest Day (1962)

The Big Red One (1980)

Saving Private Ryan (1998)

Band of Brothers, Episode 1 (2001)

Band of Brothers, Episode 2 (2001)

My Way (2011)

The Dirty Dozen (1967)

Overlord (1975)

# Jun 1944 - Battle of Carentan

Band of Brothers, Episode 3 (2001)

# Jun 1944 - Battle of Saipan (The Pacific War)

Windtalkers (2002)

Miracle of the Pacific: The Man Called Fox (2011)

# Jun 1944 - Vyborg–Petrozavodsk Offensive / Battle of Tali-Ihantala / Operation Bagration (Continuation War)

1944 The Final Defence (2007)

# Jul 1944 - Assasination Attempt on Hitler and Overthrow the Nazi Regime (20 July Plot) (Operation Valkyrie)

Valkyrie (2008)

# Jul 1944 - Battle of Tannenberg Line

1944 (2015)

# Aug 1944 - Sant'Anna di Stazzema massacre

Miracle at St. Anna (2008)

# Aug 1944 - Seizing Nazi Train 40,044 that Attemped to Move Stolen Art Pieces

The Train (1964)

# Aug 1944 -  Liberation of France / Landing of Allied Offensive Force In Provence (Operation Dragoon)

Masters of the Air, Episode 8 (2023)

Indigènes (2006)

Le Grand Charles (2006)

Diplomacy (2014)

The Monuments Men (2014)

Is Paris Burning? (1966)

# Sep 1944 - The World's Greatest Robbery

Kelly's Heroes (1970)

# Sep 1944 - Failed Liberation of Netherlands (Operation Market Garden)

A Bridge Too Far (1977)

Band of Brothers, Episode 4 (2001)

Black Book (2006)

# Sep 1944 - Battle of Hürtgen Forest

When Trumpets Fade (1998)

# Sep 1944 - Battle of Peleilu (Operation Stalemate II)

Hell in the Pacific (1968)

The Pacific, Episode 5 (2010)

The Pacific, Episode 6 (2010)

The Pacific, Episode 7 (2010)

# Sep 1944 - Moonsund Landing Operation (Baltic Offensive)

1944 (2015)

# Sep 1944 - Marzabotto Massacre

The Man Who Will Come (2009)

#Oct 1944 - Battle at the Crossroads

Band of Brothers, Episode 5 (2001)

# Nov 1944 - Battle of the Scheldt

The Forgotten Battle (2021)

# Nov 1944 - Occupation of The Netherlands during the Dutch Famine

Winter in Wartime (2008)

# Dec 1944 - Battle of the Bulge / Siege of Bastogne (Ardennes Offensive)

Patton (1970)

A Midnight Clear (1992)

Hart's War (2002)

Saint and Soldiers (2003)

Band of Brothers, Episode 6 (2001)

Band of Brothers, Episode 7 (2001)

Battle for the Bulge (1965)

Battleground (1949)

# Dec 1944 - Escape of POW Camp Stalag 17

Stalag 17 (1953)

# Jan 1945 - Russia Enters Warsaw (Liberation of Warsaw)

The Pianist (2002)

Katyn (2007)

Kanal (1957)

# Jan 1945 - Raid at Cabanatuan

The Great Raid (2005)

# Feb 1945 - Evacuation of Stalag Luft III to Stalag Luft XIII and then Stalag Luft VII

Masters of the Air, Episode 9 (2023)

# Feb 1945 - Government Meeting to Discuss Post-War Reorganisation of Germany (Yalta Conference)

When Lions Roared (1994)

# Feb 1945 - Battle of Iwo Jima

Letters from Iwo Jima (2006)

Flags of our Fathers (2006)

The Sands of Iwo Jima (1949)

The Pacific, Episode 8 (2010)

# Mar 1945 - Capture of Ludendorff Bridge (Battle of Remagen)

The Bridge at Remagen (1969)

# Mar 1945 - Liberation of Hagenau

Band of Brothers, Episode 8 (2001)

Band of Brothers, Episode 9 (2001)

# Mar 1945 - Bombing of Kobe (Japan Campaign)

Grave of the Fireflies (1988)

# Mar 1945 - British Air Raid on Copenhagen (Operation Carthage)

The Shadow in My Eye (2021)

# Apr 1945 - President Roosevelt Passes Away and Truman Becomes President

Truman (1995)

# Apr 1945 - Willi Herold Executions in Aschendorfermoor II Prison Camp

The Captain (2017)

# Apr 1945 - Fall of Nazi Germany

The Bridge (1959)

Hitler: The Last Ten Days (1973)

Europa Europa (1990)

Downfall (2004)

A Woman in Berlin (2008)

Joy Division (2006)

Generation War, Episode 3 (2013)

Fury (2014)

Lore (2012)

Band of Brothers, Episode 10 (2001)

# Apr 1945 - Battle of Okinawa (Operation Iceberg)

The Pacific, Episode 9 (2010)

Hacksaw Ridge (2016)

Hiroshima (1995)

# Apr 1945 - Liberation of Stalag Luft VII

Masters of the Air, Episode 9 (2023)

# Apr 1945 - Food Drops by Allied Bomber Crews to Relieve the Dutch Famine of 1944-1945 (Operation Manna) (Operation Chowhound)

Masters of the Air, Episode 9 (2023)

# May 1945 - Liberation of Denmark

Land of Mine (2015)

# Jun 1945 - Allied Occupied Germany

Germany Year Zero (1948)

The Good German (2006)

# Jul 1945 - General Election Day

Into the Storm (2009)

# Jul 1945 - USS Indianapolis is Sunk by the Imperial Japanese Navy

USS Indianapolis: Men of Courage (2016)

Mission of the Shark (1991)

# Aug 1945 - Fall of Imperial Japan / Bombing of Hiroshima and Nagasaki

Empire of the Sun (1987)

Truman (1995)

The Pacific, Episode 10 (2010)

Emperor (2012)

Unbroken (2014)

Black Rain (1989)

Hiroshima (1995)

Enola Gay: The Men, The Mission, The Atomic Bomb (1980)

Hiroshima: Out of the Ashes (1990)

# Holocaust

The Auschwitz Report (2021)

Life is Beautiful (1997)

The Boy in the Striped Pyjamas (2006)

Escape from Sobibor (1987)

The Grey Zone (2001)

Jakob the Liar (1999)

Schindler's List (1993)

The Way Back (2010)

Son of Saul (2015)

The Champion of Auschwitz (2020)

# Post-War

The Best Years of Our Lives (1946)

# Dec 1946 - Nuremberg Trials

Nuremberg (2000)

Judgement at Nuremberg (1961)

# Aug 1947 - Trial of the Concentration Camp Murderess Ilse Koch 

The Reader (2008)

# May 1960 - Capture of SS Officer Adolf Eichmann

Operation Finale (2018)

The People vs Fritz Bauer (2015)",2023-08-07T13:54:40,9724,1012,https://www.reddit.com/r/movies/comments/15klf3p/ive_made_a_list_of_ww2_movies_and_put_them_in/,Oppenheimer,Oppenheimer
13ysdsf,boxoffice,‘Oppenheimer': An R Rating is a Calculated Risk for Chris Nolan’s Atom Bomb Epic | Analysis,,2023-06-02T22:52:38,37,32,https://ca.sports.yahoo.com/news/oppenheimer-r-rating-calculated-risk-224013590.html,Oppenheimer,Oppenheimer
158bw5q,boxoffice,"Actuals for #Oppenheimer’s EXPLOSIVE opening at US #BoxOffice also higher, blowing up projections after 82.4M 3-day weekend. Biggest for an original film in #ChristopherNolan’s career, beating #Inception’s 62.8M! BIGGEST for R-rated film Post-Covid, beating #JohnWick4’s 73.8M.",,2023-07-24T14:14:12,176,18,https://twitter.com/Luiz_Fernando_J/status/1683479817621045255?t=sIfi_O0NQA5JFk75F-EUhQ&amp;s=19,Oppenheimer,Oppenheimer
15elhmh,boxoffice,"Oppenheimer pulled a surprise upset in Turkey and took the #1 spot with a stellar 40% drop to 215K admissions this past weekend. Barbie, the previous topper, on the other hand is proving to be poorly received in the region with a steep 60% drop to 155K admits.","- There were early signs of this upset during their opening weekends, as while both movies were practically sold out that Friday, Barbie noticeably tapered off on Saturday and Sunday while Oppenheimer remained full throughout. Local ratings have also been in favour of Oppenheimer.
- Oppenheimer has taken the lead in total as well, with a 10-day total of 867K admits while Barbie's is at 856K.
- Oppenheimer has now surpassed The Dark Knight Rises's 799K total to become the second biggest Nolan movie behind Inception, which totaled at 1.1M admits. It should surpass that by the end of this coming weekend to become the biggest Nolan movie ever in the region.",2023-07-31T16:53:40,183,58,https://twitter.com/dizifilmbulteni/status/1686052489672499200,Oppenheimer,Oppenheimer
14d1mrg,TrueFilm,"IMO, Tár is being actively haunted by Krista; Tár is a thinly veiled horror film.","It is true that a lot of this film is shown from Tár's very subjective and increasingly warped point of view. The most ""obvious"" explanation, and I say that lightly because this is NOT an easy-to-decipher film, is that a lot of it is psychological tricks of the mind; that is to say, none of it is real. But I think the film becomes genuinely scary if you posit that a lot of it is actually happening as a result of a karmic force; that is to say, Krista.

&amp;#x200B;

We only ever see Krista a handful of times. There are two shots in the first scene, one very shortly after, both shot from behind, and another similar soon after—intentionally meaningless points of reference on first watch. On subsequent watches, they ensure you know how Krista has been there from the start.

&amp;#x200B;

As someone else commented on a different discussion thread, the extreme length of the opening scenes do a lot to show you how in control of her life Tár is. Even in the Juilliard scene, Tár, from her point of view, triumphs in a battle of wills with her student, effortlessly floating around the stage with an enraptured audience. Indeed, there is little reason to doubt that this is at this point true, even by the end of the movie.

&amp;#x200B;

Even early on, Tár is in some ways haunted by Krista, but I think in a non-supernatural manner. She receives the Challenge book, along with a pattern inscribed (of indigenous South American style, implying that Krista specifically sought to use the pattern because of Tár's history) and copious emails. Tár is obviously troubled by this, but at this point finds it easy enough to get rid of the signs.

&amp;#x200B;

Soon after this Krista kills herself. I don't actually have a copy of the movie anymore, so it's hard to tell exactly where, but if my memory of events serves me correctly, my guess is just before the Blair Witch Project screaming scene. This is afaik the first outright supernatural thing to happen, and this is doubled down on for me by the fact that it is intentionally chosen by Todd Field to be impossible (that is to say, I think the choosing of an already-existing real world movie sound effect is absolutely intentional). Thus, I reckon this is her first haunting. In the universe of Tár, perhaps after she died she immediately became a ghost and found she could influence Tár's world. So, I don't necessarily think that anyone else could hear the screams, but I do think otherworld Krista specifically aimed them to scare Tár.

&amp;#x200B;

Shortly after this (again, I think) Tar returns home. I do remember the timestamp here is 58 minutes. And almost immediately Krista can be seen in the background. I think the placement of the ghost here in the timeline is really important. It's now confirmed at this point that Krista is dead, but only subtly; I don't believe if she was alive her ghost would be here. But I truly do think here that she has come to watch, and this lets us know that she is there. Maybe Krista doesn't have to be physically present as she is in this scene all the time, but I like the idea that even if not, that she chooses to do it here. This is useful though because the film doesn't explicitly let you know what happened to Krista for a little while yet.

&amp;#x200B;

I also want to clarify that I am very sure the person in the back of the Juilliard scene is Francesca, and at this point there is not anything supernatural about the Juilliard scene.

&amp;#x200B;

Hereafter, many improbable things happen to the extent that they are inexplicable. Krista, now hiding in Tár and her wife's apartment, sets the metronome going. She forces Tár to wake up for increasingly unlikely reasons — by 2/3 of the way through the film, Tár is being awoken by nothing. She must scour around in the dark and Krista has the pleasure of being able to hide wherever. In the final instance of one such event,  Krista visibly hides in a chair, watching on in comfort. This is the second and last time we see the ghost of Krista — at the height of her gleeful chaos. To haunt Tár in ever-more inescapable ways seems to make more sense 

to me as an intentional act.

&amp;#x200B;

I believe this theory primarily because Tár never shows guilt throughout the movie. Indeed, if one assumes the 'dog' to be some sort of metaphysical manifestation of Tár's imagination, it makes more sense for it to be the feat of consequences than guilt. In my reading, Krista shows Tár the dog on purpose to scare her, which is why the sound design immediately preceding its appearance is impossible. I might goes as far as to say that the singing is Krista's herself, which is something I \*just\* came up with and is actually terrifying now that I've written it down, but it would absolutely make sense that Tár would become enraptured by this and be lured down into the darkness. I feel like this explanation might seem a little hard to swallow, not least because I haven't seen anyone else offer that up, but I feel more confident putting it out there as this is the exact time things really ramp up in the film. Also, I think for Krista to \*not\* literally be haunting Tár, and for Tár to be psychologically deteriorating of her own accord, would mean that Tár would have to feel guilt for what she did. But I think the film goes through pains to show us that this isn't the case, and this somewhat eliminates the possibility for me. Tár never shows guilt in the movie, she repeats the same actions wilfully over and over and only ever shows aversion to the consequences (and even then only sometimes).

&amp;#x200B;

One of the other strongest pieces of evidence I have for this is the scene where the daughter just looks at something. But there's nothing there, or more correctly, nothing that \*Tár can see\*. I think Krista selectively shows her presence here to the child specifically to freak Tár out further. By showing herself to another person, she subtly gives Tár the impression that this haunting is more real than just psychological. I also think this ties in nicely with Tár telling the other kid earlier ""your parents will never believe you"" because if Tár's daughter tried to tell her she saw Krista, Tár would never believe her.

&amp;#x200B;

I've never been fully satisfied by the relatively common dream sequence theory, which posits that everything from Tar trying to return the teddy bear onwards is not real. If Tár dreams the entirety of everything from when she finds the dog, it doesn't seem satisfying to me. Field is very specific about what he does and doesn't show, and I don't know his filmography apart from this film at all, but stopping the entire reality of the film to completely enter Tár's subjective otherworld just doesn't quite do it for me.

&amp;#x200B;

There are a couple of other things that this explains too. For example, the Juilliard leaked video is all but impossible in real life (too many things would have to click into place). But if we consider that Krista is now omniscient or whatever, and that she now has inexplicable powers, I don't see why she can't make and leak that video even if it doesn't make sense using real world logic. It then does make sense to me that Olga sees this and sends it on. 

&amp;#x200B;

Speaking of Olga, I'm not entirely sure how she slots into this. Is she in any way being used by Krista as a type of pawn herself, or is her role of cellist truly as it seems? I like the idea that she is sent by Krista in a way, a replacement picked to ensure Tár falls into the trap that leads her further into her demise. 

&amp;#x200B;

All of that said, I do think parts of this film are still seen from Tár's perspective, and are not as they actually are. The scene where she knocks over the conductor seems like one of these to me mostly because it seems like a very literal expression of Tár's frustrations, but especially the ""epilogue"" in Southeast Asia, which is intentionally presented as a mixture of real-life countries. (Others have already covered why this is.) If anything in this movie is outright not real, the epilogue would be my candidate. After all, Tár's Shakespearean fall from grace is now complete. If we were to say the epilogue isn't real, then maybe the fishbowl scene actually isn't Krista's doing. Maybe, now that everything has been taken away from her, Tár finally feels some ""guilt"" when she looks at the fishbowl (orchestra) in front of her, looks across to the right (perhaps where Krista would've sat, but certainly where Olga did) and sees No. 5 (Mahler's Symphony). Now that everything she knew has gone, is it really that bizarre that a reminder of the past makes her throw up? So in my opinion, perhaps Krista is content now, and there is little reason to think she is still actively involved with Tár's life, at least for the time being. The way she is being treated by the world is enough punishment now (e.g. Tar being given a click track in her final performance), as well as the knowledge that she can come back and continue to haunt Tár in perpetuity. This is also why I think the tone changes a bit here and what paves the way for an admittedly (but not accidentally) funny ending.

&amp;#x200B;

Does anyone have any thoughts on this? It's a little unusual I have thoughts so seemingly off the beaten path for a movie, which is why I think opinions would be useful lol, I might have dug myself into my own rabbit hole. But I think I might have to watch the film again with these ideas in mind to be sure, because I only really formulated this theory after the second watch.",2023-06-19T02:05:34,38,14,https://www.reddit.com/r/TrueFilm/comments/14d1mrg/imo_tár_is_being_actively_haunted_by_krista_tár/,Mission: Impossible – Dead Reckoning Part One,Mission: Impossible – Dead Reckoning Part One
15a7eh4,movies,What is the Best Film You Watched Last Week? (07/19/23-07/26/23),"The way this works is that you post a review of the [best film](https://i.imgur.com/l0IiGrm.jpg) you watched this week. It can be any new or old release that you want to talk about.

{**REMINDER:** *The Threads Are Posted Now On Wednesday Mornings. If Not Pinned, They Will Still Be Available in the Sub.*}

**Here are some rules:**

**1. Check to see if your favorite film of last week has been posted already.**

**2. Please post your favorite film of last week.**

**3. Explain why you enjoyed your film.**

**4. ALWAYS use SPOILER TAGS:**   [**\[Instructions\]**](https://imgur.com/a/4kUk33C)

**5. Best Submissions can display their** [**\[Letterboxd Accts\]**](https://letterboxd.com/) **the following week.**

**Last Week's Best Submissions:**

|**Film**|**User/\[LBxd**\]|**Film**|**User/\[LB/IMDb***\]|
|:-:|:-:|:-:|:-:|
|[“Barbie”](https://www.reddit.com/r/movies/comments/153wn3j/comment/jspe3gz/)|agentfitzsimmons|[“Tetsuo: The Iron Man”](https://www.reddit.com/r/movies/comments/153wn3j/comment/jsqim6y/)|[[LukesAccount]](https://letterboxd.com/lukesaccount/)|
|[""They Cloned Tyrone”](https://www.reddit.com/r/movies/comments/153wn3j/comment/jslthln/)|spicycynicaleggroll|[“Castle in the Sky”](https://www.reddit.com/r/movies/comments/153wn3j/comment/jslpe60/)|johneaston1|
|[“Theater Camp”](https://www.reddit.com/r/movies/comments/153wn3j/comment/jslglm2/)|karmaranovermydogma|[“Code of Silence”](https://www.reddit.com/r/movies/comments/153wn3j/comment/jsluequ/)|[[Millerian-55*]](https://m.imdb.com/user/ur44458887/?ref_=nv_usr_prof_2)|
|[“Mission: Impossible-Dead Reckoning Part One”](https://www.reddit.com/r/movies/comments/153wn3j/comment/jsljarq/)| [[HardcoreHenkie]](https://letterboxd.com/HardcoreHenkie/)|[“Blow Out”](https://www.reddit.com/r/movies/comments/153wn3j/comment/jsnhkwv/)|DONNIE-DANKO|
|[“Joy Ride”](https://www.reddit.com/r/movies/comments/153wn3j/comment/jslpx8k/)|ChanceVance|[“The Elephant Man”](https://www.reddit.com/r/movies/comments/153wn3j/comment/jsm13ad/)|Both_Tone|
|[""The Father”](https://www.reddit.com/r/movies/comments/153wn3j/comment/jsmy8u6/)|[[YasinHussain]](https://letterboxd.com/yasinhussain)|[""Apocalypse Now” (Final Cut)](https://www.reddit.com/r/movies/comments/153wn3j/comment/jsm050t/)|marquesasrob|
|[“20th Century Women”](https://www.reddit.com/r/movies/comments/153wn3j/comment/jsn6uzk/)|tecnicaltictac|[“The Rocky Horror Picture Show”](https://www.reddit.com/r/movies/comments/153wn3j/comment/jsyajj8/)|[[lordedopao]](https://letterboxd.com/lordedopao)|
|[“Legend” (2015)](https://www.reddit.com/r/movies/comments/153wn3j/comment/jsljnzh/)| [[DudeBro666]](https://letterboxd.com/dudebro666/)|[""A Boy and His Dog”](https://www.reddit.com/r/movies/comments/153wn3j/comment/jsmwhpu/)|fucks_with_foxes|
|[“Incendies”](https://www.reddit.com/r/movies/comments/153wn3j/comment/jsmraic/)|coffeeNiK|[“The Bitter Tears of Petra von Kant”](https://www.reddit.com/r/movies/comments/153wn3j/comment/jsm9ajh/)| [[JamesH5Lists]](https://letterboxd.com/jamesh5lists/)|
|[“Eden Lake”](https://www.reddit.com/r/movies/comments/153wn3j/comment/jsnepeo/)|Notacelebrity1995|[“Giant” (1956)](https://www.reddit.com/r/movies/comments/153wn3j/comment/jsof04m/)|thestralcore|",2023-07-26T14:30:04,112,289,https://www.reddit.com/r/movies/comments/15a7eh4/what_is_the_best_film_you_watched_last_week/,Barbie,Barbie
15vohz8,boxoffice,Is Paramount Done ?,"Aside from Scream , and Quiet Place . I don't think anything else is making them money . they fumbled with MI7 , Transformers just isn't the same anymore and is going downhill with every entry . And no matter how much crazy hype the sonic movies get , they somehow just make around 320m-ish . If their budgets weren't less than 100m (somehow I can't believe they managed to make those CGI heavy films under 100m) they would have been flops too . 

And TMNT seems to be struggling has well . How long can they keep taking these Ls . Almost most of their top grossing films are Transformers and Tom Cruise films if am not wrong . If we exclude Dreamworks ofc . 

How much of TGM's earning is gonna help them cover this up lol ? 

And Unlike WB , Paramount just don't seem to get those occasional hits that WB does every once in a while . (like Joker , Aquaman , Barbie , and even THE BATMAN) 

I saw in some other post that Paramount will likely get sold ? Is it really true ?

Pains me to see this . they make such good movies . ",2023-08-19T19:01:45,379,326,https://www.reddit.com/r/boxoffice/comments/15vohz8/is_paramount_done/,Mission: Impossible – Dead Reckoning Part One,Mission: Impossible – Dead Reckoning Part One
133x1qr,TrueFilm,Favorite Scenes No.32: M,"This article contains a lot of film stills. For a fully illustrated version please click here - 

[https://filmofileshideout.com/archives/favorite-scenes-no-32-m/](https://filmofileshideout.com/archives/favorite-scenes-no-32-m/)

Fritz Lang made *M* in Germany in 1931, a time often referred to as the Weimar period, a time between the World Wars when an unstable and confused Germany searched for a sense of identity. Germans had to deal with a horrific past, an unstable present, and a hotly contested future that was perhaps too open to differing possibilities. The cacophony of voices advocating for drastically different versions of Germany’s future resulted in riots, as the country swung wildly from left to right and back again.

*M* is a crime thriller on the surface, but its genre plot is just a framework to address deep turmoil in both the character's psyche and in the psyche of the German people. *M* is a very German Film. It is the result of the unsettling trinity of Nietzsche, Schopenhauer, and Freud. For them, humanity was haunted by its animal origins. We might try to maintain a thin veneer of civility,  but beneath the surface, we are filled with seething urges toward violence, sex, and avarice. For Schopenhauer, it was “der Wille,” for Freud, it was the id, and for Nietzsche, it was our conflicted and struggling inner-selves as a whole.

As a group, the three men present the human mind as a tortured and perverse series of unresolvable conflicts that leave us all in a state of anxiety and bewilderment. In *M*, we are presented with Hans Beckert, a child molester and murderer who is on trial. He does not stand before the official court of the Berlin judiciary, but in front of a giant rabble of thieves and criminals who are about to sentence him to death. It is a true jury of Beckert’s peers.

Lang doesn’t want to safely contain Beckert’s deranged passions in a conventional courtroom. Humanity cannot be represented in such a rarefied and artificial context. This tribunal takes place deep inside the terrifying recesses of the human subconscious. A dark auditorium of the mind, where the sanctimonious justice of democracy, decency, and religion dare not tread.

Beckert stands like a trapped animal, restless and desperate in front of the assembled crowd. Clawing at his own face, clutching his heart, covering his eyes, and falling to his knees as he pleads his case.

In another context, Peter Lorre's delivery might seem overdone and melodramatic, but he is not only speaking for himself. He is the tortured conscience of a nation, perhaps of humanity. 

His mental illness lacks credibility. He hears menacing voices like a paranoid schizophrenic, but he is also narcissistic in the way he relates to others. He is a pedophile and a murderer as well. These diagnoses are not necessarily mutually exclusive, but it would certainly be a very unusual cluster of disorders to find in one person.

Again, the verisimilitude or believability of his character is not really what is most important. He is a stand-in, a symbol, a facet of our collective minds. He is not on trial by a panel of criminals, he is being tried by a narcissistic version of his own conscience.

Hans Beckert: “I can't help what I do! I can't help it, I can’t…""

Criminal: “The old story! We never can help it in court!”

Hans Beckert: “What do you know about it? Who are you anyway? Who are you? Criminals? Are you proud of yourselves? Proud of breaking safes or cheating at cards? Things you could just as well keep your fingers off. “

Beckert is speaking to the criminals, but also to the greedy non-criminals of society. He is also speaking to himself. He wants to cut society down to his size. He wants his inquisitors to understand him by showing them that they are no better than he is.

Hans Beckert: “You wouldn't need to do all that if you'd learn a proper trade or if you'd work. If you weren't a bunch of lazy bastards. But I... I can't help myself! I have no control over this, this evil thing inside of me, the fire, the voices, the torment!”

Schraenker: “Do you mean to say that you have to murder?”

With this question, we move away from Beckert’s internal dialogue and make way for a more judicial point of view. The question sets aside all the plaintiff pleading and asks if any of what Beckert is saying is actually relevant to the trial. It’s a reality check of sorts. Schraenker, the main inquisitor, has already expressed his desire to kill Beckert. This is not a fair trial in any way, but Beckert must still plead his case.

Schraenker is obviously unsympathetic to the insanity plea, but he is also denying the importance of the inner psyche and psychology altogether. As much as Freud and his peers were advocating a new vision of humanity’s connection to volition, many in society saw it all as nonsense. You cannot see or measure torment, regret, urges, and drives. Many felt that society should run entirely on concrete evidence, not just in its courts, but in all endeavors. “Beckert did the crime, so he must do the time, as simple as that. All of this sturm und drang about psychology is just a distraction.” 

Hans Beckert: “It's there all the time, driving me out to wander the streets, following me, silently, but I can feel it there. It's me, pursuing myself! I want to escape, to escape from myself! But it's impossible. I can't escape.”

Mentally ill or not, we all routinely split ourselves into two opposing voices and argue with ourselves. Freud would see it as an argument between the ego and superego. For Freud, the superego is the collective voice of society. It is the “should” voice. In this way, Beckert is wrestling with what he should and should not do, as opposed to what he can and can not do. They are different images of himself and what he is capable of, and what he is responsible for. 

Just as society has a difficult time understanding and accommodating mental illness, Beckert has a problem with understanding and accommodating society. For him, society lacks any self-awareness. His self-awareness has been thrust upon him by his horrific actions, but society is blind to its own nature and does not realize its own illnesses.

In the English and French versions of the film, the entire trial scene is omitted and replaced with happy scenes of children safely playing in the street. The distributors must have anticipated a difference between the German temperament and the rest of Europe. Whether there was an actual difference between cultures cannot be truly known, but the alteration speaks to a perceived difference in what different societies can allow or imagine.

Beckert is a murderer of children, not of adults. In fact, he seems rather small and unthreatening in the adult arena. Beckert murders the vulnerable purity of youth. He is destroying society’s innocence and forcing it to reckon with what it most fears. He represents what the bourgeois will not acknowledge, the irrational, deranged, and overwhelming passions of our deeper selves.

While Beckert testifies, Lang intercuts reaction shots from the crowd. As Beckert gets increasingly frantic and pathetic, we see the audience being moved. Some of them seem to understand what Beckert is saying, while others just seem even more horrified. There is the primal question of humanity’s ability to balance emotion and reason, but there is also a societal question of our ability to survive as a cohesive, law-abiding culture. Will Germany heal from the war, or will society succumb to its more base urges?

Beckert: “I have to obey it. I have to run, run... endless streets. I want to escape, to get away! And I'm pursued by ghosts. Ghosts of mothers and of those children... they never leave me. They are always there... always, always, always!, except when I do it, when I... Then I can't remember anything. And afterwards, I see those posters and read what I've done, and read, and read... did I do that? But I can't remember anything about it! But who will believe me? Who knows what it's like to be me? How I'm forced to act... how I must, must... don't want to, must! Don't want to, but must! And then a voice screams! I can't bear to hear it! I can't go on! I can't... I can’t…""

Again, the depiction of mental illnesses here may not be the most accurate. Lang is freely mixing and matching symptoms and dynamics, but the resulting condition is not entirely implausible.

Even with the fever-pitch acting, and the muddled depiction of mental illness, Lorre’s soliloquy is completely gripping. This character is a voice inside our heads that we have heard before. It may not have asked us to kill someone. It could be torment over cheating on a spouse or cheating on a diet, but we recognize Beckert’s words. The scene is a junction where our contemporary anxieties can cross paths with the anxieties from a place and time that may seem distant, but still highlight something universal and eternal that we cannot resolve.

If you enjoyed this article you might also enjoy - https://filmofileshideout.com/archives/favorite-scenes-%e2%84%962-rashomon/",2023-04-30T16:57:11,32,2,https://www.reddit.com/r/TrueFilm/comments/133x1qr/favorite_scenes_no32_m/,Mission: Impossible – Dead Reckoning Part One,Mission: Impossible – Dead Reckoning Part One
15w8xd6,movies,Best Train Sequences,"There has been a number of pretty amazing train sequences in recent movies. Top of my head is the first and recent Mission: Impossible's train sequence, the two train sequences in both the Spider-Verse movies were pretty impressive as well, and the train sequence of Paddington 2 was quite captivating too. What are some of your best train sequences in movies?",2023-08-20T11:26:01,11,49,https://www.reddit.com/r/movies/comments/15w8xd6/best_train_sequences/,Spider-Man: Across the Spider-Verse,Spider-Man: Across the Spider-Verse
1460q5v,movies,Seeking Insights: IMAX vs. Regular Theater Experience - The Oppenheimer Dilemma!,"**What's up Everyone at r/Movies I hope you guys are having a fantastic day**


As the release of **Oppenheimer** draws near, I find myself caught in a dilemma, and I need your valuable insights. You see, I live in Bangladesh 🇧🇩, and unfortunately, we don't have IMAX theaters here. The buzz surrounding the movie has reached epic proportions, and it seems like everyone in the internet is excitedly discussing the mind-blowing experience that IMAX offers.
(Even Christopher Nolan Himself!!)


So, here's my question to all of you who have had the privilege of watching movies on **IMAX: What is it really like? How does it compare to a regular theater experience?**


I've always enjoyed going to the movies, immersing myself in the world created by GOATED 🐐 filmmakers, and becoming engrossed in their narratives. But with the advent of IMAX technology, I can't help but wonder if I'm missing out on something extraordinary.


For those who have experienced IMAX screenings, could you please share your thoughts and describe the wonders of this larger-than-life cinematic adventure? Is the visual impact truly awe-inspiring? Does it heighten the overall movie-watching experience? How does the sound quality contribute to the immersion?


Moreover, to those who have watched similar epic films, like Christopher Nolan's previous works, in both IMAX and regular theaters, I'm curious to know how the two experiences compare. Does the absence of IMAX diminish the impact of grand-scale movies like **Oppenheimer**, or can a regular theater still do justice to the cinematic brilliance?


While I can't change the availability of IMAX in my country at the moment, your insights will help me set my expectations and appreciate the movie in the best way possible, considering the circumstances. Feel free to share any specific examples or personal anecdotes that showcase the magic of IMAX or highlight the merits of regular theater experiences.


Thank you so much in advance for your time and consideration, and let's continue celebrating the art of cinema together shall we!


**TL;DR:** Oppenheimer is releasing soon, but my country lacks IMAX theaters. I'm curious to know what it's like to watch movies on IMAX and how it compares to a regular theater experience. Please share your insights and help me appreciate the movie to the fullest!",2023-06-10T13:47:28,35,19,https://www.reddit.com/r/movies/comments/1460q5v/seeking_insights_imax_vs_regular_theater/,Oppenheimer,Oppenheimer
16vu0be,movies,Golden Globes Predictions: Six-Nominee Expansion Adds Opportunity For More ‘Barbenheimer’ Actors,,2023-09-30T01:37:54,1,3,https://variety.com/lists/2024-golden-globes-awards-predictions/,Barbie,Barbie
15ft6mo,boxoffice,July 2023 Recap – 'Barbenheimer' Makes July the Fourth Biggest Month Ever,"&amp;#x200B;

https://preview.redd.it/t2rspq658lfb1.jpg?width=1920&amp;format=pjpg&amp;auto=webp&amp;s=c2ade0b2ba5902a786996427f73f9b4f3622be15

After a very weak May and June, the box office finally saw some light at the end of the tunnel.

&amp;#x200B;

***Barbie*** and ***Oppenheimer*** were the months' biggest performers, exceeding every possible expectation. ***Sound of Freedom*** was also among the year's biggest surprises. The rest of the line-up, however, was a very mixed bag; some found success, while others massively flopped.

&amp;#x200B;

July 2023 earned a combined $1.358 billion. This is not just a 19% improvement over last year, but it's also the fourth biggest month ever. Only July 2011, 2016 and 2013 were stronger. 2023 is currently up 20% from 2022 through this same point.

&amp;#x200B;

***Barbie*** led July with an extraordinary $366.4 million domestically and $795.7 million. It broke so many milestones, including the biggest debut for a movie directed by a woman and comedy records in the rest of the world. This is a very much needed for Warner Bros., which has had a very bad year. The journey of the movie was something else. Stuck in development hell until settling in with Margot Robbie, who in turn had Greta Gerwig to direct, who in turn had Noah Baumbach to co-write it with her. The stars aligned, as the movie delivered one of the biggest surprises in recent years. Margot Robbie pitched the movie and claimed that it would hit $1 billion. She said she was joking. Well...

&amp;#x200B;

Christopher Nolan's ***Oppenheimer*** was in the second place, also exceeding expectations. The movie made $181.4 million domestically and $412.4 million worldwide, which are colossal numbers for a three-hour R-rated drama with no action. This is a testament to the strength of Nolan's name; what other director could get a movie like this to gross this much? Universal won big time here. They trusted Nolan's instinct and they are already breaking even after just two weekends. It's not clear if Nolan's next film will be with Universal, but it'd be a surprise if it isn't at this point.

&amp;#x200B;

These two movies had the potential to break out in the months leading up to their release. But I don't think anyone expected ***Sound of Freedom*** to gross anything close to this. The movie has made a fantastic $151.3 million through July. That includes the fact that it increased in its second weekend, a feat that no other movie has accomplished outside of a holiday. The ""Pay It Forward"" method will certainly be a topic to discuss at length and something that studios will keep an eye on. Just recently, international releases were secured in some countries, including most of Latin America. Stay tuned, for it could break out in the same way it did domestically.

&amp;#x200B;

Well, not everything was great news. ***Indiana Jones and the Dial of Destiny*** wound up in fourth place, making $143.9 million for a very weak $167.6 million domestic total. Worldwide, it wasn't much better, earning just $356.7 million on a $295 million budget, making it a huge bomb. The movie faced so many setbacks, but it had no chance to succeed with a lukewarm response from critics and audience. It will finish as the least attended movie in the franchise, which is very disappointing, considering each movie made $400 million adjusted for inflation in North America.

&amp;#x200B;

In fifth place, of all the movies that debuted in July, we find the biggest disappointment, ***Mission: Impossible – Dead Reckoning Part One***. The movie has made just $140.4 million through July. Despite the franchise's good will and fantastic reception, the movie has fizzled out faster than anticipated. Barring a miracle, it will finish as the least attended movie in the franchise, which is just perplexing. Worldwide, the movie has made $449.7 million. It should still still reach $500 million soon, but $550 million looks like a pipe dream at this point. This is a very poor result, especially since it cost $291 million.

&amp;#x200B;

***Insidious: The Red Door*** was in sixth place, earning a pretty good $78.5 million domestically and $174.8 million worldwide. It's inching closer to ***Chapter 2*** domestically and it's already the highest grossing movie in the franchise worldwide. Not bad for first-time director Patrick Wilson.

&amp;#x200B;

In seventh place, Pixar's ***Elemental*** added $64.6 million for a $145.6 million domestic total. The movie has come a long way since its debut, when it had the worst debut in Pixar's history. However, strong word of mouth helped it in the long run, and it currently has the second best multiplier for a Pixar movie. Worldwide, it has grossed almost $400 million, a milestone it will pass in a few days. It has only one market left, Japan, a very strong market for Pixar.

&amp;#x200B;

In eighth place, ***Spider-Man: Across the Spider-Verse*** added $47.1 million, placing its domestic total at $379 million. In a few days, it will officially earn twice as the original's gross domestically, which is a gigantic feat. Worldwide, it sits at a fantastic $682.7 million, which makes it the highest grossing Sony Pictures Animation's movie ever.

&amp;#x200B;

In ninth place, Disney's ***Haunted Mansion*** was a massive bomb. Through 4 days, it has made just $26.4 million domestically, somehow opening below Eddie Murphy's 2003 version without taking inflation into account. And the overseas markets were as lifeless as the ghosts in the movie, as it made just a pathetic $9 million. That means that there's a chance the movie finishes below $100 million. With a $150 million budget, this will be among the year's biggest bombs.

&amp;#x200B;

Barely making it to the top ten, we find ***No Hard Feelings*** with $26.1 million. That takes its domestic total to $50.1 million, and $84.8 million worldwide. That's the best result for an original comedy since ***Good Boys*** in 2019, but it still signals that original comedies have a ceiling, even with an A-lister like Jennifer Lawrence.

&amp;#x200B;

Outside the Top 10, we find other noteworthy movies.

&amp;#x200B;

There wasn't much to mention about this movie last month as it premiered on the last day, but ***Ruby Gillman: Teenage Kraken*** was a massive bomb. Coupled with its opening day, the movie has earned an awful $15.6 million. This makes it the worst performer in the history of DreamWorks Animation. It managed to make even less than ***Spirit Untamed*** ($17.7 million), which came out during worse conditions.

&amp;#x200B;

We mentioned how original comedies are struggling, and you can look at ***Joy Ride*** as an example. Despite great reviews, the movie earned just $12.8 million. It has had awful drops, including being dropped from 2,485 theaters.

&amp;#x200B;

A24's horror film ***Talk to Me*** surpassed expectations, opening with $10.4 million. That's their second best opening ever, just behind ***Hereditary***. The movie has great reviews and word of mouth is also in its favor. It will be among the studio's highest grossing movies.

&amp;#x200B;

And because there was morbid curiosity, I guess we can take one last look at the elephant in the room: ***The Flash***. The movie has grossed just $107.9 million and $268.3 million worldwide. The movie went from one humilliation to another, whether if it was the 73% second weekend drop or premiering in the NFT Blockchain (I'm not joking), it's crazy to see how bad it has flopped. A prime example of ""don't believe the hype.""

&amp;#x200B;

#**Movies that ended their run this month**

Movie | Release Date | Studio | Domestic Opening | Domestic Total | Worldwide Total | Budget |
----------|----------|----------|:--------:|:--------:|:--------:|:--------:
*The Pope's Exorcist* | Apr/14 | Sony | $9,006,368 | $20,009,380 | $72,913,467 | $18M
*Fast X* | May/19 | Universal | $67,017,410 | $145,960,660 | $704,709,660 | $340M
*About My Father* | May/26 | Lionsgate | $4,321,148 | $12,089,391 | $14,099,553 | $29M
*The Machine* | May/26 | Sony | $5,000,545 | $10,458,331 | $10,656,936 | $20M
*You Hurt My Feelings* | May/26 | A24 | $1,396,448 | $4,830,788 | $5,329,963 | N/A
*The Boogeyman* | Jun/2 | 20th Century | $12,356,486 | $43,244,282 | $82,346,757 | $35M
*The Blackening* | Jun/16 | Lionsgate | $6,013,131 | $17,707,207 | $17,707,207 | $5M

&amp;#x200B;

#**A look into August**

- On the first weekend, we'll find ***Teenage Mutant Ninja Turtles: Turtle Mayhem*** and ***Meg 2: The Trench***. The former has great reviews and it should have no problem making a profit. The latter may fail to replicate the original's success in the States, but it's poised to deliver one of the best performances in China.

- On the August 11-13 weekend, ***The Last Voyage of the Demeter*** seeks to attract horror fans with the newest version of the Dracula story, albeit told from the perspective of the merchant ship.

- On the August 18-20 weekend, we find the DC's newest release, ***Blue Beetle***. The brand is currently in a very poor position, and it's unlike this film changes that. Don't be surprised if the other newcomer, ***Strays***, beats it.

- On the August 25-27 weekend, Sony will release ***Gran Turismo*** on wide release. It was originally intended for August 11, but the strikes changed plans. The movie will still release on August 11, but on limited release to build word of mouth. Also opening on this weekend is the comedy ***Bottoms***, which received great reviews after its SXSW premiere.

#**Other recaps**

**2023:** [June](https://redd.it/14o44fd) | **July** | [August](https://redd.it/167m4x3) | [September](https://redd.it/16xbal3) | [October](https://redd.it/17lowpm)",2023-08-02T00:03:53,75,8,https://www.reddit.com/r/boxoffice/comments/15ft6mo/july_2023_recap_barbenheimer_makes_july_the/,Oppenheimer,"Barbie, Oppenheimer"
16fzqva,movies,"I used to feel like I had to watch every movie. Nowadays, I'm very selective about what Films I choose to watch. What about you?","I think the issue was I got older and it made me realize time was precious and I don't want to waste time in movies I'm not interested in because it got good reviews. I've seen a lot of movies that I barely can remember anything about. 

There are some movies that I got to see and they became favorites of mine, sure, but those are exceptions. I wouldn't have seen Once Upon a Time in America but I'm grateful I did get to see it because it's my favorite gangster movie of all time. And I LOVE LOVE Ennio Morricone's music for it. 

Today, I go for plot or if the trailer gets me excited. I would have probably seen OPPEHEIMMER but now I choose not to go see it because I'm not remotely interested in the subject (and I regret watching BARBIE. I only saw it because everybody was going loco over it. And it seemed slightly interesting. It turned out to be a unfunny bore).",2023-09-11T16:25:25,0,15,https://www.reddit.com/r/movies/comments/16fzqva/i_used_to_feel_like_i_had_to_watch_every_movie/,Barbie,Barbie
15p8vh3,boxoffice,Life After Barbenheimer: Inside a Summer and Fall Movie Season That Includes Both ‘Bottoms’ and ‘Dicks: The Musical’,,2023-08-12T16:26:26,4,0,https://www.indiewire.com/video/summer-movie-season-2023-recap-screen-talk-1234894666/,Barbie,Barbie
1479a9w,boxoffice,Will Oppenheimer be released in Japan?,"https://forums.boxofficetheory.com/topic/29823-oppenheimer-papa-nolan-rated-r-tickets-now-on-sale-july-21-2023/?do=findComment&amp;comment=4518655

Apparently there's no promotional material at all in Japan. Will it just not be released in Japan at all, given the sensitive nature of the bomb.

Will this affect Oppenheimer's international box office numbers by a lot? If I remembered correctly, Japan, China and S. Korea are all quite big on Nolan films.",2023-06-11T23:48:33,38,68,https://www.reddit.com/r/boxoffice/comments/1479a9w/will_oppenheimer_be_released_in_japan/,Oppenheimer,Oppenheimer
15dhy4n,boxoffice,Could Killers of the Flower Moon be Scorcese's highest grossing movie overtaking TWoWS @ ~$407M worldwide,"Some points to consider are the fact this movie's similarities to Nolan's Oppenheimer.

(1) Both movies being based on a book

(2) Which is based on real life events one from 1940's and other from 1920's

(3) Big name directors behind them in Nolan and Scorcese.

And the fact that Kraven another R-rated film has moved from the slot leaving it the sole opening on Oct 6th and also when it expands nation-wide on Oct 20th as the only film to open wide that weekend as Snoop Doggs's The Underdoggs has vacated that position to now release on January 26th, 2024.

Also Leo is a big appeal of KotFM but he won't be able to promote the movie due to the strikes.

[View Poll](https://www.reddit.com/poll/15dhy4n)",2023-07-30T10:09:44,13,40,https://www.reddit.com/r/boxoffice/comments/15dhy4n/could_killers_of_the_flower_moon_be_scorceses/,Oppenheimer,Oppenheimer
15ib03g,movies,Movies where the core themes or messages are wildly misinterpreted by the majority of the audience?,"I feel like most movies with some type of social or political theme tend to be misinterpreted by some, Barbie being a recent example of this. It’s made me wonder if there have been any popular movies where the main point or message the film is trying to convey gets completely misinterpreted by not just a small portion, but the majority of the audience. American Psycho might be a somewhat good example of this, as Patrick Bateman has been idolized online recently, although I’m not too sure if that represents how the majority of people who have seen that film feel. What are some other examples?",2023-08-04T20:32:24,0,20,https://www.reddit.com/r/movies/comments/15ib03g/movies_where_the_core_themes_or_messages_are/,Barbie,Barbie
15n6295,boxoffice,UK &amp; IRL Box Office for Wednesday 09th August. Barbie (£1.55m) / Oppenheimer (£818k) / Meg 2 (£519k) / TMNT - Mutant Mayhem (£283k) / M:I - Dead Reckoning (£162k),,2023-08-10T08:08:14,20,10,https://i.redd.it/yyqplxwiq8hb1.jpg,Mission: Impossible – Dead Reckoning Part One,Mission: Impossible – Dead Reckoning Part One
16da4jk,movies,How did Natalie Portman break typecasting &amp; become a renowned actress?,"After she finished filming the Star Wars Prequel Triology, she revealed that most directors didn't want to cast her as they thought she was a horrible actress. 

Then she did Closer, V for Vendetta, No Strings Attached, Black Swan, Jackie etc. She won the Academy Award for Best Actress for Black Swan while she was nominated for Closer &amp; Jackie.

In fact she did Closer before the Prequel Triology finished filming so I don't understand why the directors felt she was horrible actress. Do bigbudget franchise films cloud filmmakers' perception of actors? If so, Robert Downey Jr is lucky that Christopher Nolan cast him in Oppenheimer after a decade of playing Tony Stark. Natalie also played Jane Foster in three Thor Movies. Despite that she gets good films &amp; gets nominated for Oscars.",2023-09-08T13:06:57,0,31,https://www.reddit.com/r/movies/comments/16da4jk/how_did_natalie_portman_break_typecasting_become/,Oppenheimer,Oppenheimer
155ni86,boxoffice,Did Paramount and Tom Cruise underestimate Barbie and Oppenheimer while choosing the MI7 release date?,"So, MI7 is taking a beating right now from all 3 ends, whether Barbie, Oppenheimer, SoF.  


I understand Sound of Freedom has truly been a wildcard no one expected, but is it safe to say Barbie and Oppenheimer were underestimated massively by Tom Cruise and Paramount, such that they chose to stick with this release date despite such a proximity and also the fact that Nolan has a strong hold with IMAX distributors?  


&amp;#x200B;",2023-07-21T13:04:53,734,383,https://www.reddit.com/r/boxoffice/comments/155ni86/did_paramount_and_tom_cruise_underestimate_barbie/,Oppenheimer,Oppenheimer
15evoag,boxoffice,"Weekend Actuals for July 28-30 – 'Barbenheimer' Stays Strong, 'Haunted Mansion' Flops, 'Talk to Me' Surprises","&amp;#x200B;

https://preview.redd.it/5khljmujxdfb1.jpg?width=1920&amp;format=pjpg&amp;auto=webp&amp;s=287a47a71e1064f380df62666df77e1d439085f0

The ***Barbenheimer*** phenomenon didn't slow down on its second week, as both movies had great holds following their opening weekends. In contrast, Disney's ***Haunted Mansion*** became the studio's latest flop of the year, while A24's ***Talk to Me*** had a great debut.

&amp;#x200B;

The top 10 earned a combined $209.7 million this weekend. That's up a massive 123% from last year. **You'll have a July recap tomorrow where I'll delve into the month's gross.**

&amp;#x200B;

***Barbie*** stayed in first place, earning $93 million this weekend. This represented a drop of just 42.6% and marked the best second weekend since ***Avengers: Endgame*** ($147.3 million). Through ten days, the movie has grossed a fantastic $351.4 million and there's no sign of stopping yet. Worldwide, it held extremely well, and has now made $780 million. By next weekend, the movie will hit the $1 billion mark, just as Margot Robbie predicted when she pitched the movie.

&amp;#x200B;

In second place, ***Oppenheimer*** eased 43.4% to $46.7 million. That drop is higher than ***Inception*** (32%) but better than ***Dunkirk*** (47.3%). Through ten days, it has grossed a fantastic $174.5 million. The movie was granted an extended run in IMAX, which will allow it to continue in legging out. Worldwide, the movie has crossed $400 million, officially breaking even, and by next weekend, it will pass ***Dunkirk***'s total ($525 million).

&amp;#x200B;

So many good news, but now we have to address the elephant in the room. In 3,740 theaters, Disney's ***Haunted Mansion*** flopped with just $24 million this weekend. This managed to open even lower than Eddie Murphy's 2003 version ($24.2 million), and that was after burning off demand after debuting on Wednesday during Thanksgiving. It doesn't help that this version cost an absurd $150 million, and that's before marketing.

&amp;#x200B;

There are many factors over what caused this, but simply put, there was just no interest whatsoever for this movie. The original movie is not beloved so there are no die-hard fans craving for a new version. The movie was also stuck in development hell since 2010, when Guillermo del Toro was courted to direct the movie, but his version was discarded as Disney felt it would be too scary for kids (which is weird, considering the movie was eventually rated PG-13). Reviews didn't help, as right now it's sitting at 42% on Rotten Tomatoes. There was also the question over why the movie would not release in October, but that's probably because Disney intends to send it to Disney+ in time for Halloween.

&amp;#x200B;

According to Disney, 59% of the audience consisted of women, and 45% of the audience was in the 18-34 demographic (so much for wanting a kid-friendly movie, huh?). They gave it a lukewarm ""B+"", which is an improvement over the original but that's not saying much. The movie is guaranteed to finish below the original's gross ($75.8 million), which is a very poor result for such an expensive movie.

&amp;#x200B;

And if there was hope that international territories would save it, that was as lifeless as the ghosts in the movie. ***Haunted Mansion*** earned an awful $9 million overseas, taking its worldwide total to just $33 million. Now, that represents just half of its territories, but it's still very poor considering it disappointed in big markets like France ($1.7M), Mexico ($1.2M), Germany ($0.7M), Spain ($0.4M), Brazil ($0.2M), etc. There's a very strong chance it could miss $100 million worldwide, which will make it one of the year's biggest flops.

&amp;#x200B;

As a fun fact, this is the fourth actor from ***It's Always Sunny in Philadelphia*** to make a financial disappointment this year. Charlie Day's directorial debut ***Fool's Paradise***, Glenn Howerton's ***BlackBerry***, Kaitlin Olson's ***Champions*** and now Danny DeVito with ***Haunted Mansion***. I can't recall a year where the stars of a show had film disappointments. The only one I came up with would be in 2015, when most of the cast of ***The League*** had at least one disappointment in their resume (and that's not even including the final season and the whole Stephen Rannazzisi controversy). So congrats Rob McElhenney, you walked away unscathed.

&amp;#x200B;

In fourth place, ***Sound of Freedom*** continued its insane run. It dipped just 35.4% to $12.8 million. That takes its domestic total to a fantastic $149.3 million. It was recently announced that the movie has secured international releases, especially in the Latin America market. Stay tuned for updates.

&amp;#x200B;

After its awful drop last weekend, ***Mission: Impossible – Dead Reckoning Part One*** didn't save much face this weekend either. It dropped a further 45.2%, which is okay but not indicating that legs will improve. The movie was dropped from 1,130 theaters, which will worsen and prevent this from legging out. Through three weekends, the movie has made $139 million, and it's now losing daillies to ***Rogue Nation***. In fact, the movie is also trailing ***The Dial of Destiny*** through this point; it's $6 million behind it, which grows to $10 million when taking into account its Wednesday opening. It's a foregone conclusion that it will finish below the adjusted gross of ***Mission: Impossible III*** ($186.9 million), which means it will be the lowest attended movie in the franchise. Worldwide, the movie has made $448 million. It will pass $500 million soon, but $550 million is looking unlikely at this point.

&amp;#x200B;

In 2,340 theaters, A24's newest horror film, ***Talk to Me*** surprised. The movie debuted with $10.4 million, doubling projections, as well as recouping its budget already. This was the second highest debut for the studio since ***Hereditary*** ($13.5 million), which is an impressive stat.

&amp;#x200B;

Clearly there's a huge demand for horror this year, and ***Talk to Me*** was lucky to be part of the craze. Generally, A24 has a hard time in connecting with audiences in horror, but this appears to be actually working with the movie. It received a ""B+"" on CinemaScore, which is pretty good for the genre. Add in critical acclaim (95% on RT) and it won't face horror competition until ***The Last Voyage of the Demeter***. For now, it should have no problem hitting $30 million.

&amp;#x200B;

In seventh place, ***Indiana Jones and the Dial of Destiny*** earned $3.9 million, descending just 40%. That takes its total to $167 million. It will hit $170 million soon, but it won't make it much higher than that. Worldwide, the movie is sitting at a weak $356.2 million.

&amp;#x200B;

In eight place, ***Elemental*** grossed $3.4 million. That's a drop of just 39.3%, which is its biggest drop yet. Through 7 weeks, it has made $145 million. It will certainly take a hit with ***TMNT*** coming on Wednesday, but it should still hold on well. Worldwide, it's closing in to $400 million, and this Friday, it hits its final market, Japan.

&amp;#x200B;

In ninth place, ***Insidious: The Red Door*** was certainly hit by ***Talk to Me***, as it had the biggest drop in the Top 10. It dropped 51.6%, earning $3.2 million and taking its total to $78.1 million, getting closer to ***Chapter 2***'s total ($83.5 million). Worldwide, it has made $174.4 million, officially becoming the highest grossing film in the franchise.

&amp;#x200B;

In tenth place, we find ***Spider-Man: Across the Spider-Verse*** in its ninth and last weekend at the Top 10. It dropped 50% to $1.4 million. Its domestic total sits at $378.7 million and in a few days, it will officially double the original's domestic total. Worldwide, the movie has grossed $682.3 million.

&amp;#x200B;

\_\_\_\_\_\_\_\_\_\_\_\_\_\_\_\_\_\_\_\_\_\_\_\_\_\_\_\_\_\_\_\_\_\_\_\_\_\_\_\_\_\_\_\_\_\_\_\_\_\_\_\_\_\_\_\_\_\_\_\_\_\_\_\_\_\_\_\_\_\_\_\_\_\_\_\_\_\_\_\_\_\_\_\_\_\_\_\_\_\_\_\_

&amp;#x200B;

This weekend, two blockbusters arrive. ***Teenage Mutant Ninja Turtles: Mutant Mayhem*** will release on Wednesday and early reviews look promising. ***Meg 2: The Trench*** is releasing on Friday, and it's very unlikely that it replicates the original's gross. Nevertheless, this is an overseas-heavy movie and China pre-sales point to one of the best performers in the post-COVID era.",2023-07-31T23:30:40,237,66,https://www.reddit.com/r/boxoffice/comments/15evoag/weekend_actuals_for_july_2830_barbenheimer_stays/,Barbie,Barbie
15i9due,boxoffice,"Daily Box Office Top 7 for Thursday, August 3, 2023",https://twitter.com/borreport/status/1687546308637376512?s=46&amp;t=_2YevM0sJ4KoUrOoFuJpxw,2023-08-04T19:30:46,46,6,https://i.redd.it/7acfmdgta5gb1.jpg,Oppenheimer,Oppenheimer
13logsl,boxoffice,"'Oppenheimer' Has Been Listed With an R-Rating on Apple TV+. If This is Even True, then How Will It Affect Its Box Office Going Forward?",,2023-05-19T07:41:28,258,167,https://i.redd.it/812op3gbsq0b1.png,Oppenheimer,Oppenheimer
163q9o0,boxoffice,"In China Oppenheimer collected $1.24M in pre-sales for its WED opening across 49k screenings. $2.1M for its 5 day opening period. Weaker day sees Opening Day+Previews projections lowered to $6.4M vs GOTG3 ($6.9M), MI7 ($7.9M) and ROTB ($11.4M). No More Bets leads the daily BO with $5.90M(-52%)/$471M","
---
#Daily Box Office (August 28th 2023)

Papa and Creation Of The Gods continue to perform incredibly well. Papa in particular is closing in on $100M total projections. After the initial projections started under $50M. Great performance. 

Meg 2 also has more life left as does 30,000 Miles From Chang’an which is still sticking around even into its 9th week at this point.

|# | Movie |Gross|%YD| %LW|Screenings|Admisions(Today)|Total Gross|Projected Total Gross|
:----------- |:-----------|:-----------:|:-----------:|:-----------:|:-----------:|:-----------:|:-----------:|:-----------:|
1| No More Bets               |$5.88M |-47%  |-52% |116452|1.0M  |$471.19M |$532M
2| Papa                       |$2.78M |-49%  |-38% |63066 |0.50M |$61.21M  |$94M
3| Creation Of The Gods       |$1.89M |-53%  |-39% |43956 |0.32M |$338.13M |$361M
5| The Woman In The Storm     |$0.89M |-33%  |-36% |24805 |0.16M |$17.31M  |$27M
6| MEG 2: THE TRENCH          |$0.68M |-42%  |-41% |16269 |0.12M |$112.77M |$121M
4| Heart's Motive             |$0.63M |-49%  |/    |26948 |0.12M |$5.49M   |$11M
7| 30,000 Miles From Chang’an |$0.41M |-58%  |-26% |11035 |0.07M |$247.22M |$257M
9| Just For Meeting You       |$0.29M |-24%  |/    |10096 |0.05M |$9.10M   |$11M
8| Raid On The Lethal Zone    |$0.28M |-53%  |/    |17428 |0.06M |$2.95M   |$6M
10| One And Only              |$0.20M |-53%  |-55% |4627  |0.03M |$123.53M |$126M
11| Death Notice              |$0.12M |-54%  |-84% |6398  |0.02M |$10.28M  |$11M
12| Oh my School              |$0.12M |-45%  |-14% |4570  |0.02M |$51.46M  |$54M
13| Never Say Never           |$0.12M |-40%  |-40% |4649  |0.02M |$302.67M |$303M
14| The Breking Ice           |$0.08M |-26%  |/    |3121  |0.01M |$3.05M   |$3.56M
15| Miraculous: Ladybug &amp; Cat Noir|$0.05M|-60%|-60%|3073  |0.01M |$1.80M   |$2.19M
16| Barbie                    |$0.03M |-50%  |-40% |1116  |0.01M |$34.68M  |$34.8M

*YD=Yesterday, LW=Last Week

---

###**Oppehheimer**

Projections for previews slashed in half today down to just $368k. Opening day also downgraded from $7.2M to $6.0M

|#|WED|THU |FRI |SAT|SUN|MON|TUE|Total
:-----------:|:-----------:|:------------:|:------------:|:------------:|:------------:|:------------:|:------------:|:------------:|:------------:|
First Week|/|/|/|/|/|/|/| 			

**Scheduled showings update for Oppehheimer for the next few days:**

|Day |  Number of Showings |Presales|Projection
:----------- |:-----------:|:-----------:|:-----------:|
Tuesday|2157|$150k|$368k
Wednesday|48553|$1.22M|$6.07M
Thursday|22593|$249k|$4.19M

###**No More Bets**

No More Bets has $470M. Even with a bit of a sharper drop this weekend it should pass Lost In The Stars sometimes this week to become the 3rd highest grossing movie of the year. 

Scores on Maoyan and Douban remain 9.1 and 6.9 respectively.

|#|SAT |SUN |MON|TUE|WED|THU|FRI|Total
:-----------:|:-----------:|:------------:|:------------:|:------------:|:------------:|:------------:|:------------:|:------------:|:------------:|
Third Week|$25.31M|$22.46M|$12.32M|$22.10M|$10.40M|$8.83M|$9.22M|$441.33M		
Fourth Week|$12.78M|$11.20M|$5.88M|/|/|/|/|$471.19M		
|%± LW|-49%|-50%|-52%|/|/|/|/|/|

**Scheduled showings update for No More Bets for the next few days:**

|Day |  Number of Showings |Presales|Projection
:----------- |:-----------:|:-----------:|:-----------:|
Today|116805|$481k|$6.16M
Tuesday|115309|$514k|$6.16M
Wednesday|115309|$81k|$4.22M

###**Creation Of The Gods**

Another very solid drop keeping the week on week drop under 40%. 

Astonishingly enough its Douban score 6 weeks into the run has jumped from 7.8 to 7.9

|#|THU|FRI |SAT |SUN|MON|TUE|WED|Total
:-----------:|:-----------:|:------------:|:------------:|:------------:|:------------:|:------------:|:------------:|:------------:|:------------:|
Fifth Week|$3.83M|$3.75M|$6.70M|$6.26M|$3.09M|$4.98M|$2.84M|$322.75M			
Sixth Week|$2.47M|$2.52M|$4.47M|$4.03M|/|/|/|$338.13M		
|%± LW|-35%|-33%|-34%|-36%|/|/|/|/|
**Scheduled showings update for Creation Of The Gods for the next few days:**

|Day |  Number of Showings |Presales|Projection
:----------- |:-----------:|:-----------:|:-----------:|   
Today|43802|$202k|$1.89M
Tuesday|43961|$210k|$1.79M
Wednesday|18838|$20k|$1.34M
---

###**Meg 2**

Meg 2 has more life in it than it seemed last week. Pushing for $120M+

|#|FRI|SAT |SUN |MON|TUE|WED|THU|Total
:-----------:|:-----------:|:------------:|:------------:|:------------:|:------------:|:------------:|:------------:|:------------:|:------------:|
Third Week|$1.46M|$2.28M|$2.17M|$1.16M|$0.87M|$0.95M|$0.83M|$109.31M			
Fourth Week|$0.52M|$1.07M|$1.18M|$0.68M|/|/|/|$112.77M		
|%± LW|-64%|-53%|-46%|-41%|/|/|/|/|

**Scheduled showings update for The Meg 2 for the next few days:**

|Day |  Number of Showings |Presales|Projection
:----------- |:-----------:|:-----------:|:-----------:|
Today|16116|$46k|$695k
Tuesday|17034|$43k|$645k
Wednesday|6089|$2k|$451k

---

###**Other stuff:**

Next big few holywood releases are Oppenheimer on the 30th of August and Gran Turismo on the 1st September. Some WTS(Want To See Numbers) for those movies as well as some comparisons to how other revelant movies in a comparable number of days till release. **Note these are not pre-sales**. This is just a checkbox on Maoyan saying that your interested in the movie. The pre-sales are only ever in tables and compared to more than just 1-2 movies.


**Oppenheimer:**

Screenings almost reach 50k.Still very meh. Pre-sales also somewhat slow down today leading to a downgrade in projections.  

Total pre-sales pass $2.1M vs MI7($1.8M), GOTG3($1.8M) TF: RoTB($2.7M), Fast X($4.4M) at the same time. 

Opening day pre-sales comparison:

|Days till release | Oppenheimer| MI7:DR |Guardians Of The Galaxy 3|Transformers ROTB|Fast X|Spider-Man: Across the Spider-Verse|
:----------- |:-----------:|:-----------:|:-----------:|:-----------:|:-----------:|:-----------:|:-----------:|:-----------:|:-----------:|
7|  /         |    /      |$22k/15240    | /      |    /                 |$96k/21854  |
6|$120k/9869 |/          |$97k/24240    |     /        |$196k/69382    |$170k/27854 |
5|$316k/15753|$54k/18328 |$165k/30650   |$121k/71289  |$471k/82292    |$234k/30250  |	
4|$485k/19620|$152k/25041|$246k/35550   |$312k/83324  |$728k/92034    |$317k/33450 |
3|$635k/25056|$380k/35490|$343k/42013   |$592k/94438  |$988k/103517   |$434k/39867 |$171K/38008		
2|$836k/30687|$686k/47552|$486k/52243   |$946k/106022 |$1.35M/114980 |$568k/52867  |$487K/58112
1|$1.24M/48729|$1.10M/73634|$801k/74490  |$1.45M/136762|$2.08M/140431 |$762k/74867 |$763K/85291	
0|          |$2.08M/94634|$1.84M/101271|$2.78M/162406|$3.97M/168748|$1.45M/94140|$1.56M/106474	
*Gross/Screenings

**Blue Beetle** 

Still no word on a China release for this.

**Gran Turismo** 48k(+0.5k)

**The Ex-Files 4** 1.113M(+5k)",2023-08-28T16:11:32,36,18,https://www.reddit.com/r/boxoffice/comments/163q9o0/in_china_oppenheimer_collected_124m_in_presales/,Mission: Impossible – Dead Reckoning Part One,Mission: Impossible – Dead Reckoning Part One
15h8bys,boxoffice,Which other movies would you like to see share a release date in order to duplicate the Barbenheimer phenomenon?,"How about opening the next entry in the Mattel Cinematic Universe [*Uno*](https://www.thewrap.com/live-action-uno-movie-in-the-works-at-mattel-films/) against Ridley Scott's *Napoleon*, thus creating the *Unopoleon* meme.",2023-08-03T16:06:12,0,10,https://www.reddit.com/r/boxoffice/comments/15h8bys/which_other_movies_would_you_like_to_see_share_a/,Barbie,Barbie
14wcudn,movies,Oppenheimer: Where History Meets Filmography - 30 Spoiler Free Fascinating Facts Before the Premiere (Part 2),"Here is part 2 (# 11-20) of the Oppenheimer facts in anticipation for the ""Oppenheimer"" movie premiere. Part one was posted [here](https://www.reddit.com/r/OppenheimerMovie/comments/14pyu0i/oppenheimer_where_history_meets_filmography_30/).

As stated before, I'm thrilled about ""Oppenheimer"" as it combines two subjects I'm passionate about: the history of the Manhattan Project and Christopher Nolan's filmography. To build anticipation for the premiere, I compiled 30 spoiler free facts that I share daily with friends until the theatrical release. Half of these facts (even numbers) offer glimpses into Robert's personal life and character, while the other half (odd numbers) shed light on Nolan's production process. I've been sharing this daily deep dive with friends who suggested I share with reddit.

\*\*11/30\*\* - Nolan managed to complete the three-hour epic Oppenheimer within a production shoot of 5 1/2 months, which, although a large amount of time, was shorter than his previous 8-month shoots for Inception and The Dark Knight. The director noted that despite the extended shooting period for ""Oppenheimer,"" the days were less intense compared to his former projects. This was primarily due to the movie being less action-packed and more dialogue and character based. To bring the real-life scientists and people surrounding Oppenheimer to life, Nolan casted over 70 A-list actors, all who have a decent contribution to his story. “Usually, Nolan shoots an average ratio of 200-1 for his movies meaning that for every 200 minutes of film shot, only 1 minute of that footage gets used in the movie,” revealed Nolan’s editor Jennifer Lame who collaborated with Nolan for Tenet and returned for Oppenheimer. Lame continues, “This approach means that the entire production team has less intense work than usual, and the success of the dialogue driven movie lies on the performances of the talented ensemble of actors.”

\*\*12/30\*\* - After Oppenheimer graduated from Göttingen, prestigious American universities, like Harvard, Caltech, and Berkeley, sought him out with teaching offers. He ultimately accepted a professorship at Berkeley, where he thrived as an advisor and collaborator to a new generation of physicists. Among his colleagues, opinions about him diverged into two camps: some viewed him as an aloof yet impressive genius, while others saw him as a pretentious and insecure poseur. However, his students overwhelmingly fell into the former category, often imitating his mannerisms, speech, and even his habit of reading entire texts in their original languages to gain a deeper understanding. During his time at Berkeley, Oppenheimer proved to be an outstanding teacher, showcasing his talent for identifying key questions, quickly understanding deep concepts, and demonstrating his willingness to acknowledge when he didn't know the answer, often inviting others to join him in his quest for solutions. His growing interest in people and his warm, informal hospitality further enhanced his influence on his students, and factored into his growing confidence. Scientist Hans Bethe reflected, “The most important ingredient he brought to his teaching was his exquisite taste. He always knew what were the pressing problems, as shown by his choice of subjects. He truly lived with those problems, struggling for a solution, and he communicated his concern to the group. Often there were about eight to ten graduate students in his group plus six Post-doctoral students. He met this group once a day in his office and discussed with one after another the status of the student's research problem. He was interested in everything, and in one afternoon the entire group at a time might discuss everything from quantum electrodynamics, cosmic rays, electron pair production or nuclear physics.” While Oppenheimer had a remarkable impact on his pupils, he lacked the singular focus required to see through subjects to their completion. Robert did not have the discipline to figure out pressing theoretical problems for himself. Rather, he preferred to discuss theoretical problems with his students and colleagues, many times setting them up for success. Many famous physicists attested to Oppenheimer's influence in their career advancements, including Ernest Lawrence with his Nobel prize-winning work on cyclotron pioneers, Linus Pauling and his numerous papers on the chemical bond, and Albert Einstein and his Nobel Prize for research on the photoelectric effect - to name a few.

\*\*13/30\*\* *-* Cillian Murphy's sixth Nolan film is his first lead. Murphy told *The Independent* that when offered the Oppenheimer role, it was an obvious choice\*.\* “I’ve had the pleasure of working with Chris a few times now so I already came into the project with insight on how he does what he does. He’s very rigorous and demanding on himself, his crew, and his cast. He’s incredibly focused. His vision is so clear and so strong that you can’t help but feel confident in being part of that. When he pushes for perfection, it’s a good place to be.” On what attracted him to the character, Murphy stated, “The Oppenheimer character reminded me a little of the Thomas Shelby character that I play on *Peaky Blinders*. He’s a true crime boss and a complete contradiction. Like, you can't tell if he's a savior or a devil, but that's what is so fascinating. People gravitate towards those characters because they identify with their contradicting thoughts and actions. Robert set out to create the biggest weapon the world had ever seen. But after seeing the explosion with his own eyes, he called himself death and a destroyer of worlds. That statement carries a lot of weight.” Murphy extensively read on Oppenheimer’s life to fully grasp the character and his background. “It was especially important for me to get my hands on all the reading material on Robert Oppenheimer because much of the film's script is written entirely from Oppenheimer’s own point of view you. I was actually blown away with Chris Nolan’s script for two reasons. One, it was the best script that I’d personally ever read. Two, it was the only script that I’d read that was written in the first person. It added to the challenge.” To resemble the character, Murphy lost weight and studied hundreds of hours of Oppenheimer's lectures to mimic his voice. He also found that the presence of so many famous actors added to the stakes. “It didn't matter how big their role was or how significant their character was for the story, every actor built up an arsenal of knowledge to rely on. They came so well prepared. I had to work even harder to keep up with all the legends on set”. The response to Murphy's performance has been overwhelmingly positive. Nolan praised his dedication and transformation, while historian Kai Bird, the author of the Pulitzer Prize-winning biography the script is based on, was left stunned by the movie's accuracy.

\*\*14/30\*\* - As a leading figure in the physics community during the outbreak of World War II, Robert Oppenheimer had close connections with many renowned physicists including Werner Heisenberg and Niels Bohr. In September 1941, a significant meeting took place in Nazi occupied Copenhagen between the two Nobel winners, Bohr and Heisenberg. Heisenberg was Germany's atomic bomb program leader while Bohr, a loyal Danish citizen, was his longtime mentor. The meeting's details have been a subject of historical interest and controversy. This much *is* known: Heisenberg visited Bohr in Copenhagen with Germany's permission. They met a couple of times at Bohr's home. Both accounts agree that Heisenberg brought up the subject of nuclear weapons, as he felt certain they were feasible, though not without terrific technical effort. Bohr became agitated at the mention of atomic bombs and ended the conversation. Beyond that, accounts *differ*. Heisenberg claimed after the war that he had secretly prevented the Nazis from building an atomic bomb, and he was seeking Bohr's help to halt nuclear weapon development. Heisenberg asserted that he had to be secretive and cautious due to German surveillance. However, Bohr's letters discovered after his death reveal a different account where Heisenberg tried to convince Bohr to side with Germany. Heisenberg implied imminent Nazi victory with their advanced nuclear resources. Bohr also felt that Heisenberg was using him to extract information on the state of the Allied nuclear program. The relationship between the two scientists was irreparably damaged, and they never saw each other again. Soon after their meeting in Copenhagen, Bohr fled Denmark and escaped to Britain where he shared his version of the events with the English high command and the allies. This disclosure played a significant role in expediting the development of the Manhattan Project. Heisenberg attempted to reconcile their stories after the war but was unsuccessful, as Bohr expressed dissatisfaction with Heisenberg's recollections in unsent drafts of letters from his private collection. In the 1920s, Oppenheimer's association with Niels Bohr began with a visit to discuss theoretical physics concepts, which developed into a lifelong friendship and mentorship. Their relationship strained during the peak of World War II due to their differing views on sharing nuclear knowledge. Bohr, concerned about an impending arms race and the need for an open world, was the chief scientist advocating for cooperation with the Soviet Union. Oppenheimer remained respectful of Bohr's expertise on nuclear diplomacy, but had to balance it with his responsibilities to the success of the Manhattan Project. As for Werner Heisenberg, he and Oppenheimer attended college together in Göttingen and shared mentors like Bohr and Max Born. Their relationship was a mix of intrigue, mutual respect for each other's scientific contributions, and rivalry during the intense nuclear arms race.

\*\*15/30\*\* - 21 A list Actors as their characters

* Cillian Murphy (Inception, Peaky Blinders) as J. Robert Oppenheimer
* Emily Bunt (Devil Wears Prada, A Quiet Place) as Katherine ‘Kitty’ Oppenheimer
* Robert Downey Jr. (Iron Man, Sherlock Holmes) as Lewis Strauss
* Matt Damon (Bourne Ultimatum, Interstellar) as Leslie Groves
* Florence Pugh (Midsommer; Little Woman) as Jean Tatlock
* Gary Oldman (The Dark Knight; Darkest Hour) as Harry S. Truman
* Kenneth Branagh (Dunkirk, Tenet) as Neils Bohr
* Josh Hartnett (Lucky Number Slevin; Black Hawk Down) as Ernest Lawrence
* Matthias Schwighghofer (The Red Baron; Resistance) as Werner Heisenberg
* Benny Safdie (Licorice Pizza Uncut Gems), As Edward Teller
* Jack Quaid (The Hunger Games; The Boys) as Richard Feynman
* Gustaf Skarsgård (Vikings; Westworld) as Hans Bethe
* Tom Conti (Reuben, Reuben; The Dark Knight Rises) as Albert Einstein
* Devon Bostick (Diary of a Wimpy Kid; The Dangerous Game) as Seth Neddermeyer
* David krumholtz (Hail, Caesar; The Ballad of Buster Scruggs) as Isidor Isaac Rabi
* Matthew Modine (Full Metal Jacket; The Dark Knight Rises) as Vannevar Bush
* Michael Angarano (The Forbidden Kingdom; Almost Famous) as Robert Serber
* Emma dumont (Licorice Pizza; Inherent Vice) as Jackie Oppenheimer
* Danny Deferrari (Chicago Med; Blue Bloods) plays Enrico Fermi
* Josh Peck (Drake and Josh; ICarly) as Kenneth Bainbridge
* Dylan Arnold (Halloween; Nashville) as Frank Oppenheimer

Famous actors without revealed parts :

* Rami Malek (Mr Robot; No Time to Die)
* Casey Affleck (Manchester by the Sea; The Assassination of Jesse James)
* David Dastmalchian (The Dark Knight; Dune: Part 1)
* Alden Ehrenreich (Hail, Caesar; Solo, A Star Wars Story)
* Jason Clark (Zero Dark Thirty; Dawn of the Planet of the Apes)
* Alex Wolfe (Jumani; Hereditary)
* Macon Blair (Green Room; Blue Ruin)
* James D’Acy (Dunkirk, Cloud Atlas)
* Dane DaHaan (A Cure For Wellness; The Amazing Spiderman 2)
* Scott Grimes (American Dad; Robin Hood)
* Tony Goldwyn (The Last Samurai; Scandal)

\*\*16/30\*\* - Oppenheimer's life provided him with opportunities to collaborate with esteemed scientists such as Max Born and Albert Einstein. With the guidance of Max Born, Oppenheimer was able to reach his full potential and overcome the depression that had previously affected him. Max Born was not only a great physicist but also an exceptional teacher. His mentoring style involved listening, gentle guidance, and fostering discussions both in his office and home. Oppenheimer adopted this teaching approach when he became a professor at Berkeley. The two scientists frequently exchanged ideas and collaborated on scientific papers. Born profoundly influenced Oppenheimer's understanding of quantum mechanics, instilling in him the fundamentals of physics and a love for learning. Their most notable joint work was the publication of the Oppenheimer-Born approximation, which simplified quantum equations. When Oppenheimer completed his courses and was to be awarded his degree, the university authorities discovered that Oppenheimer had slacked in properly registering as a student, and they threatened to withhold his degree. Born came to Oppenheimer’s rescue telling the ministry of education that “economic circumstances rendered it impossible for Herr Oppenheimer to remain in Göttingen after the end of the summer term.” Though Oppenheimer was extremely wealthy and even had a trust fund to his name, the university did not press further and Robert was able to graduate on time. Born found the parting hard. “It is all right for you to leave, but I cannot fathom it”, he told Oppenheimer. “You have left me with too much homework.” Born fled Germany before World War II and settled in Edinburgh, Scotland, where he taught physics until retiring at the age of 70. The interactions between Einstein and Oppenheimer is also fascinating. Both physicists from different generations who held contrasting views on quantum physics. When Heisenberg published a paper on quantum physics that Oppenheimer had just begun exploring, Einstein responded with skepticism, stating, ""Heisenberg has laid a big quantum egg. In Göttingen, they believe in it. I certainly don't."" Oppenheimer, in turn, referred to Einstein as ""completely cuckoo"" due to his disbelief in Göttingen's quantum physics theories. Although they initially had differences and worked in different fields, they became colleagues in 1947 at the Institute for Advanced Study, collaborating until Einstein's passing in 1955. The atomic bomb played a significant role in bridging their initial divide, as they set aside their differences and worked together to raise awareness about the dangers of atomic weapons. Following Einstein's death, Oppenheimer described their relationship, stating, ""Though I knew Einstein for two or three decades, it was only in the last decade of his life that we were close colleagues and something of friends. Einstein is often either blamed or praised with these miserable bombs, but that is not in my opinion true. The special theory of relativity might not have been beautiful without Einstein, but this was not what Einstein really was after. His work was that of creating an intellectual revolution and discovering how profound were the errors made by men before then.”

\*\*17/30\*\* - Nolan casted real scientists as extras for ‘Oppenheimer’. This decision ensured that their reactions would be authentic, and they would comprehend the dialogue and respond appropriately. It also created an exceptional atmosphere on set. Often during breaks, it would be common for discussions about nuclear weapons ramifications to break out on set. The numerous extras assisted the crew into incorporating accurate scientific details into the film, relieving the main cast of that responsibility. Nolan said, “We needed the crowd of extras to give reactions, and improvise, and we were getting all sorts of impromptu, very educated speeches. It was fun to listen to. You’ve been on sets where you’ve got a lot of extras around and they’re more or less thinking about lunch. These guys were thinking about the geopolitical implications of atomic arms and knew a lot about it. It actually was a great reminder every day of: We have to be really on our game. We have to be faithful to the history and know what we’re up to.”

\*\*18/30 - In 1939, a group of scientists, including Leo Szilard, Edwards Teller, Eugene Wigner, and Albert Einstein, wrote an urgent letter to President Roosevelt which would be known as the Einstein-Szilard letter. The purpose of the letter was to warn the President about the potential development of atomic bombs by the Nazis and propose that the United States initiate its own nuclear program. President Roosevelt responded quickly by providing $500 million for the project renamed the Manhattan Project. General Leslie Groves was appointed as the leader of the project and considered J. Robert Oppenheimer for the role of leading the team developing the atomic bomb. However, Oppenheimer faced doubts regarding his suitability for the position. Although Oppenheimer was highly respected within the theoretical physics community, many questioned his ability to manage the strong personalities involved in the project, including several Nobel Prize winners. Furthermore, Oppenheimer's physical condition, characterized by low weight and a chronic cough from smoking, led to a medical evaluation declaring him ""permanently physically incapacitated"" for military service. Additionally, Oppenheimer lacked practical application experience as he primarily worked as a theoretician. Concerns were also raised about his loyalty due to his association with communist front activities during his time at Berkeley and the Communist Party membership of his wife and brother-in-law. Consequently, the FBI denied his security clearance. Despite these concerns, General Groves believed that Oppenheimer possessed the necessary qualities, including the right personality, skills, and determination, to effectively oversee the team of scientists. Groves recognized that Oppenheimer felt a deep sense of responsibility for the significance of the project, and he gained great respect for him after meeting and conversing with him. As a result, Groves personally took the responsibility to override the objections of the FBI and selected Oppenheimer to lead the effort of gathering scientists at a newly constructed facility in Los Alamos, New Mexico; a site that Oppenheimer recommended. Despite their contrasting leadership styles, Groves adapted his approach to accommodate the situation allowing Oppenheimer to fulfill his assigned role.

\*\*19/30\*\* - Not only did the production team film on location at Los Alamos, but they also went to Berkley, California and Princeton, New Jersey where Oppenheimer lived and taught. To recreate the time period and add to the realism, Nolan and his crew rebuilt the site at Los Alamos by having the entire lab and town recreated exactly how it was in the 1940s. In an interview with Total Film, Nolan said, “Filming in New Mexico breathes an extra dimension of truth into the story. Our entire crew faced very harsh conditions out there in the desert and there were huge practical challenges to filming. The entire historical process of recreating ‘Site Y’ exactly how it was became huge challenge to take on”. ‘Site Y’ refers to the code name that the government gave the town in attempts to maintain its secrecy. A museum now exists where the first bomb was tested. Various locations within the museum, such as the Civilian Women's Dormitory, the Lamy Train Station, and Fuller Lodge, were used for scenes. As Oppenheimer lived in Santa Fe with his family during his time in Los Alamos, Nolan used the exact house where Oppenheimer resided to also be included in the film.

\*\* 20/30\*\* - Once Robert Oppenheimer established himself at Berkeley, he gained a reputation as a womanizer and engaged in several scandalous affairs. Oppenheimer had a deep admiration for Ruth Sherman Tolman, the wife of his close friend and chemist Richard Tolman, who worked with him at Berkley and served as a scientific adviser to the Manhattan Project. According to the authors of the biography ""American Prometheus”, Oppenheimer had a ""very caring, sweet, and intense affair"" with Tolman. In their research, they found posthumous letters revealing how Ruth Tolman devised a scheme where Oppenheimer could pretend to have a meeting at UCLA, allowing them to spend the day together before returning in time for an evening party. When Richard Tolman discovered the depth of the relationship between Oppenheimer and his wife, Ruth Tolman, it devastated him, and friends believed he never fully healed from the heartbreak. As a result, Richard and Robert's professional relationship became strained, despite Robert's efforts to visit them multiple times in DC after the war ended. In 1936, Oppenheimer became involved with Jean Tatlock, the daughter of a well-known literature professor at Berkeley and a bright student at Stanford. They intellectually stimulating one another and were both famous for having the ability to hold a conversation about any topic. The couple began dating and had a passionate relationship. Oppenheimer proposed to Tatlock twice, but she refused him both times citing struggles with her sexuality. Tatlock is credited with introducing Oppenheimer to individuals involved with or sympathetic to the Communist cause. Jean herself wrote for the Communist Party newspaper in California, *the Western Worker*. Their relationship ended in 1939 after many tumultuous periods. In August of that year, Oppenheimer met Katherine ""Kitty"" Harrison, a radical student from Berkeley who had previously been a member of the Communist Party. Kitty had been married before, with her first marriage lasting only a few months, and her second husband dying for the Communist cause in the Spanish Civil War. After returning to the United States, she obtained a Bachelor's degree in botany at Penn University and married Richard Harrison, a medical researcher. They moved to California in 1938, where Kitty met Robert at a house and soon became physically involved. In 1940, while staying at Oppenheimer's ranch in New Mexico, Kitty discovered she was pregnant and asked her husband for a divorce. When he refused, she obtained a quick divorce in Nevada and married Robert for her fourth marriage. A close family friend described their relationship as, “Kitty was a strong, passionate, yet complex woman who presented herself as someone in need of rescue; and Robert eagerly played the role of the white knight that he aspired to be.” While director at Los Alamos and newly married, Oppenheimer resumed his affair with Jean Tatlock when he learned that she was suffering from severe depression. Robert made at least one secret trip to visit Tatlock in California which was closely monitored by army security agents. The ongoing relationship raised concerns during Oppenheimer's security clearance hearings due to Tatlock's connection with communism. Despite the news of the affair coming out at the hearing, Oppenheimer remained with his wife Kitty until his death.",2023-07-11T01:28:31,15,6,https://www.reddit.com/r/movies/comments/14wcudn/oppenheimer_where_history_meets_filmography_30/,Oppenheimer,Oppenheimer
1664m3h,boxoffice,🇯🇵 2023 Top Imported Films (¥1.0B Grossers),"Source: 
https://forums.boxofficetheory.com/topic/3478-japan-box-office-demon-slayer-breaks-all-time-record-for-ow/page/1127/#comments",2023-08-31T07:51:10,9,2,https://i.redd.it/nmu7wp5mielb1.jpg,Spider-Man: Across the Spider-Verse,Spider-Man: Across the Spider-Verse
166rcmx,boxoffice,"Summer Box Office 2023: ‘Barbenheimer’ Brought Audiences Back, Fueling $4 Billion Season, But Uncertainty Around Strikes Could Capsize 2024 (An insider predicts with doom and gloom: “The spring movies will wind up becoming the summer movies next year.”)",,2023-08-31T23:55:55,17,0,https://deadline.com/2023/08/summer-2023-box-office-barbie-oppenheimer-strike-1235532620/,Barbie,Barbie
14n8m6r,TrueFilm,We watched the whole Vatican Film List," Posting this for those here who are Catholic or interested in Catholic cinema.

[https://youtu.be/piUnrZhhb3Y](https://youtu.be/piUnrZhhb3Y)

Since starting Criteria: The Catholic Film Podcast in May 2020, we’ve been hosting in-depth discussions of movies from the Vatican’s 1995 list of important films. Now, after three years, we’ve finished discussing all 45 films—and in this episode we’re taking a look back at the list as a whole.

After discussing how and why the Vatican film list (actually titled “Some Important Films”) was made, and putting it in the context of several decades of concern from the highest levels of the Vatican about the social and moral influence of cinema, we talk about our favorite and least favorite films on the Vatican’s list, as well as the movies we think should be added in a hypothetical future update of the list.

Ultimately, watching through the entire Vatican film list is not only an education in the classics of world cinema, but also gives important perspective on the strengths and weaknesses of past cinematic engagement with religion, allowing us to see both the potential fruit that could be borne and the dead ends that should be avoided in the Catholic cinema of the future.

Oh, and here's the actual list, with links to our individual discussions.

**Religion**

* [Andrei Rublev,](https://www.catholicculture.org/commentary/sanctification-icon-painter-andrei-rublev-1966/) Andrei Tarkovsky (1969, USSR)
* [The Mission](https://www.catholicculture.org/commentary/mission-1986/), Roland Joffé (1986, UK)
* [The Passion of Joan of Arc](https://www.catholicculture.org/commentary/passion-joan-arc-1928/), Carl T. Dreyer (1928, France)
* [Vie et passion du Christ](https://www.catholicculture.org/commentary/vie-et-passion-du-christ-1903/) (Life and Passion of Christ), Ferdinand Zecca and Lucien Nonguet (1905, France)
* [The Flowers of St. Francis](https://www.catholicculture.org/commentary/flowers-st-francis-1950/), Roberto Rossellini (1950, Italy)
* [The Gospel According to Matthew](https://www.catholicculture.org/commentary/pasolinis-gospel-according-to-matthew-1964-w-heather-king/), Pier Paolo Pasolini (1964, France/Italy)
* [Thérèse](https://www.catholicculture.org/commentary/therese-1986-and-what-makes-good-saint-film/), Alain Cavalier (1986, France)
* [Ordet](https://www.catholicculture.org/commentary/ordet-word-1955/) (The Word), Carl T. Dreyer (1955, Denmark)
* [The Sacrifice](https://www.catholicculture.org/commentary/sacrifice-1986/), Andrei Tarkowsky (1986, Sweden/UK/France)
* [Francesco](https://www.catholicculture.org/commentary/stripping-st-francis-francesco-1989/), Liliana Cavani (1989, Italy/Germany)
* [Ben-Hur](https://www.catholicculture.org/commentary/ben-hur-1959-w-elizabeth-lev/), William Wyler (1959, USA)
* [Babette’s Feast](https://www.catholicculture.org/commentary/babettes-feast-1987/), Gabriel Axel (1987, Denmark)
* [Nazarín](https://www.catholicculture.org/commentary/anti-clerical-cinema-nazarin-1959/), Luis Buñuel (1958, Mexico)
* [Monsieur Vincent](https://www.catholicculture.org/commentary/drama-holiness-monsieur-vincent-1948-w-steven-greydanus/), Maurice Cloche (1947, France)
* [A Man for All Seasons](https://www.catholicculture.org/commentary/man-for-all-seasons-1966/), Fred Zinnemann (1966, UK)

**Values**

* [Gandhi](https://www.catholicculture.org/commentary/patron-saint-boomers-gandhi-1982/), Richard Attenborough (1982, UK/USA/India)
* [Intolerance](https://www.catholicculture.org/commentary/intolerance-1916/), D. W. Griffith (1916, USA)
* [Dekalog](https://www.youtube.com/playlist?list=PL-tePYzIXOsS-8OlNPxFDrtYUItOd-ZXb) (The Decalogue), Krzysztof Kieslowski (1987, Poland)
* [Au Revoir, Les Enfants](https://www.catholicculture.org/commentary/au-revoir-les-enfants-1987/) (Goodbye, Children), Louis Malle (1987, France)
* [Dersu Uzala](https://www.catholicculture.org/commentary/wild-courtesy-dersu-uzala-1975/), Akira Kurosawa (1974, Japan)
* [The Tree of Wooden Clogs](https://www.catholicculture.org/commentary/whisper-generations-tree-wooden-clogs-1978/), Ermanno Olmi (1978, Italy/France)
* [Rome, Open City](https://www.catholicculture.org/commentary/rome-open-city-1945-w-elizabeth-lev/), Roberto Rossellini (1946, Italy)
* [Wild Strawberries](https://www.catholicculture.org/commentary/wild-strawberries-1957/), Ingmar Bergman (1957, Sweden)
* [The Seventh Seal](https://www.catholicculture.org/commentary/seventh-seal-1957/), Ingmar Bergman (1957, Sweden)
* [Chariots of Fire](https://www.catholicculture.org/commentary/amateur-spirit-chariots-fire-1981/), Hugh Hudson (1981, UK)
* [Bicycle Thieves](https://www.catholicculture.org/commentary/poverty-and-trust-bicycle-thieves-1948/), Vittorio de Sica (1948, Italy)
* [It’s a Wonderful Life](https://www.catholicculture.org/commentary/its-wonderful-life-1946-w-patrick-coffin/), Frank Capra (1946, USA)
* [Schindler’s List](https://www.catholicculture.org/commentary/can-holocaust-film-offer-hope-schindlers-list-1993/), Steven Spielberg (1993, USA)
* [On the Waterfront](https://www.catholicculture.org/commentary/on-waterfront-1954/), Elia Kazan (1954, USA)
* [The Burmese Harp](https://www.catholicculture.org/commentary/natural-piety-burmese-harp-1956/), Kon Ichikawa (1956, Japan)

**Art**

* [2001: A Space Odyssey](https://www.catholicculture.org/commentary/2001-space-odyssey-1968/), Stanley Kubrick (1968, UK/USA)
* [La Strada](https://www.catholicculture.org/commentary/holy-fool-la-strada-1954-w-james-matthew-wilson/), Federico Fellini (1954, Italy)
* [Citizen Kane](https://www.catholicculture.org/commentary/citizen-kane-1941/), Orson Welles (1941, USA)
* [Metropolis](https://www.catholicculture.org/commentary/machine-whore-babylon-metropolis-1927/), Fritz Lang (1927, Germany)
* [Modern Times](https://www.catholicculture.org/commentary/charlie-chaplins-modern-times-1936/), Charlie Chaplin (1936, USA)
* [Napoléon](https://www.catholicculture.org/commentary/napoleon-1927/), Abel Gance (1927, Italy)
* [8½](https://www.catholicculture.org/commentary/lust-kills-art-8-12-1963-w-katy-carl/), Federico Fellini (1963, Italy)
* [La Grande Illusion](https://www.catholicculture.org/commentary/la-grande-illusion-1937/), Jean Renoir (1937, France)
* [Nosferatu](https://www.catholicculture.org/commentary/reverence-and-occult-nosferatu-19221979/), F. W. Murnau (1922, Germany)
* [Stagecoach](https://www.catholicculture.org/commentary/stagecoach-1939/), John Ford (1939, USA)
* [The Leopard](https://www.catholicculture.org/commentary/leopard-1963/), Luchino Visconti (1963, Italy/France)
* [Fantasia](https://www.catholicculture.org/commentary/fantasia-1940-w-animator-tim-reckart/) (1940, USA)
* [The Wizard of Oz](https://www.catholicculture.org/commentary/wizard-oz-1939-return-to-oz-1985/), Victor Fleming (1939, USA)
* [The Lavender Hill Mob](https://www.catholicculture.org/commentary/lavender-hill-mob-1951/), Charles Crichton (1951, UK)
* [Little Women](https://www.catholicculture.org/commentary/men-explain-little-women-1933-to-you/), George Cukor (1933, USA)",2023-06-30T18:46:03,15,3,https://www.reddit.com/r/TrueFilm/comments/14n8m6r/we_watched_the_whole_vatican_film_list/,Mission: Impossible – Dead Reckoning Part One,Mission: Impossible – Dead Reckoning Part One
13u90pa,movies,Matt Damon is honestly a on roll right now in terms of putting out one great film after another,"I feel like not enough people talk about this, but I feel like Matt Damon has been putting out one great film after another and not enough people talk about it. Here are some of the films he's been in the past four years:

* **Ford v Ferrari (2019), dir. James Mangold**
* **Stillwater (2021), dir. Tom McCarthy**
* **The Last Duel (2021), dir. Ridley Scott**
* **Air (2023), dir. Ben Affleck**

 His next film is **Oppenheimer**, which is almost guaranteed to range from good to great. I know he's pretty much an established name, but I feel like the strength of his filmography really isn't talked about enough.

Edit: i have no idea why this post pissed off so many of you but aight",2023-05-28T19:36:11,52,74,https://www.reddit.com/r/movies/comments/13u90pa/matt_damon_is_honestly_a_on_roll_right_now_in/,Oppenheimer,Oppenheimer
