id,subreddit,title,selftext,created_utc,score,num_comments,url,movie_primary_label,movie_labels
16udcq9,TrueFilm,Wellerstein (leading historian on nuclear weapons) on Oppenheimer,"https://lareviewofbooks.org/article/fact-fiction-and-the-father-of-the-bomb-on-christopher-nolans-oppenheimer/

Surprised this wasn't linked before. Alex Wellerstein runs NUKEMAP as well as the excellent website https://blog.nuclearsecrecy.com/about-me/ This is a very worthwhile read imo.

The article discusses the ""accuracy"" of Oppenheimer as well as what Nolan was trying to do with the movie and what he achieved.

&gt; When I learned that Nolan was making an Oppenheimer film, the first question that came to mind was: why? None of Nolan’s other films suggested an interest in historical biography, and if anything, the most frequent critique of Nolan is his indifference to deep characterization. Since I have been thinking about J. Robert Oppenheimer for some 20 years, I can certainly understand his allure, but to Nolan? I worried that Oppenheimer’s inner complexity and subtlety, the very thing that historians find interesting about him, would be turned into a simplistic parody (the brilliant scientist, the weeping martyr, the weapons maker, etc.).
&gt;
&gt; And so, upon watching the film, I was impressed by how much Nolan as writer, and Murphy as actor, tried to avoid this particular snare. Murphy’s Oppenheimer exudes tension, intelligence, and, crucially, insecurity. He is not portrayed as a hero, or someone you would want to emulate, or potentially even someone you would like to have dinner with. He is smart, yes, but he’s also a show-off, a know-it-all whose need to be considered “brilliant” by others drives him at times to be impressive, cruel, and thoughtless. It is remarkable that Nolan and Murphy went in this direction. One gets the sense that Nolan thinks Oppenheimer is important, and interesting, but not that he likes Oppenheimer. This may have helped him avoid the most seductive trap of all: trying to make Oppenheimer a relatable everyman.

...

&gt; When Secretary of Commerce Henry Wallace met Oppenheimer a few months after the end of World War II, he described a man in great distress. “I never saw a man in such an extremely nervous state as Oppenheimer,” Wallace wrote in his diary. “He seemed to feel that the destruction of the entire human race was imminent. […] The guilt consciousness of the atomic bomb scientists is one of the most astounding things I have ever seen.” (The result of this meeting was Wallace’s arranging of Oppenheimer’s disastrous encounter with Truman in the Oval Office.) Oppenheimer was, at this point, desperately trying to advocate for a world in which no nation would have nuclear weapons, using the horrors of Hiroshima and Nagasaki, and the nascent plans for even worse weapons, as an impetus for remaking the entire nature of war and international relations. He did not succeed; we live in his worst nightmare, where multiple states have civilization-killing quantities of nuclear arms ready for deployment at a moment’s notice.
&gt;
&gt; This harried, eschatological prophet, desperately trying to invoke what influence he has in order to convince the people with real power not to use that power poorly, is the Oppenheimer that Murphy channels, and that Nolan is interested in. I have always thought that Prometheus was the wrong reference point, one that Oppenheimer himself would have strongly rejected. Oppenheimer was no champion of humanity, and his punishment was not for having “stolen fire,” but for more mundane transgressions, including those of the flesh, a fact that Nolan’s film emphasizes. In his Bhagavad Gītā reference, Oppenheimer renders himself as Prince Arjuna, who was cajoled by something great and terrible into taking on a burden he did not want. Even that feels incomplete, for while Oppenheimer was initially willing to go to war, he was afterwards gripped with an intense desire to push things in a different direction. Perhaps we need to invent a new, modern mythology for such a figure; perhaps that is what Nolan is really trying to do. Let’s hope the film will be remembered for this, and not just for its curious juxtaposition with the other summer blockbuster, Greta Gerwig’s (excellent) Barbie.

Wellerstein's article aligns well with a lot of what I felt when I left the theatre, that the film was a lot about Oppenheimer's mix of ""playing a character"" and what he genuinely feels, and fears. When he tells the scientists to keep on building the nuke even after Hitler's death, was he bullshitting, or did he convince even himself that the bomb would end war? I recall the fun conversation towards the start where the guy tells Oppenheimer to ditch the military uniform and ""play the best version of himself""...

This means also that we have yet another movie from Nolan that is secretly about film making...",2023-09-28T11:24:18,205,39,https://www.reddit.com/r/TrueFilm/comments/16udcq9/wellerstein_leading_historian_on_nuclear_weapons/,Oppenheimer,"Barbie, Oppenheimer"
16nv2s5,TrueFilm,Historicity of Biopics,"In the world of film criticism there's a somewhat widespread negative view of the biopic,  that it doesn't work as a narrative form due to the use of events in real people's lives and perspectives as catalysts for drama. I may be straw-manning the argument somewhat, I'm not a film student or anything, but the idea, as I understand it, is that it's inherently disingenuous to either misrepresent a real human being in an artistic manner under the guise of authenticity, or to try and sort of pull the tension out of real life events and frame it under a dramatic lens (or to inject tension that wasn't there into a dramstic retelling of real life events). 

However that criticism hasn't and won't end the form anyway, so while it's thriving I guess it's worth exploring to what degree historical accuracy or the quality of the portrayal of a person impacts how good or bad a biopic is. There's a counterargument to that criticism of the biopic form, which says that if the viewer wanted to see a historically accurate portrayal of a person or event, they should watch a documentary instead of a biopic which inherently is going to be dramatized in some way. I know many who find that if history is massively misrepresented, it detracts from their enjoyment of a film. Others don't care as long as the film is entertaining

Oppenheimer's obviously the man of the moment here. There's quite a wide range of opinions on this movie, though I believe the general consensus is that it was very good. Personally, I loved it. However, a critic of the biopic as a form would probably have hated it. It commits every sin in their book. The most criticized part of the movie by the general audience, was the placement of the quote by which the world knows this man. Nolan chose instead of what others would find amateurish - to place real footage of Oppenheimer saying the quote or recreating him saying it, to use it in a more purposed way. He first introduced it during an incredibly vulnerable moment, and later brought it back at arguably the most definitive moment of Oppenheimer's life. We can say with high confidence that he didn't &gt;!actually read that from the Bhagavad Gita while cheating on his wife, but it's a symbolic portrayal of the kind of man he was and showed the connection he and Jean Tatlock had compared to how he was with his other mistresses!&lt; Even beyond those who find biopics fundamentally flawed, others weren't fans of how certain aspects of the story were glossed over, or they felt it showed him being more impacted by the bombings than he truly was - there're even many who don't really think he regretted them much in truth. If that were the case, the ending doesn't make sense either, and it depicts a &gt;!conversation which of course we can only speculate whether it happened or not at all, let alone with the sentiment and weight that it really had in the movie!&lt;

Anyhow, it seems the average person who saw Oppenheimer enjoyed it, and the same goes for other biopics famed for misrepresenting history - Oliver Stone's JFK and Spike Lee's Malcolm X for instance. These are two incredibly highly acclaimed films, but also ines which are panned for their portrayal of history. In the latter case it's maybe excusable as it was an adaptation of an autiobiography, and a very faithful one at that, so if anything the fault in this case lies with Malcolm X himself. But JFK, as entertaining of a movie as it was, is laughably inaccurate, but somehow even more beloved. In both cases it doesnt seem the audience nor film critics at large really cared about the authenticity or truth factor. 

The question then begs to be asked - where do we draw the line between biopics and historical fiction/fantasy? If we are to understand that both forms are distinct from documentaries in their responsibility to the truth, then what differentiates them from one another? What separates a movie like Braveheart or Amadeus from a movie like JFK or Oppenheimer,, if they're both so rife with historical inaccuracy and aren't expected not to be? My feeling is that there isn't a strong distinction, I don't feel betrayed when I find out something I saw in a movie about history wasn't true, and that doesn't affect how I view the film. And conversely (though I don't think many would agree with me on this one), I don't feel better about a movie upon learning that it was extremely accurate. I thought All the President's Men, for instance, was very good. But when I heard everyone raving about how stringently accurate it was even to many minor details within the facts, it didn't change how I viewed the film much. I mean, I respected it in a different way, but my enjoyment wasn't affected whatsoever. However I know for many that aspect would've compounded how they felt about it, or if they didn't enjoy the movie it would've maybe improved their view of it anyhow.

How does this sub feel about this topic?",2023-09-20T20:08:32,5,5,https://www.reddit.com/r/TrueFilm/comments/16nv2s5/historicity_of_biopics/,Oppenheimer,Oppenheimer
16mxke3,TrueFilm,Oppenheimer - A Soundtrack In Analysis," Composed of 24 tracks, Ludwig Göransson’s Oppenheimer soundtrack is a quite fascinating and amazingly made work of art. Apart from its incredible technical execution, it offers a wide range of themes, emotions and characterization.

One thing you may notice about the first third of the soundtrack is that it’s very much reminiscent of a first act in a narrative, as it’s composed of introductory themes of the movie’s characters, much like the first act introduces the characters themselves. It establishes the themes for Julius Oppenheimer (yes, I’m calling him that), Lewis Strauss, Jean Tatlock, Kitty Oppenheimer, Leslie Groves and the Manhattan Project/Los Alamos.

Fission begins in a calm, peaceful, yet unnerving manner. During an atmospheric, continuous violin and brass (akin to a live recording of an orchestra warming up) section the track begins to find its footing with the harp gently sliding in. It plays the two note Oppenheimer motif, which will be repeated by it a couple more times in the track and the overall score , but will mostly be heavily reprised by strings to a really melancholic effect, and synths to multiple emotional responses. To be sure, the strings themselves do take over here after a while and maintain the two-note theme. It moves smoothly and gallantly, like the glissando it is. This peaceful, but eerie part slowly descends into straight up horror as the violins begin resembling raid sirens. It’s the consequences motif. Snyths enter the audio space soon after, and after the violin fades into the background, they continue playing in two different keys and tempos. This is what I like to call the ‘tortured genius’ mini-motif. As it gets stronger, the classic two-note by the violin gently reappears in its typical harrowing fashion, and soon this incredibly powerful piece ends. The movie version splits it in three, the first part additionally employing the feet stomping sounds to build up a powerful crescendo complimenting the monumental imagery of the opening scene.

Can You Hear The Music, the second Oppenheimer theme is an introduction of another facet of the character. In Fission, we could hear the promise of a tale of a tortured genius; the premise was on display. But Göransson and Nolan did not hesitate to put the passionate intellectual at the front either. Regardless of its alleged 21 tempo changes, the song really does shift gears a good couple of times, which, aside from sounding really cool and pleasing I believe is meant to signify Julius’ mind entering new levels of understanding as he does indeed hear “the music” and comprehends physics better. The two-note motif is sounded again, but this time it is unabashedly joyful, passionate and expressed by synths. We’re capable of feeling the same wonder and awe Oppenheimer felt when “getting” science and physics, and it all masterfully conveyed by Göransson and his team.

A Lowly Shoe Salesman serves as a musical introduction to Lewis Strauss. Led by strings and a harp - two instruments very emblematic of the movie’s auditory structure overall - this piece starts off quite serene and peaceful, only to hit less positive notes, especially when the strings play the main two-note leitmotif for Strauss. The character’s lack of self-confidence, his insecurity, and his issues with self-images are communicated remarkably well through Goransson’s score. The theme descends into somber, and even bordering on menacing territory as we see Strauss get slighted and treated a bit unseriously by Oppenheimer. All in all, this is probably the most sympathetic the movie and the music treat Lewis.

Quantum Mechanics I have not much to say about, both the science field and the track itself. It’s just basically Can You Hear The Music, but slowed down and with some additional instruments. Sure, it’s meant to work in accordance with Oppenheimer laying the knowledge he’s learned over the years out to the students, as the previously frenetic and rapid melody takes on a far more gentle and restrained approach, as you’d think a professor would when explaining complex matters to his understudies.

Gravity Swallows Light introduces the little “consequences” theme very deftly, to later have it drowned out with the siren violins and some additional synth touches. Once it ceases, the theme continues in an organic fashion. Its use in the movie is curious, because it also plays in scenes with Jean Tatlock, or at least the first one. Well, in fact Jean IS a consequence of Robert’s urges and carelessness. The theme later switches into higher gear, synths and traditional orchestra working very well together. It is as much an expression of Oppenheimer’s admiration for the stars and the inner workings of the universe as it is an expression of his passion for Jean.

Meeting Kitty was surely a great moment in Julius’ life, and it is one musically. The piano and violins showcase the lady's unhappy, unfulfilled, but undeniably steadfast soul. And also the joy of her and Robert's time together. This is quickly cut short by the somber melody of Robert leaving Jean (the harp is heard again). The final piece ominously describes the first communist allegations against the main character.

Groves - a serious, yet undeniably positive theme, describing General Leslie Groves with accuracy. There is antagonism there, but also good intentions. The theme shall return in even more grim pieces as a ray of hope, given Groves becoming Oppenheimer's ally later on.

Manhattan Project - the first dozen seconds really describe what is happening at that point in the movie: scientists from around America and the world banding together to build a horrifying weapon of mass destruction. At 0:28 the Los Alamos theme slides gently, and the rhythm steadily builds up to the new opening at 0:43, where two sirens blare eerily, representing the Manhattan Project theme in its full glory. The creepy background Hans Zimmer-esque electronic wailing in the background only adds to the implicit horror of the scene in the actual movie. Violins speak again as ticking leads up to another buildup and release in 1:11. Now, three themes are playing, with the Los Alamos motif gently using ticking and strings to set the rhythm, Kitty theme leading the melody, and Manhattan Project creating some background support. This more or less continues until the end, and the wailing violins close the track before the 3rd minute rings.

The second third of the soundtrack again functions like a narrative; the musical themes for the Manhattan Project, Kitty, Julius and Lewis find their development like the plot in the “rising action” section.

American Prometheus. A joint development of Fission and Can You Hear The Music. Strings play in a more confident, but ultimately still subdued way, as the lead, harrowing two-note is supported by background violins. J.R. is trying to find himself as a scientist in the military world, but ends up trying to be both. So Isidor Rabi tells him to “be himself, but better”, and Oppenheimer suits up in his trademark outfit. The score picks up on this as the synths and tempo-shifting strings enter the audio plane, marking Robert’s return “to the form”. He’s now back in his element, though as the final, once again subdued section suggests, he will forever be changed by it.

Atmospheric Ignition. This one was very hard to properly analyze on album, and on my second viewing of the film I found out why. The piece was explicitly put together in the album. The second half, which is the ominous four note thumping, relates to the atmospheric ignition theory Oppenheimer and Einstein discuss. The first, which is mostly strings and synths playing in a subdued but eerie manner, plays during Teller's H-Bomb proposal, intro to Strauss' H-Bomb miniarc and the meeting between Julius and President Harry Truman. And both parts work well for the scenes they're in, but end up quite jarring in the album.

Los Alamos. Now that the town has been established, it's time for the authorities to take reigns. And the top dog in LAS was Oppenheimer. It's no wonder, then, that as Strauss describes J. R. as the town's sheriff in the scene the score accompanies, the Los Alamos theme gives off law, or even military-like vibes. With the scene cutting to Julius and Kitty entering LAS the score blares the Kitty, Los Alamos and Manhattan Project themes in a masterful trio once again, and one really gets the feeling of the scene: the town's scientist sheriff has moved in with his wife to build a weapon of mass destruction.

Fusion revives Strauss’ theme in a more grim and serious fashion. The rhythm is punctuated by the strings, which use the bows hitting the actual strings to simulate drums, a brilliant move by Goransson. The violins and the harp perform the 9 note motif from A Lowly Shoe Salesman both alternately and simultaneously. This continues with some new string sections entering at 0:55 well until 1:30, when the harp, still carrying the 9 note, is joined by incredibly atmospheric cellos, that segway with the two note theme in a truly malicious manner. The two notes engulf the entire song, as new instruments, including some woodwinds and the bows hitting the strings, slowly enter the picture. 2:24 has the fiddles continue the buildup, with the lower notes going only through the woodwinds. 3:08 marks a sound blast as the orchestra blares fully, with the woodwinds yelling the two notes alarmingly as the score achieves thematic and auditory perfection. After this ecstatic release the theme slows down and only the bow-punctuated cellos drive it to its end. The scene accompanying this track in the movie is made all the better by it.

Colonel Pash might quite possibly be the creepiest fella in the entire movie, and his theme shares the honor of being the creepiest piece of music. Though, in all honesty, the lead in this song is the main Oppenheimer theme, once again. The two-note. Except it’s very distorted and fearful. And it’s easy to mistake it for the actual Pash theme, which key is much lower, but still ominous. The leitmotifs overlap and play in tandem. The overall tempo and instrumental layout of the truck adds a kind of a Russian feel to it, which is all the fitting considering Pash’s origin. A short interlude in the middle soon loops us back to the reprise of the first part at 3:03, with some additional ticking. The Oppenheimer-Jean theme makes a reappearance at the very end. 

Theorists have horrifying imaginings, as Oppenheimer himself says. And now they have to imagine dropping the nukes on Japan, as the Germans surrender. This is worse than anything else for Oppenheimer, and his paranoically strained theme in the opening conveys this to a tee. Then, it segways into a more familiar territory with the piano, the synths and the strings. And then we hear The Music Again. It's more distorted, though, because now we're really using the wonders of science to destroy lives. The tense and unsure vibe of the song blends wonderfully with the still upbeat tones of Can You Hear The Music.

Ground Zero is basically a track unlike any other. It introduces the atomic bomb theme and that is mostly it. The fact that it uses a range of electronics different from what we’re able to hear in other parts of the score makes it all the more unique. You really get the feeling the Manhattan Project crew is in the final phase of their project. The Kitty theme makes a short reappearance when Oppenheimer tells his wife about the sheets in case they succeed.

Trinity provides another unique theme… for the test itself, that is. The strings play without a moment of pause for 5 minutes or so, the only support being occasional bell rings and a trombone insert, which has the Oppenheimer two note theme performed in its arguably most tense and impressive fashion yet. The tension ramps up as the strings enter higher pitches and faster tempos until a critical point is reached. The subsequent millisecond of silence (which in the movie was a minute or so) is immediately interrupted as Fission makes a fluid reprisal. The Groves theme slides in later with extreme grace as it plays in tandem with Oppenheimer’s harrowing strings; at this point both men know a new era has begun. It is nothing short of admirable how well triumph and eeriness overlap in this final section of the piece, perfectly expressing the terror and hope that nuclear weapons’ creation represented.

The final third of the score finishes the story of sounds like a proper third act, concluding the musical themes introduced and developed early on, bringing forth their final, evolved form.

What We Have Done is a harrowing re-examination of Gravity Swallows Light, with a touch of Lacrimosa thrown in due to its tempo. The slow, pensive and thoughtful increase in the music’s intensity drops down a bit with synthesizers slowly helping in the background from 2:09 to 3:22, and the buildup picks up from there to erupt violently in a cacophony at 4:09 to gradually melt into the consequences/Jean theme. The music works wonders for the speech scene it was used in tandem with. The eerie, grotesque, sorrowful tones fit it to a tee. The synth version of the two notes for the first time cries out in pain at 5:15, a truly heartwrenching sound; the sound of a defeated genius, of a defeated man.

Power Stays In The Shadows, and so did the song's purpose for some time in my eyes. While it did of course play to the quote-related Strauss scene, on my second viewing I heard it clearly during Jean's ""death"" and Robert's reaction. Because this piece is as much Strauss's victory as it is Oppenheimer's failure. Even if the harp, the leading instrument, is skewed towards Lewis rather than Julius. But the theme itself is LS through and through, now revealing the third facet of the character: in A Lowly Shoe Salesman we met Strauss the wronged and insecure old hand, in Fusion we met Strauss the angry opponent, here, we meet Strauss the hateful schemer. Especially the strings convey this, performing the two note in a mischievously malicious manner, playing it unbroken so it feels more like a glissando than anything. The tones of Oppenheimer’s defeat sound again at 2:20, and the harrowing violin appears in a couple more ways until the end. The music descends into straight up gloom in its final minute, you really get the end times vibe as judgement hangs above Julius’ head.

The Trial. This track first plays - or at least its opening notes do - in a hybrid between it and Fusion after the terror-speech-vision scene in Los Alamos as Strauss explains Oppenheimer’s political tactics post 1945 and the fate of his would-be-communist former friends. The whole theme alternates between its own mood, Strauss’ and Oppenheimer’s, as different instruments and rhythms belonging to each party overlap and intertwine gracefully, flawlessly carrying the interrogation mode, which is basically the best way to describe the scene in the actual movie. The mood changes in 1:29 and quiets down to Oppenheimer’s peaceful synths at 1:57, then regains its strong foothold in 2:57 as the Strauss bow hits go in hard in tango with Oppenheimer’s violin. The regular trial theme swings back in 3:21, then we go back to the previous “battle” mode, synths taking over the equation completely with strings doing the rest of the groundwork. And then they segway into the last minute’s particularly grim build up.

Dr. Hill changes the game completely, sound and plot wise. This feeling of novelty, of the tide turning is carried by the piano, the harp and the strings. The Oppenheimer theme can be heard too, with the synths quietly murmuring in the backdrop. The strings intensify from 1:07 on, as the piano carries over strong. Then the synths explicitly switch to Hill’s theme as he spells out Strauss’ undoing in the movie through comprehensive and clear testimony. A more peaceful section takes the charge at 2:19, clearly belonging to Oppenheimer again. A more uneasy vibe enters as General Groves testifies for Julius losing his security clearance, and the somber violins and piano ring again. Something has been lost. Thankfully, Groves completes his testimony with the reassurance that JR is no communist, and so Groves’ theme closes the piece as Oppenheimer’s ally brings him closer to “victory”.

Kitty Comes To Testify, and man oh man, what a scene (and scenes) and a song that is. The subdued, slow piano drives the melody at first, as Kitty answers the questions. And from then on, it’s all just rising. Ms. Oppenheimer gains more and more strength over her interlocutors/interrogators through her quick wits and solid logic, with the tunes reflecting that perfectly well. Even without the movie in front of you, you can basically HEAR the story in there. A truly beautiful conclusion to a character that was done justice, a shame that only in the last third of the movie. The theme slows down as Oppenheimer and Einstein discuss the possible abandonment of America due to its treatment of the former. Once again, the emotion is palpable, as you feel the electronics pondering together with the main character. But Julius Oppenheimer refuses to leave America, to reject her, he loves her too much. And that statement is Oppenheimer’s final step towards victory. At 3:13 the two note synth clamors in relief; the main character has “prevailed” in a sense. Then it goes quiet as soon as it sounded, angry bow strings barging like Strauss barging in and melting down in defeat. Yes, ladies and gentlemen, this is THE scene. There is a tangible denial in the strings, as if Strauss was pouring his thoughts into the music, as if the tones themselves couldn’t believe he was somehow one-upped by a member of Oppenheimer’s “clique”. The denial quickly shifts into brewing fury between 3:48 and 3:52, and a couple more seconds later the malicious two note theme is heard. The harp is heard in the background, the wailing violins return with a vengeance, and even the foot stomping - the foot stomping - makes an actual appearance in the score as the build up accompanies Strauss melting down in rage and Roger Robb launching one final attack on Oppenheimer until the scientist utters his final wham line and the music ceases.

Something More Important was initially a track I couldn’t easily understand due to a lack of clear thematic point introduced earlier it was basing itself off of; then, thankfully, I found some similarities with Jean’s theme, which of course turned out to be in fact the consequences theme in the end. All in all, a perfectly fine bookends theme.

Destroyer of Worlds. The final aspect of Oppenheimer’s theme is introduced through the harp, as it plays in succeeding three notes, sometimes slipping into fours. This very sad but peaceful auditory scene is soon joined by the violin, which, of course, plays the harrowing two notes a couple of times. The two-note synth then takes over, flooding the track with an ominous, suspenseful tone - it’s Can You Hear The Music, except I Can’t Hear The Music. Not Anymore. Now I hear, now he hears, the trumpets of apocalypse. As the music once again accelerates rapidly, the main character is again realizing something - but the conclusion is rather depressing as J. Robert Oppenheimer envisions a nuclear arms race eventually ending in a firestorm that ignites the worlds and burns it. Everything is here. Fear, paranoia, anger, self-loathing, despair, pain, shame, resignation, fright, melancholy, panic. And then… Silence.

Oppenheimer. The synthesis. Once again, everything is here. The peaceful three-note synths, the harrowing two-note violins, the two-note synths. It is the ultimate description of the man himself, Julius Robert Oppenheimer. The film has concluded its plot and its final musical theme. And now it is time for me to conclude this analysis. Thank you very much for reading this far!",2023-09-19T17:49:43,65,5,https://www.reddit.com/r/TrueFilm/comments/16mxke3/oppenheimer_a_soundtrack_in_analysis/,Oppenheimer,Oppenheimer
16bxho1,TrueFilm,In Defense of Christopher Nolan's Sound Mixing,"So I posted this on r/movies and it was taken down for reasons I don't understand. Also the feedback I received before the mods removed it...was not as thoughtful as I was hoping for (shocking, I know). Anyways, I'm genuinely interested in hearing what people think about this, sorry if there's Nolan fatigue out there.

&amp;#x200B;

\*Disclaimer--I have spent the last 15-20 years actively trying not to devolve into a raving Nolan-fanboy, but *Oppenheimer* kinda screwed that up for me. Have you tried the Koolaid? It's delicious!

Hey there all you feature creatures.

I love Nolan's filmography but I also totally understand why his movies aren't for everyone. Distinctive filmmakers tend to have a bag of tricks they repeatedly draw upon, and Nolan is no different; I'm thinking of ""on the nose"" dialogue/metaphors, non-linear and spiraling narratives (with mixed success), and the occasionally clunky set-up/pay-off. A lot of his films' flaws sit right on the surface and I get it if some people get hung up on them. People like different things.

However there is one common critique of his style that I want to push back against: Nolan mixes the dialogue in his movies too low, it makes people hard to understand, and it is a detriment to his films.

I acknowledge there is some truth to this. He mixes the dialogue low and the sfx &amp; score high. I am not pretending he doesn't. But this is part of why I *absolutely love* going to see his movies on the big screen and I wish there were more filmmakers that shared his philosophy.

Nolan has repeatedly gushed over Stanley Kubrick (and *2001* in particular), yet despite this much of Nolan's approach seems antithetical to Kubrick's distant, objective (cold?) style and fondness for long takes and manicured framing. Where Kubrick's influence can be seen is in the shared philosophy that movies are not meant to be a story told through scenes with the occasional cinematic flair, movies are meant to be an orgy for the senses.

Ok...what am I talking about. So there was a lot of ""go see *Oppenheimer* on the big screen!"", meanwhile it was a three hour talky biopic. Why on Earth would that film be ""an essential IMAX experience""? &gt;!(I think a lot of people who bought into this idea did so because they thought the Trinity test explosion was going to be totally goober-nuts and this is why some people were disappointed) !&lt;The reason I thought it was totally worthy of IMAX has more to do with Nolan's overall approach to film making than the vfx or any one sequence; films are just as much an aural art form as they are a visual one, and imho the effect of loud, overpowering audio affects an audience member more powerfully than almost any visuals can.

A (totally non-spoiler) example: Robert Downey Jr sitting at a dinner table holds up a piece of filter paper and there is a cut to some people walking across a college football field. None of that sounds particularly compelling, but for me it was one of the most memorable cuts in the whole fucking movie! A lot of the power/intensity comes from good storytelling and that we as the audience understand the urgency being conveyed through the context around the scene, but what really accents the cut is how the music **slams** from the background to the foreground as the cut is made. And the overall sound mix of quiet dialogue/loud effects &amp; score absolutely enhances this effect.

Another two examples of the effectiveness of this technique can be heard in certain lines being mixed louder than the rest of the dialogue: &gt;!when Oppenheimer is surveying the test site with Groves and they are naming it, Oppie says ""Batter my heart three-person'd God...Trinity."" That boost on the final word gave me shivers!!&lt; The other example is &gt;!at the end of the film when Oppenheimer is being cross examined and the scene gets bathed in overpowering white light (as if from an atomic explosion) and the exchange is (something like) ""If we developed a hydrogen bomb, the Russians would have to follow us just like they did with the atomic bomb"" and Robb repeats Oppy and punctuates it with an  ""Exactly!"" then the dialogue returns to normal volumes. Combined with the lighting, the music, the claustrophobic camera work!&lt;...truly powerful stuff!

Nolan's approach is not perfect. Loud movies aren't for everyone. It's a pain in the ass to try and watch these movies in an apartment with thin walls (subtitles are a must). If you aren't tuned to the soundscape, a lot of the dialogue in a complex story gets washed out and can leave you lost. It is not a ""wide net"" approach. But it's so worth it for sequences like the one in *Interstellar* &gt;!when Cooper says goodbye to Murph and drives away in his truck and Hans Zimmer blows the roof off the place.!&lt;

TL;DR Nolan's sound mixing adds to the power of his films and is not a detriment or flaw.",2023-09-06T21:59:16,6,75,https://www.reddit.com/r/TrueFilm/comments/16bxho1/in_defense_of_christopher_nolans_sound_mixing/,Oppenheimer,Oppenheimer
16a7ymz,TrueFilm,"On the stereotypes in Barbie (2023), the contradiction of the film in alleviating stereotype","I'm sure many of you are aware of the viral trend “Barbenheimer” and you might have already watched both instances. The article aims to elucidate some of my observations after viewing “Barbie,” not Oppenheimer as the Nolan pieces are notoriously difficult to deconstruct, and I'm conscious of my incompetence in commenting on them. As readers, you might already be wondering why am I discussing a trend that is waning?

Admittedly, I was hesitant to watch “Barbie” after hearing certain critiques and subsequently forming a negative impression about it. The fact that I prejudged an idea without examining it firsthand, as was the case with watching “Barbie” myself, is regrettable. Thus, I am grateful for the opportunity that allowed me to chance upon watching it and reshaping my perspectives.

The purpose of this essay is to delve into one of the central themes in “Barbie,” namely stereotypes, and to illustrate the performative contradiction presented in the film.It is not to criticize and label the film, as such actions can inadvertently contribute to the creation of stereotypes and impressions.

It is evident that the film “Barbie” attempts to address the theme of stereotypes as seen in the choice of the protagonist, Stereotype Barbie. However, following my viewing of the movie, I argue that while it aimed to challenge stereotypes, it fell short of providing a comprehensive depiction and, paradoxically, contributed to the construction of additional stereotypes.

Spoiler alert! The story commences with the stereotypical Barbie waking up and beginning her day in Barbieland. Here the film presents typical cliché impressions of the Barbie world: everywhere is adorned in pink, as if it were the favored color shared by all girls. Ken, another protagonist, attempts to capture Barbie's attention portraying it as the innate nature of men.

The story reaches its climax when Barbie plans to take over Kenland. Sasha's mother rants and raves on the unrealistic social expectation placed on her which inspires brainwashed Barbies and prompts them to awaken from subordination.

The film highlighted the set of stereotypes imposed on females by society. It suggested, through the advancement of the plot and the element of self-reflexivity, that females should awaken and combat it after the recognition of the absurdity of the set of rules.


However, the very motion to subvert fabricated stereotypes in the film inevitably generates another impression among the audience which is characterized by “Wokeism” where individuals are alert to prejudice and discrimination among different groups, in this case between different genders.

Moreover, several aspects of the film served to subtly reinforce existing stereotypes, particularly if audiences are unaware of it. For instance, the film shapes a wise image of Ruth Handler, the woman who advised Barbie at last and it aligns with the generalized stereotype of a wise individual: aged, wrinkled and white-haired. Another example is the casting choice and the use of cosmetics, with each character presented to appeal to the audiences. Even the “Weird Barbie” was dressed up beautifully as opposed to the ugly narration in the film. This contrast aims to appeal to the audiences for reaching emotional congruence.

It is inevitable that information becomes distorted, reduced and reinterpreted through media transmission. As said in media ecology, ""the medium is the message"". It is impossible to faithfully present the whole picture without distortion. The idea put forward in Barbie in the form of a movie is altered when viewed in the lens of the medium itself, namely movie. The underlying predicament lies in “Barbie” intending to subvert stereotypes within a media where stereotypes are inherently created.

I would reiterate my intention again not to condemn the film in its whole. In fact I found many details of the film intriguing, such as the use of color scheme to achieve visual harmony and elicit matching emotions. My aim is to offer an alternate analytical approach to comprehending the film and fostering critical discussions.",2023-09-04T23:38:39,0,14,https://www.reddit.com/r/TrueFilm/comments/16a7ymz/on_the_stereotypes_in_barbie_2023_the/,Oppenheimer,"Barbie, Oppenheimer"
166ort5,TrueFilm,Movies with simplistic situations and executions that end up saying a great deal,"""A small subject can provide the pretext for many profound combinations.""-Robert Bresson, Notes on the Cinematograph.""

That quote came to me when I recently saw To the Ends of the Earth, a 2019 film from Kiyoshi Kurosawa, most famous for the horror films Cure and Pulse. It's a basic plot about a young Japanese woman who's the host of a travel variety show, filming her latest episode in the Eurasian country of Uzbekistan. It's about as simple and basic a movie as they come, and the story and execution don't stray far from that simplicity. There's no criminals or terrorists after our gang (just 4-5 characters at a time), the filmmaking doesn't try to make the situations more exciting than they are, and aside from one brief sequence of ambiguity, the movie is rooted firmly in the real world. And yet, it doesn't stop the film from having a resonance with the viewer that says so much in it's simplicity. Ideas of art, of culture, of homogeneity, of trust, of feeling out of place, of seeking a true passion, they're all in play in the film. Not talked about explicitly, and not even at the center of the movie, but instead touched on with subtlety and grace. It leaves you, the viewer to extrapolate that information and to make your own inferences. In other words, it encapsulates that quote from Robert Bresson perfectly.

Bresson was not the first to conform to this ethos, and Kiyoshi Kurosawa will not be the last. And so, spurred on by these two masters of simplicity, I made a list of movies that encapsulate that same ethos: simplistic stories and execution, maximum thematic effect. Counting the movie I already mentioned, it includes the likes of Four Nights of a Dreamer, Good Morning, 12 Angry Men, Whisper of the Heart, They All Laughed, Ritual, Skinamarink, Rope, Targets, and Rear Window, among others.

Now, this is FAR from a comprehensive list, obviously. And while it's easy to flood the list with not just Bresson, but Ozu and the like, I'd like to highlight as many different directors as possible. So please, send recommendations my way and let's see how many movies do something similar. But first, a note on certain movies.

I was very reluctant to put Targets and the two Hitchcock movies on here, because those have inherently dramatic and exciting situations involving murder. The reason I left them in is twofold: one, the murders happen on a relatively small scale, involving just one or two preparators doing it in a realistic manner with few victims (just one in the case of the Hitchcock flicks). Two, the execution (no pun intended) of the filmmaking is relatively simple and unobtrusive. Yes, even the long takes of Rope are done in an attempt to immerse the audience and not to have them think about the filmmaking on display (whether it actually succeeds is a different matter).

Then there's movies like Ritual, with moments of strange angles, sound design, and surrealism, and Skinamarink, which is JUST strange angles, sound design, and surrealism. Even I must admit that they're a bit out there in terms of what I'm looking for. But ultimately, it's the ultra simplistic subject matter that makes them count for me: Ritual is about a dude and a chick who bond, Skinamarink is about two kids stuck in a house with a monster. And often times that craft is frequently about stripping the image and the story bare, whether it's the many long takes in Ritual or the frequent use of askew angles in Skinamarink. While stylistically they can be pretty out there, that same craft in conjunction with a simple story still embody the quote: they provide the pretext for many profound combinations.

At the end of the day, however, my ideal of the quote lies wit the likes of Bresson in movies like 4 Night of a Dreamer, with Ozu in movies like Good Morning, and of course, Kiyoshi Kurosawa in movies like To the Ends of the Earth. Basically, some movies encapsulate the ethos completely, while others are more in the spirit of the ethos. In a current movie landscape that celebrates maximalism with Oppenheimer, Barbie, and Everything Everywhere All At Once (nothing wrong with that, I celebrate them too), what other movies seemingly do little but actually end up saying a lot?",2023-08-31T22:11:24,97,34,https://www.reddit.com/r/TrueFilm/comments/166ort5/movies_with_simplistic_situations_and_executions/,Oppenheimer,"Barbie, Oppenheimer"
15ozx7i,TrueFilm,Thoughts about the Oppenheimer Screenplay and its Sorkin Approach,"My Take is that the Sorkin Approach Works very well in the Biofilm in which a titular character has underlying complexities to it, so a parallel two three side tracks which add on to that main character works well. I am sure a straight track might function just as good but parallel tracks to me feel like the movie is trying to embody the different nature and characteristics of the titular character (here Oppenheimer), It's not easy to embody the same thing in a straight track because of sensitivity regarding the possible disconnect, the screenplay needs to be tweaked ever so slightly without getting it overdone 

The cuts were done very well and reminiscent of the social network; however, I felt the transition between the parallel tracks was NOT in perfect sync, especially in the first half. The second half was a lot better in handling the transitions. Once again, I want to articulate how the Sorkin approach to storytelling helped immensely here as It kind of gives the movie kind of rush feeling where the cuts are complemented by the dialogue, and scenes just keeps building on the last one 

The Characters  for me was largely well written, especially the few people of the manhattan project, Oppenheimer in himself as well as her wife, Nolan, didn't shy away from showing the vulnerability of Oppenheimer; however, we only see that with regards to how he handles his personal life

Lastly, it might be nitpicking for me; however, Nolan gets carried away in the second half with scenes consisting of dialogues a little bit more than required as he was hinging on that to maintain pace. I do feel. However, the actors did really well in selling out the tension, particularly Jason Clark and Robert Drowney Jr. Furthermore I would also say the movie isnt very subtle and doesn't give much time to reflect which could have been a dealbreaker but it worked out so well here like social network   


I also would love to hear about your favorite biopic of yours which essentially didn't have a very sorkin touch but stood out to be a great film. ",2023-08-12T09:21:56,0,10,https://www.reddit.com/r/TrueFilm/comments/15ozx7i/thoughts_about_the_oppenheimer_screenplay_and_its/,Oppenheimer,Oppenheimer
15nwapt,TrueFilm,Where Oppenheimer missed the mark.,"I think Oppenheimer was an okay movie, certainly not bad. However,  I think it could have been alot better. My problems are as followed:

Stakes in the Third Act: The third act felt a bit disconnected, focusing on the nomination hearing and Oppenheimer's potential loss of security clearance. While a line was added about the potential loss of their house, it didn't seem to resonate as strongly. Historical figures like Groves also lost their security clearances, and it wasn't necessarily a career-ending move. Moreover, Oppenheimer's portrayal didn't give me the impression that he was deeply concerned about his public reputation, which made the entire arc feel less impactful.

Character Development: The film could have delved deeper into the personas of key figures. While we are told about Oppenheimer's brilliance, it would have been more effective to see it in action. I was curious about his relationship with Kitty and the reasoning behind certain decisions, such as poisoning his professor. The film had potential avenues for character exploration but seemed to sidestep them.

Technical Details of the Manhattan Project: One aspect I missed was the intricate details of the Manhattan Project. Real-life challenges faced during the creation of the bomb could have provided an engaging narrative. Notable figures like Von Neumann and Feynman, who played crucial roles, were surprisingly absent. Scenes portraying events like the RaLa Experiments and the Demon Core could have added more depth.

Representation of the Bomb Detonation: The visual portrayal of the bomb's explosion seemed underwhelming. Given the significance of this event, a more realistic representation would have heightened its impact.

Overlooking Oppenheimer's Spirituality: The use of the Bhagavad Gita felt superficial. The parallels between Arjuna's dilemma in the Gita and Oppenheimer's moral quandary are striking, and exploring this could have added a rich layer of depth. Instead, the profound meaning behind the scripture seemed to be overshadowed by its use in a misplaced scene.

It really wish this film had be given to David Fincher instead of Nolan.",2023-08-11T02:35:08,17,61,https://www.reddit.com/r/TrueFilm/comments/15nwapt/where_oppenheimer_missed_the_mark/,Oppenheimer,Oppenheimer
15jay2o,TrueFilm,Watching 'Hidden Figures' made me realize how a powerful story can be ruined by a vanilla treatment,"This certainly wasn't helped by the fact that I saw Oppenheimer last week. What Nolan did by taking an in-depth biography and translating into the big screen is near miraculous. No composite characters were created to simplify the story, events were not shifted around to make the story better, and complex people were portrayed as complex characters.

In contrast, Hidden Figures manages to take an incredible story about how black women made fundamental contributions to the space race and make it quite 'boring'. It even manages to insult NASA (an institution that got rid of segregated restrooms in 1958) by having Kevin Costner pummel a colored bathroom sign with a crowbar while the black ladies look on. The performances are teetering on overacting with no notes of subtlety. Janelle Monae is the major culprit here as I see it. Even Hans Zimmer's score is uninspired.

It's a great story that's told with no real artistic vision. An adequate paint-by-the-numbers movie. But it could have been so much more.",2023-08-06T00:04:20,434,95,https://www.reddit.com/r/TrueFilm/comments/15jay2o/watching_hidden_figures_made_me_realize_how_a/,Oppenheimer,Oppenheimer
15gpnz1,TrueFilm,It surprises me that Christopher Nolan being a literature graduate doesn’t know how to do subtext in his films,"I recently read in an interview that Nolan studied literature, I can see how that translates into his writing which helps him structure the concepts he want to convey in films so effectively. But I’m surprised that he is not able to do subtext effectively in his films, or rather not so interested in it. 

This is not necessarily a bad thing, but his writing seems to be straightforward thematically, even his latest film Oppenheimer which I think is his most human doesn’t have much underlying themes to look for, best he does is raindrops to be metaphor for nuclear bombs.

Again I love his films but what I think is lacking in his films is more deeper subtext to be considering him among the greats. I’m curious to see what sort literature he was interested in during his graduate years",2023-08-03T01:01:47,17,26,https://www.reddit.com/r/TrueFilm/comments/15gpnz1/it_surprises_me_that_christopher_nolan_being_a/,Oppenheimer,Oppenheimer
15fw1b5,TrueFilm,"What were Oppenheimer's ""reasons""?","Overall, I liked Oppenheimer. I've watched it twice and enjoyed it both times and. Not Nolan's biggest fan but Oppenheimer is on the best films I've seen this year list.

I've been wandering about a scene, towards the end, where Kitty and their lawyer are criticising Oppenheimer for basically taking the beating he is receiving from the closed kangaroo court judging his security clearance renewal and wanting to ""be the martyr"". He's talking to his lawyer outside their house. The lawyer, I think, asks him why he is going through this willingly. Oppie replies that he has his own reasons. What are those reasons? Is it a masochistic impulse within him that wishes to be punished somehow for bringing the atom bomb into existence? An embrace of his fate as Prometheus tied to the rock as his punishment for giving man the power to destroy himself? I'm curious to know what his reasons are, or what any of you interpret his reasons to be.",2023-08-02T02:15:07,227,79,https://www.reddit.com/r/TrueFilm/comments/15fw1b5/what_were_oppenheimers_reasons/,Oppenheimer,Oppenheimer
15dofke,TrueFilm,"Flicker on 70MM projection, or is it just me?","I'm not sure if this is the appropiate subreddit for this issue. Regardless, I've recently gone to a 70MM (not IMAX) projection of Oppenheimer, in Barcelona Spain, and I could see an annoying flicker throught the movie. 
This flicker happened whenever there were scenes where a big part of the screen whas white, and only in those bright areas. And this flicker was noticable enough in order to be distracting.
I've researched that if a projector is not properly calibrated, this kind of thing can happen, but my friend who was sitting besides me had no issue at all. 
So, could it be that my percepcion of movement is different enough to notice the black frames of a 70MM projection?

(This had happened to me before with Tenet at the same cinema some years back, but as I went alone I just thought there had been a problem with the projection)",2023-07-30T15:32:22,29,23,https://www.reddit.com/r/TrueFilm/comments/15dofke/flicker_on_70mm_projection_or_is_it_just_me/,Oppenheimer,Oppenheimer
15d5u5a,TrueFilm,"Is Oppenheimer an example of ""shooting and crying?""","I got out of the theatre from Oppenheimer a few hours ago and I've been processing my feelings about the film. I think it is one of the best American films since *The Master* (PTA, 2012), and loved every moment of it. There was an aspect of the film that was nagging me though.

In Israeli film studies, there is a term called ""shooting and crying"" which typically designates films made within Isreal about the occupation of Palestine which showcases war crimes and atrocities committed by former IDF members (typically against Palestinian civilians) who showcase remorse for their actions. *Waltz with Bashir* (Ari Folman, 2008) would be a prominent example of the genre. While specifically considered an Israeli occurrence, we can see something similar in American war films about Vietnam. A big aspect of this occurrence is that it privileges the perspective of the oppressor against the oppressed (again, think Isreal to Palestine).

My question is does Oppenheimer, a film in part about the man who led the Manhattan Project, an example of this phenomenon? He builds the bomb (in part to use against Nazi Germany), gives it to the military who then uses it on Japanese civilians, and feels remorse for it for the rest of his life. It feels very in line with the ethos of those other films.

Now I am trying to say this is something that makes the film worse; the absence of Japanese perspectives and how casually they, as intended targets of the bomb, are treated is a major point of the film. Likewise, it is also demonstrated that Oppenheimer himself feels alone in remorse considering the scene at Los Alamos where everyone cheers at the success of the bomb, further honing in on the horrors of jingoism and inhumanity couched by distance. Yet it is also intentional in those Israeli works as well, so I think it is worth investigating. So what do you think?

P.S. This is also likewise not asking for Oppenheimer to also have an extended sequence of Japanese perspectives about the bomb. *Hiroshima* (Hideo Sekigawa, 1953), *Children of Hiroshima* (Kaneto Shindō, 1952), and multiple Barefoot Gen and Gojira films exist and can be easily watched by those curious. ",2023-07-29T23:12:42,262,250,https://www.reddit.com/r/TrueFilm/comments/15d5u5a/is_oppenheimer_an_example_of_shooting_and_crying/,Oppenheimer,Oppenheimer
15cao1e,TrueFilm,"After a rewatch, Oppenheimer is unquestionably Nolan’s best film","I saw Oppenheimer for the first time last weekend in 70mm IMAX, and while it was a great experience, I was initially overwhelmed by the spectacle of it all and only tentatively put it in his top 5 (The Prestige, Dunkirk, Memento, TDK being the other 4).

But after watching it for the second time a couple nights ago and digesting it again for a day, I concluded it is without a doubt his greatest achievement. Almost every issue I had with it initially (mainly pacing and editing) went away after a rewatch and it flowed seamlessly. 

I’ve also seen others say they were “underwhelmed” by the Trinity explosion, which admittedly was my first reaction as well, but I loved everything about it the second go around. Lynch already used CGI brilliantly in Twin Peaks to showcase the Trinity Test and that’s clearly not what Nolan was going for. Everything leading up to the explosion was extremely intense, but I loved the sequence following the explosion even better when I experienced it again. The visuals were stunning and it almost seemed Terrence Malick-like when you include the audio of Robert’s slow, deep breath and “now I am become death” quote as well. Keep in mind, Nolan also shows the very beginning of the explosion earlier in the film during some of the montage sequences, which are breathtaking and look exactly like a real atomic bomb a millisecond after explosion (you can find pictures online if you’ve never seen it).

But that wasn’t even the highlight of the film for me. The highlight is the victory speech scene with Robert following the bombing announcement from Truman, and it’s the best scene Nolan has ever directed. Even more brilliant is how he used the sound from the rhythmic pounding of the feet on the bleachers multiple times in the film prior to that in order to set the scene up (as well as in the trailers).

There’s a lot of anti-Nolan sentiment in this subreddit (some justified, some not). He’s made some great films and he’s also made some subpar ones as well (Tenet, TDKR, Inception being his worst in my opinion). But Oppenheimer is his magnum opus. The second viewing is the best theater experience I’ve had in a long time and this film demands a rewatch whether you loved it or were underwhelmed by it after the first.",2023-07-28T22:05:10,151,67,https://www.reddit.com/r/TrueFilm/comments/15cao1e/after_a_rewatch_oppenheimer_is_unquestionably/,Oppenheimer,Oppenheimer
15abt3i,TrueFilm,What are your favorite Process Movies?,"After watching Oppenheimer last week I got into a discussion about movies that focus on the minutia of how a certain task is accomplished and how this can be done amazingly (or terribly) in certain movies. The more we discussed what the hell a ""Process Movie"" actually was, the more I realized how much I gravitated to this kind of storytelling and now I want to explore this concept more fully. 

While the term can be pretty nebulous, what sticks out to me as important is that the movie follows all aspects of achieving a complicated outcome and that the emotional storytelling is often wrapped in the minutia that other movies treat as minor plot points. I think that this type of storytelling lends itself especially well to a few genres:

Heist Movies - by the nature of their story these movies often focus around a group of professionals who use their skills to plan and carry out a complicated plan. Highlights for me are Rififi (1955), Thief (1981), and to a lesser extent to Ocean's Movies

Journalism Movies - the act of investigation and tracking down leads is crucial to these movies and focus so much on the process of the discovery that is so often glossed over in other movies. Here I think of All the President's Men (1976), Spotlight (2015), and Zodiac (2007)

Prison Escape Movies - While not all prison escape movies are as interested in the mechanism, the ones that focus on the specific planning are the ones I really love. Examples of A Man Escaped (1956) and Le Trou (1960)

What are your favorite examples of Process Movies? What makes these so engaging to you as a viewer?",2023-07-26T17:19:39,13,23,https://www.reddit.com/r/TrueFilm/comments/15abt3i/what_are_your_favorite_process_movies/,Oppenheimer,Oppenheimer
15a6vmk,TrueFilm,Oppenheimer as an indictment on the professional managerial class,"Was listening to the New York Times’ podcast Matter of Opinion and they made a very interesting point about Oppenheimer - that it is basically an indictment on the professional managerial class and the core message of the film is that Oppenheimer, as stand in for the class, is not actually a decision maker; has inflated self importance; and is indirectly responsible for the suffering his work enables. 

I think the choice to show zero of the combat footage we are used to in WWII period films and *especially* the choice to show none of the destruction of Hiroshima or Nagasaki - in one scene Oppenheimer is viewing photos of the destruction (and looking away!) but we, the viewer, are not - is key here. Much of the entire movie takes place in sterile academic or laboratory environments. Building the bomb is an intellectual exercise, not something that will result in the deaths of thousands. A middle manager working in, say, Nike HQ could be forgiven for not thinking very hard about the sweat shops his work enables. Who is ultimately responsible? Was Oppenheimer “just following orders”?

The moment Oppenheimer builds Fat Man and Little Boy there’s a real feeling of deflation, disillusionment, disempowerment. A soldier chastises his continued concern with a, “No offense, but we’ve got it from here.” Did Oppenheimer ever really have any power or control? Someone smarter than me could look at this through a Marxist lens; the professional managerial class is educated, earns a high wage, and has the illusion of control - but they don’t own the means of production. 

Apologies for not fleshing this out very much (I’m at work, which ironically is part of the professional managerial class) but I think it’s an interesting topic worthy of discussion.",2023-07-26T14:08:44,342,70,https://www.reddit.com/r/TrueFilm/comments/15a6vmk/oppenheimer_as_an_indictment_on_the_professional/,Oppenheimer,Oppenheimer
159fog5,TrueFilm,No one will remember Oppenheimer and Christopher Nolan is only highly regarded for his old glorious days,"I love Nolan's movies and I have watched many of them more than twice. He has my utter respect, even after what seems to be a decline in his career. But I can't stand in silence anymore. That's it, there I've said it. 2017 Dunkirk, 2020 Tenet and now, 2023 Oppenheimer. His last 3 movies are, despite the grand praises of obvious fans, are sub-par at best. You can see how Dunkirk and Tenet failed to withstand the test of time. Nobody cares about those movies anymore and they are irrelevant already. Because Nolan stopped telling us about humanity and creating actual art, after Interstellar. It was Nolan's last true masterpiece and he should have stopped right there and be a flawless legend. Now he is a flawed legend, a unrefutable legend but with some mistakes a legend shouldn't have made.

Now I am sure there are thousands of people willing and a thousand different arguments to defend Christopher Nolan's recent work. But I know what will happen in the face of undeludable test of time. People will not regard Oppenheimer as a significant movie just because it created some marketing ripples back in 2023.

Nolan had his time, now he is simply spending from his reputational savings, so to say.

His stories tells us nothing about human nature. He is not putting on an aesthetic piece of work, he is not utilizing the IMAX technology which after seeing Oppenheimer I now firmly believe he only uses for marketing reasons. His storytelling techniques are based on smoke-and-mirrors tricks without substance, his characters empty as they can be. When did you last invest in a Nolan character? Have you cared about any of the boy band hotties in Dunkirk? Or the expressionless hero of Tenet? What Oppenheimer tells us about himself besides doing small tricks of light reflecting off Cillian Murphy's baby blues? What did even the all-star cast, a giant armada of world-class stars contribute to the movie besides standing as marketing ploys? It's painful to see Nolan create such unpolished, rookie work. And it's worse when you realize his actions might have bad intention behind. 

At this point there are 3 possibilities as far as I can imagine. Old man either only seeks money to fill up the grandchildrens' savings account or he is just inept to create a compelling and an important, thought and emotion evoking movie. Or, he is just fucking with everyone to see how hard the critics can lick his boots to stay relevant.

Only problem is, Nolan should step off the stage or create some real art with real passion. Old masters  of art should not disgrace themselves by lowering their standarts in time, they should know when to leave the table, sit back and watch where the young men of tomorrow are taking the world as he supports them with his connections and vast knowledge.",2023-07-25T17:52:56,0,83,https://www.reddit.com/r/TrueFilm/comments/159fog5/no_one_will_remember_oppenheimer_and_christopher/,Oppenheimer,Oppenheimer
158uz8e,TrueFilm,"Is Nolan The Only Director Capable Of Putting Out Big Budget ""Art Films"" Nowadays?","I truly feel like Christopher Nolan is in a unique position; he has enough clout in the film industry that studios essentially just give him a blank check with full creative control and let him create whatever he wants, with little to no studio interference. how many other directors have garnered that level of trust &amp; goodwill within Hollywood (or any film industry)? Denis Villeneuve is probably the only other director off the top of my head who's actually putting out mega-budget ""art films"" that feel like an uncompromised vision of an auteur director. Tarantino is another one that came to mind but he doesn't require 100+ million dollar budgets and mostly works on a smaller scale, but a similar uncompromising vision and absolute trust from whatever studio is funding him. What's unusual about this is even veteran, proven directors of some of the most iconic &amp; successful films of all time still struggle to collect the necessary budgets and, on top of that, still have to deal with studio interference despite their near-spotless track record (James Cameron, Steven Spielberg, Francis Ford Coppola, etc.). What do you think makes Director's like Nolan &amp; Tarantino unique in that sense? Is it because they never really ""missed"" so to speak? Both have built-in audiences that will be interested in whatever they put out so they're pretty much flop-proof from a financial perspective. is that what affords them such freedom in an industry like Hollywood?





I mean, who else is really putting out big-budget, slow-burn think pieces like Oppenheimer? who else could get away with that (without it flopping badly or dismissed as Oscar bait) other than Christopher Nolan?",2023-07-25T02:26:17,0,26,https://www.reddit.com/r/TrueFilm/comments/158uz8e/is_nolan_the_only_director_capable_of_putting_out/,Oppenheimer,Oppenheimer
158safe,TrueFilm,Assemble the Pitchforks: I Hated Oppenheimer,"There's a joke in the Barbie movie where the Barbies distract the Kens by saying they've never seen the Godfather only to have it eagerly explained to them. Oppenheimer has now joined that illustrious list of films. My roommate who is a history geek was trying to fill in all the gaps for me and explain what the film was doing. History aside, I got what it was doing but I found it overly pretentious. I'm not a Nolan hater but I am also certainly not a fan and have only seen a few of his films. I've seen the Batman Begins, The Dark Knight Rises and Inception with chunks of The Dark Knight and Interstellar. I tried watching Dunkirk but fell asleep. I've never seen any of his films more than one except maybe Inception because I think I watched it on a plane once. I liked those movies fine but I felt no need to rewatch. I could watch The Departed on a 24 hour loop but I can't even really tell you what happens in Batman Begins. So perhaps a lot of the things I'm gonna bring up are just his style. I did not like this film very much at all. I went into this relatively blind outside of the memes so I was genuinely expecting something a bit more enthralling, for lack of a better word. But I also was somewhat familiar with the history of the Manhattan project and I wasn't quite sure how this film was gonna work if they didn't show the bombing of Japan. I was certain they wouldn't, mostly because I didn't see any Asian actors mentioned among this certifiable cast of thousands, and also because I don't feel like it would've been in good taste. Nolan apparently had the same thought and I'm glad because we did not need to see this recreated to get the point about the destructiveness of the bomb. You can Google the Hiroshima and Nagasaki Bombings if you really want a visceral look at what happened there. But it's exclusion did make me wonder how they were gonna string audiences along for this ride for three hours. 

Oppenheimer is appropriately named because the film has much less to do with the bomb itself than the man behind it's creation. I don't know if J Robert Oppenheimer is that interesting of a person in and of himself to warrant a three hour historical epic about him but Christopher Nolan certainly does. When they are discussing anything scientific or related to the task at how, I felt like they were speaking in code. I'm not saying that the geek speak threw me off, I was actually surprised by how little of it there was. A character runs into the scene holding up a piece of paper we are told is important because it's about cracking some science thing. The characters then spend an inoordinate amount of minutes discussing the importance of what's on the paper rather than what it actually means. There's a lot of this vagueness which I believe was done to make what these people were doing feel more weighted and given the appropriate heft it has in history. However this resulted in all the characters and the first forty minutes of the film feeling like a trailer for the movie instead of a movie itself. I kept waiting for the film to start in a sense. I don't know if this is just a stylistic thing Nolan does but some of the dialogue almost felt like it was meant to be bad. When Oppenheimer says 'goddamn it I love this country' I laughed assuming that was a gag line. The characters talked like they were in a Joss Whedon film. None of the dialogue felt natural or organic. It very much felt like Nolan wanted you to feel the magnitude and weight of what the film is centered around. But oddly enough, they never get into the actual nitty gritty details of what that is. 'Is gonna destroy the world?' is really about as much as we get. The film is relying upon you knowing the history of what comes next so it remained kinda cryptic. I actually was wondering for a while if this was going to do an alternate history thing towards the end but it felt like they were building to something that felt a lot more grandiose than what we got, or at least it was presented. 

A major folly in the writing here is that there are too many characters. Nolan was determined not to condense real life figures into fictional ones for brevity but I think he should've. There are so many characters whose introductions are barely highlighted but they become instrumental later on. Rami Malek's character is actually pretty damn important in the end but I'll be damned if I could tell you his name. I don't even think it was mentioned until he pops up again when he is actually affecting the plot. Benny Safdie's character simply arrives in the film. I was not texting at all in this film and the edibles I took had me viscerally aware of every damn scene in this movie. When he popped up about halfway in I audibly asked 'who the hell is that?' There's a lot of that in this movie. I don't think we needed this many named and speaking characters because after a while I got lost following who was important in what way and how certain characters related to the task at hand. I think if you cut and condense a lot of these characters, the narrative becomes much smoother and also gives the story more time to breathe. But what about how all of these various characters are portrayed? Because there were so many I honestly had a hard time keeping up with names and who was who. This was aided by their characterizations not being very strong. A few supporting characters stood out mostly because of their actor's notoriety. But a slew of other characters got lost in the shuffle. If you cut down on characters it gives you a lot more time to flesh out the characters who are meant to stand out more, namely the women. 

It is apparently a given that Christopher Nolan struggles to write women. I have not seen enough of his work to make that assessment but I can say that the women felt very superfluous here. It was definitely an experience going from the feel good feminine energy of Barbie to Oppenheimer where the women serve as emotional props to the men. Jean Tatlock gets the worst of it. I had no idea how this woman mattered to Oppenheimer outside of being a former lover. According to my partner and Wikipedia, she was a lot more than just that to them. The actual film gives us no context to why she matters especially since his association with her is apparently something even Robert Downey Jr's character is aware of. I kept waiting for them to reveal her to be a Russian spy or something. Maybe I just miss Florence Pugh playing Yelena, a character surprisingly more fleshed out than what she's given her. She exists in this film to show us her breasts, give us an incredibly uncomfortable scene in a meeting room and set up for the most uncomfortable introduction of what would become Oppenheimer's catchphrase of sorts. Emily Blunt's character doesn't fair much better. Nolan took Florence Pugh who is so skilled at playing nuanced complicated women and slapped her in a horrendous wig and stripped her naked. He took Emily Blunt who has some insane versatility and had her play the scorned and angry alcoholic wife. But her role in the film doesn't make a ton of sense. Her early scenes establish pretty early on she's a hard drinker and has some emotional issues. Her anger is purely focused on Oppenheimer for reasons probably relating to Tatlock. Then she kinda shifts midway into being angry at the system and is giving motivational speeches and it's jarring. She's never portrayed as anything but 'the wife' so when she displays a lot more cunning and wit later on, it's welcomed but I also kept saying 'where did this come from? ' I don't feel as if the film portrayed Kitty in a way that did justice to her. I get that it's about her husband, not her but for as little as she and honestly Jean contributed to the actual story they could've been cut. Oppenheimer actually has a third woman whose name I cannot remember and she doesn't affect the story in any material way I can think of.

I do get that playing with time and perception is kinda Nolan's thing. I've only seen him actually do this in Inception and what I've seen of Interstellar since the Batman movies don't do a ton of that. I think that type of thing works better in movies with more fantastical premises, at least for him. Because here it didn't really do much for me. I would've much preferred if this had been more of a straight forward narrative about the creation of the atomic bomb and dropping in bits and pieces of Oppenheimer's personal life when you need to. The story they were telling about the Manhattan project was/is infinitely interesting on it's own. I didn't need to bounce back between various points in time, mostly because it was unclear when things were happening and dampered by ability to follow along, nor did I need certain segments in black and white. I somewhat understand the artistic reasoning for this but it kept having me think that these scenes were further back in time than they were. Functionally, I think they help separate the clearance stuff and the building the bomb stuff. But honestly you don't lose much if those scenes are in color. A lot of the stylistic choices seemed to be there to make up for a lack of substance. At first, I thought the hearing scenes and the clearance scenes were meant to be much more important than they were. I thought the hearing was about something more weighty than a cabinet confirmation and I thought the clearance scenes were a deposition of sorts. When they got to be revealed for what they are as the film trotted along, I felt let down. Nolan is putting together the elements of a political thriller/drama like Three Days of Condor, All the President's Men, Mr. Smith Goes to Washington and the like but there's nothing at the core of this to justify these trappings. The creation of the atomic bomb and what it means for international relations is a deep topic but Nolan doesn't seem interested in actually discussing it or anchoring it into the story in a meaningful way. Characters talk around the topic but never really sit down and discuss the implications of what they're doing. This felt like dialogue for a cape flick, not a political thriller. I understand what Nolan was going for in that the scientists were so preoccupied by if they could rather than if they should. They assumed they'd have control over how and when and why this was used. If this was more thoroughly explored within character moments I think I would've enjoyed this film more. This film is almost entirely composed of people talking but despite that I don't feel like they said much. I can't really recall any of the dialogue or notable lines in this film outside of a couple of Blunt's towards the end. 

As slipshod as the script was, the editing was absolutely horrendous for me. Please tell me if this is just his style but it felt like there was a cut every five seconds. I've made short films, I've done indies. I get that making a non action film interesting can be hard. But maybe if you're having a hard time making Boring Conversation No. 17 interesting to watch onscreen you might wanna cut that scene. There was so much telling and very little showing which is surprising for a film that honestly should be quite showy. I almost would've preferred more Sorkinesque walk talking than the barrage of cuts we got in every single conversation that took place in this film. Nolan wants you to feel the weight and importance of these men and what they're doing. There's lots of tight close ups, lots of wordless shots just taking them in, lots of extended reaction shots etc. I don't mind these in a vacuum but I do have a problem when they are repeated ad nauseam. There are some visual elements I actually liked. The color saturation and red lighting during any scenes that had multiple communists was a nice touch. Kitty seeing Oppenheimer describe his affair with Jean while seeing Jean riding his dick was a welcome visual trick. It's not that I wanna see Florence Pugh getting bred by The Scarecrow but broke up the monotony of those clearance scenes in a much needed way. The cheering turned to shrieking turned to bodies burning to dust was also a good scene. The way the crying/cheering was played so ambiguously as to what the emotion being portrayed was is something I really liked. I would've liked a lot more emphasis on how Oppenheimer came to the position he did about the bomb than rather a couple short scenes. The entire last third of the movie should've just been that but instead we are now getting the most milquetoast of political dramas. I also really wanted more emphasis on the ethnic and religious backgrounds of many of the scientists doing this work, including the man himself. Yes it's brought up from time to time and it's not entirely lost on men why these brilliant minds would get involved. But maybe give us some scenes of our Jewish characters just hanging out and being themselves. Then juxtapose that with the severity of the war and Hitler's actions and show what's at stake. You don't need to show a concentration camp but you could get creative with how you relay this information to the characters and the audience. I think also from a 'we need to know who these people are' standpoint they needed a scene similar to the party from Age of Ultron. Give us an organic way to see how all of these personalities interact outside of work and maybe give them character traits. Make some up if they were boring in real life. Because there's a lot of similar looking dark haired white men in suits in this movie and they blended together after a while. 

The first hour and a half felt like build up and I was forgiving of all of the sloppy writing, nonexistent characterization for the most part and annoying editing choices because I knew we were gonna see a bomb drop. I knew it wasn't Hiroshima or Nagasaki because again that would've been in EXTREMELY poor taste and honestly the Japanese have offered much better and personal versions of that side of the story. I was expecting to be blown away by the technical prowess displayed in the Trinity Test. I felt like the random flames they kept cutting to were more visually appealing than the actual explosion. I think it was competently done but neither the actual explosion or the awestruck scene around it really did much for me. This is where I was expecting the sound to knock me off my feet too. He oddly didn't do a lot with this scene I haven't seen done before or better. Michael Bay has delivered more awe inspiring explosions. I get that he didn't want to rely on computer effects but I was not moved as much as I should've been by this. Somehow, there was about forty minutes left of movie after this. Everything after the Trinity Test dragged on horribly and not even the spastic editing could save it. 

I thought most of the acting in this was fine. The script didn't give them really anything to work with. Robert Downey Jr is doing a great job but he's basically giving me older Tony Stark and that's not a dig. He was easily the most entertaining performance in the film and while I cannot recite a word of any of his long ass congressional speeches, I can say that I felt like he performed them well. Matt Damon was fine. Emily Blunt did her best. Florence Pugh was given nothing to work with but did okay. Gary Oldman was the second best performance in the film. Cillian Murphy is clearly trying very hard to give this character some edge and life but I'm sorry I hated the main character. Murphy is doing everything he can to give Oppenheimer some bite but the writing for this character does not do him any favors. He's bland and unnerving yet everyone somehow loves and respects him. He's not very engaging of a personality but in-universe they're acting like he's this wild card who can't be trusted. He's framed as this leader type who can convince the unconvinceable but he's not shown to have any good people skills. Murphy is playing him somewhere in between Johnny Depp's Willy Wonka and Rain Man. I really did not enjoy this performance and we are stuck with him for three hours. I did not love the voice he used and at times I couldn't understand certain things he was saying. Thankfully, my screening was captioned. Everyone else in the movie is okay. They were doing good work they just didn't have a good script. 

I just don't think this film was for me. I feel like you could've cut this down to a breezy two hours because the story they were focused on telling did not warrant a three hour runtime. The actors outside of the lead were fine and the production value was solid. But despite this important topic I walked away not feeling like anything of importance at all had been communicated. I think if you're into Christopher Nolan's style this is going to be a good watch for you. My partner gave it a 7/10. Unfortunately my opinion is much lower and I'll give it a 3/10. Nolan should be thanking his lucky stars Barbenheimer became a thing because this movie doesn't get as many eyeballs as it does without it. There are definitely going to be people who enjoy this more than I do. But if you're planning on seeing this just for the meme, either take a few edibles like I did or wait til streaming.

And now for some assorted thoughts: 

-I get that the film is called Oppenheimer but seeing as every white man who apparently had a role on this project showed up, maybe a couple of scenes showing some of the Black, Asian and Latino scientists who also worked on the Manhattan project would've been nice. A Black character pops up here and there and I was expecting him to be revealed as someone important, there were several Black scientists working on this bomb back then. Nope, he doesn't even get a line. Maybe some of that time spent in various hearings could deal with how the government screwed over Hispanic and Indigenous communities in the building of Los Alamos. Maybe some of the Hispanics who worked with the hazardous materials and got cancer as a result warranted one or two scenes. Almost none of this is brought up. 

-Would they have really called it World War 2 back then? That feels out of place. The dialogue felt like it wanted to be snappy but didn't know how. He wrote this like it's a superhero movie. There's even a suit up scene which was ridiculous. Like are we supposed to be so familiar with his personal style and we're like 'oh shit he got the hat!'

-As much as this film wasn't for me, the first hour or so did move along nicely. It never spent enough time on one scene to actually wear out it's welcome, at first. It moves like a blockbuster which I will admit is a feat for a film with zero action scenes.",2023-07-25T00:29:49,169,85,https://www.reddit.com/r/TrueFilm/comments/158safe/assemble_the_pitchforks_i_hated_oppenheimer/,Oppenheimer,"Barbie, Oppenheimer"
156mmg2,TrueFilm,PROBLEMS WITH NOLAN'S OPPENHEIMER (SPOILERS),"I was way too excited for a character drama from a director who doesn't handle characterization very well. I left the cinema extremely conflicted, I still am. 

Nolan once again tries too hard to camouflage his weakness of characters and dialogues with an audio-visual feast and mashing trillions of timelines but fails again. An example of Nolan's best and worst traits. He is so smart and witty but a slave to his own style. film is like a huge drawn-out montage with no breaks feels like a 3 hr trailer where there's no space for any theme, any character to breath. Nolan hardly gives subject matter the peace and quiet it actually needed. 

The man who literally cried on television because of Hiroshima, Nagasaki. i didn't get to see any kind of such remorse or inner turmoil throughout the film beyond the closeups of sunken eyes of Cillian murphy who is acting like a demon. deserves all the praise. 

overstretched last act of McCarthyism romp just to build that Einstein twist at the end was just too exhausting for me.

The more i think about it the more annoyed i get about the potential that was being wasted at the expense of Nolan sensationalism. Steven Spielberg would've nailed this character. I need to rewatch Schindler's List.",2023-07-22T15:10:37,710,482,https://www.reddit.com/r/TrueFilm/comments/156mmg2/problems_with_nolans_oppenheimer_spoilers/,Oppenheimer,Oppenheimer
13rinl2,TrueFilm,Mainstream Hollywood films seem to be trending towards more lengthy runtimes post pandemic.,"In the 2010s there were only 3 Hollywood films that had a 3 hours or more runtime. These were Avengers Endgame ( the semi-culmination of the most profitable movie franchise of that decade), Wolf of Wall Street and The Irishman (two films made by the most respected filmmaker in the world). Very few other films in that decade were close to that runtime and again in the same vein as above were either made by beloved auteurs (Hateful Eight, Interstellar, Boyhood) or were part of a mainstream franchise ( Transformers 4, Hobbit 1 and 2). 

In the post pandemic era we have already seen an pretty big increase in films with lengthy runtimes. The Batman is 175 minutes, Black Panther 2 is 161 minutes, Avatar 2 is 192 minutes, John Wick 4 is 169 minutes, Killers of the Flower Moon is 206 minutes. Even Across the Spiderverse at 136 minutes is going to be the second longest English language animated film of all time. We have also gotten hints that Mission Impossible 7, Oppenheimer, Dune 2, Napoleon, The Killer are also going to be pretty lengthy affairs being very close to the 3 hour runtime.
Plus we can see both Guardians 3 and Indiana Jones 5 having the longest runtimes of their franchise with their recent most enteries. 

There is clearly a trend of Hollywood films going for lenghtier runtimes in the past year or so. I am just wondering what exactly has been the reason for this. Is it a case of filmmakers feeling the need to provide a bang for the buck? Is it being comfortable with lengthy runtimes due to streaming and binging culture? Is it a coincidence of various directors cashing on their Auteur reputation as well as franchises cashing on their final films license? Are we heading back to the days where films like Ben-Hur and Lawrence of Arabia were more willingly accepted by the public ?",2023-05-25T14:02:40,193,53,https://www.reddit.com/r/TrueFilm/comments/13rinl2/mainstream_hollywood_films_seem_to_be_trending/,Oppenheimer,"Mission: Impossible – Dead Reckoning Part One, Oppenheimer"
16gz2t0,movies,"These are the top 500 movies of all time, according to data from 30 websites","A sequel to the [top 100 movies list](https://www.reddit.com/r/movies/comments/164ougo/these_are_the_100_greatest_movies_of_all_time/?utm_source=share&amp;utm_medium=web2x&amp;context=3) I posted on here a few weeks ago. 

I went through data from 30 different websites for **almost 5000 movies**. The sites included critics sources like Sight &amp; Sound (both critic and director lists) / TSPDT to American sites like Rotten Tomatoes / IMDb / Letterboxd / MovieLens / RateYourMusic to international sites like FilmAffinity / Douban / Filmweb / CSFD. Overall, this was able to achieve a more well-rounded and internationally representative list.

I weighted websites according to their relative SimilarWeb ranking and number of votes. I removed movies that had &lt;5k votes on IMDb, as these had low numbers of votes across the board, and adjusted ratings if a film was review-bombed. There remains work to be done though; building a platform that provides real-time rankings and data of every single movie ever released is the ultimate goal. Feel free to share additional feedback and ideas, or just reach out to me through [this form](https://forms.gle/fDC3xFHdiELmEdjs8).

As always, a disclaimer that this is not an official ranking nor my personal ranking. These rankings reflect the opinions of thousands of critics and millions of people around the world.

My next post will be my top 1001 movies of all time list, so come support me through [Buy Me a Coffee](https://www.buymeacoffee.com/reelstats) or simply share this project with all of your cinephile friends. Hope you find some gems on here.

Letterboxd: [The 500 Greatest Movies of All Time, according to stats (2023)](https://boxd.it/p3Ufe)

Without further ado, let's get into the 500 greatest movies of all time:

&amp;#x200B;

|Ranking|Movie|Year|
|:-|:-|:-|
|**1**|The Godfather|1972|
|**2**|Seven Samurai|1954|
|**3**|12 Angry Men|1957|
|**4**|The Godfather: Part II|1974|
|**5**|Tokyo Story|1953|
|**6**|City Lights|1931|
|**7**|Schindler's List|1993|
|**8**|Citizen Kane|1941|
|**9**|Rear Window|1954|
|**10**|Psycho|1960|
|**11**|Casablanca|1942|
|**12**|Modern Times|1936|
|**13**|Pulp Fiction|1994|
|**14**|Sunset Boulevard|1950|
|**15**|Singin' in the Rain|1952|
|**16**|Spirited Away|2001|
|**17**|Ordet|1955|
|**18**|Fanny and Alexander|1982|
|**19**|Apocalypse Now|1979|
|**20**|Vertigo|1958|
|**21**|Parasite|2019|
|**22**|Sherlock Jr.|1924|
|**23**|The 400 Blows|1959|
|**24**|The Good, the Bad, and the Ugly|1966|
|**25**|M|1931|
|**26**|Dr. Strangelove: or: How I Learned to Stop Worrying and Love the Bomb|1964|
|**27**|The Passion of Joan of Arc|1928|
|**28**|Bicycle Thieves|1948|
|**29**|Grave of the Fireflies|1988|
|**30**|The Lord of the Rings: The Return of the King|2003|
|**31**|Metropolis|1927|
|**32**|Pather Panchali|1955|
|**33**|A Man Escaped|1956|
|**34**|GoodFellas|1990|
|**35**|Rashomon|1950|
|**36**|Some Like It Hot|1959|
|**37**|Ugetsu|1953|
|**38**|North by Northwest|1959|
|**39**|All About Eve|1950|
|**40**|Lawrence of Arabia|1962|
|**41**|Children of Paradise|1945|
|**42**|Woman in the Dunes|1964|
|**43**|Sansho the Bailiff|1954|
|**44**|Late Spring|1949|
|**45**|Stalker|1979|
|**46**|The Third Man|1949|
|**47**|Ikiru|1952|
|**48**|Come and See|1985|
|**49**|Three Colors: Red|1994|
|**50**|Taxi Driver|1976|
|**51**|Double Indemnity|1944|
|**52**|Witness for the Prosecution|1957|
|**53**|The Gold Rush|1925|
|**54**|Ran|1985|
|**55**|Andrei Rublev|1966|
|**56**|The Treasure of the Sierra Madre|1948|
|**57**|The Shawshank Redemption|1994|
|**58**|The Battle of Algiers|1966|
|**59**|Sunrise: A Song of Two Humans|1927|
|**60**|Satantango|1994|
|**61**|I Am Cuba|1964|
|**62**|Paths of Glory|1957|
|**63**|The World of Apu|1959|
|**64**|The Great Dictator|1940|
|**65**|The Kid|1921|
|**66**|Harakiri|1962|
|**67**|A Brighter Summer Day|1991|
|**68**|One Flew Over the Cuckoo's Nest|1975|
|**69**|Nights of Cabiria|1957|
|**70**|Ali: Fear Eats the Soul|1974|
|**71**|Kes|1969|
|**72**|Army of Shadows|1969|
|**73**|Le Trou|1960|
|**74**|Il Sorpasso|1962|
|**75**|Early Summer|1951|
|**76**|It's a Wonderful Life|1946|
|**77**|Chinatown|1974|
|**78**|The Apartment|1960|
|**79**|Spider-Man: Across the Spider-Verse|2023|
|**80**|Make Way for Tomorrow|1937|
|**81**|The Cabinet of Dr. Caligari|1920|
|**82**|Alien|1979|
|**83**|A Separation|2011|
|**84**|The Leopard|1963|
|**85**|La Dolce Vita|1960|
|**86**|Grand Illusion|1937|
|**87**|The Dark Knight|2008|
|**88**|The Night of the Hunter|1955|
|**89**|The Shop Around the Corner|1940|
|**90**|Yojimbo|1961|
|**91**|The Shop on Main Street|1965|
|**92**|The Red Shoes|1948|
|**93**|The Lord of the Rings: The Two Towers|2002|
|**94**|Portrait of a Lady on Fire|2019|
|**95**|Toy Story|1995|
|**96**|Battleship Potemkin|1925|
|**97**|The Conformist|1970|
|**98**|The Lord of the Rings: The Fellowship of the Ring|2001|
|**99**|Umberto D.|1952|
|**100**|WALL-E|2008|
|**101**|Ivan's Childhood|1962|
|**102**|Rome, Open City|1945|
|**103**|Touch of Evil|1958|
|**104**|Persona|1966|
|**105**|La Strada|1954|
|**106**|The General|1926|
|**107**|Saving Private Ryan|1998|
|**108**|The Last Laugh|1940|
|**109**|Star Wars|1977|
|**110**|High and Low|1963|
|**111**|The Silence of the Lambs|1991|
|**112**|Day of Wrath|1943|
|**113**|Au Hasard Balthazar|1966|
|**114**|Whiplash|2014|
|**115**|The Rules of the Game|1939|
|**116**|The Pianist|2002|
|**117**|Rififi|1955|
|**118**|Sweet Smell of Success|1957|
|**119**|Spider-Man: Into the Spider-Verse|2018|
|**120**|Once Upon a Time in the West|1968|
|**121**|Throne of Blood|1957|
|**122**|The Grapes of Wrath|1940|
|**123**|The Best of Youth|2003|
|**124**|Das Boot|1981|
|**125**|Kind Hearts and Coronets|1949|
|**126**|Greed|1924|
|**127**|Forbidden Games|1952|
|**128**|Jeanne Dielman, 23 Commerce Quay, 1080 Brussels|1975|
|**129**|Orpheus|1950|
|**130**|8½|1963|
|**131**|The Mother and the Whore|1973|
|**132**|L.A. Confidential|1997|
|**133**|Toy Story 3|2010|
|**134**|Werckmeister Harmonies|2000|
|**135**|Raise the Red Lantern|1991|
|**136**|The Seventh Seal|1957|
|**137**|The Empire Strikes Back|1980|
|**138**|The Heiress|1949|
|**139**|Back to the Future|1985|
|**140**|L'Atalante|1934|
|**141**|PlayTime|1967|
|**142**|Au Revoir les Enfants|1987|
|**143**|Aparajito|1956|
|**144**|The Maltese Falcon|1941|
|**145**|The Phantom Carriage|1921|
|**146**|The Last Picture Show|1971|
|**147**|Samurai Rebellion|1967|
|**148**|On the Waterfront|1954|
|**149**|The Cameraman|1928|
|**150**|Viridiana|1961|
|**151**|Oppenheimer|2023|
|**152**|Sanjuro|1962|
|**153**|All Quiet on the Western Front|1930|
|**154**|The Circus|1928|
|**155**|Notorious|1946|
|**156**|Raging Bull|1980|
|**157**|The Lives of Others|2006|
|**158**|Anatomy of a Murder|1959|
|**159**|Safety Last!|1923|
|**160**|The Crowd|1928|
|**161**|Cool Hand Luke|1967|
|**162**|The Wages of Fear|1953|
|**163**|Gone with the Wind|1939|
|**164**|The Cranes Are Flying|1957|
|**165**|Yi Yi|2000|
|**166**|Inside Out|2016|
|**167**|Shoeshine|1946|
|**168**|Through a Glass Darkly|1961|
|**169**|Annie Hall|1977|
|**170**|Le Samouraï|1967|
|**171**|The Best Years of Our Lives|1946|
|**172**|Raiders of the Lost Ark|1981|
|**173**|La Haine|1995|
|**174**|2001: A Space Odyssey|1968|
|**175**|To Be or Not to Be|1942|
|**176**|It's Such a Beautiful Day|2012|
|**177**|Wild Strawberries|1957|
|**178**|Mirror|1975|
|**179**|The Lion King|1994|
|**180**|The Father|2020|
|**181**|The Man Who Shot Liberty Valance|1962|
|**182**|A Streetcar Named Desire|1951|
|**183**|Rosemary's Baby|1968|
|**184**|Amadeus|1984|
|**185**|My Neighbor Totoro|1988|
|**186**|White Heat|1949|
|**187**|Monty Python and the Holy Grail|1975|
|**188**|An Autumn Afternoon|1962|
|**189**|Steamboat Bill, Jr.|1928|
|**190**|The Wild Bunch|1969|
|**191**|To Kill a Mockingbird|1962|
|**192**|Laura|1944|
|**193**|Do the Right Thing|1989|
|**194**|The Life and Death of Colonel Blimp|1943|
|**195**|The Exterminating Angel|1962|
|**196**|Napoleon|1927|
|**197**|Rio Bravo|1959|
|**198**|City of God|2002|
|**199**|Wolfwalkers|2020|
|**200**|Barry Lyndon|1975|
|**201**|Shoplifters|2018|
|**202**|Aguirre: The Wrath of God|1972|
|**203**|The Bridge on the River Kwai|1957|
|**204**|12 Years a Slave|2013|
|**205**|Eternal Sunshine of the Spotless Mind|2004|
|**206**|A Special Day|1977|
|**207**|Marketa Lazarová|1967|
|**208**|The Philadelphia Story|1940|
|**209**|Breathless|1960|
|**210**|Stagecoach|1939|
|**211**|It Happened One Night|1934|
|**212**|Out of the Past|1947|
|**213**|Ratatouille|2007|
|**214**|Nosferatu|1922|
|**215**|Finding Nemo|2003|
|**216**|Threads|1984|
|**217**|In a Lonely Place|1950|
|**218**|The Wizard of Oz|1939|
|**219**|Letter from an Unknown Woman|1948|
|**220**|Hiroshima Mon Amour|1959|
|**221**|Unforgiven|1992|
|**222**|Up|2009|
|**223**|The Tale of the Princess Kaguya|2013|
|**224**|Spotlight|2015|
|**225**|Beauty and the Beast|1946|
|**226**|A Matter of Life and Death|1946|
|**227**|Aliens|1986|
|**228**|Coco|2017|
|**229**|Diabolique|1955|
|**230**|L'Avventura|1960|
|**231**|Boyhood|2014|
|**232**|The Hidden Fortress|1958|
|**233**|The Truman Show|1998|
|**234**|Rebecca|1940|
|**235**|The Wind|1928|
|**236**|My Left Foot|1989|
|**237**|Where is the Friend's House?|1987|
|**238**|Germany Year Zero|1948|
|**239**|Beauty and the Beast|1991|
|**240**|There Will Be Blood|2007|
|**241**|Cries and Whispers|1972|
|**242**|Los Olvidados|1950|
|**243**|I Am A Fugitive from a Chain Gang|1932|
|**244**|Pan's Labyrinth|2006|
|**245**|Secrets &amp; Lies|1996|
|**246**|Badlands|1973|
|**247**|His Girl Friday|1940|
|**248**|The Searchers|1956|
|**249**|Red River|1948|
|**250**|Autumn Sonata|1978|
|**251**|The Big Heat|1953|
|**252**|No Country for Old Men|2007|
|**253**|Shadow of a Doubt|1943|
|**254**|The Discreet Charm of the Bourgeoisie|1972|
|**255**|Day for Night|1973|
|**256**|Our Hospitality|1923|
|**257**|Fantasia|1940|
|**258**|Time of the Gypsies|1988|
|**259**|Marriage Story|2019|
|**260**|Sullivan's Travels|1941|
|**261**|The Life of Oharu|1952|
|**262**|Fireworks|1997|
|**263**|Mary and Max|2009|
|**264**|The Bride of Frankenstein|1935|
|**265**|The Hustler|1961|
|**266**|Still Walking|2008|
|**267**|Limelight|1952|
|**268**|American Beauty|1999|
|**269**|Brief Encounter|1945|
|**270**|The Big Sleep|1946|
|**271**|Solaris|1972|
|**272**|Aftersun|2022|
|**273**|The Sting|1973|
|**274**|Faust|1926|
|**275**|My Darling Clementine|1946|
|**276**|Jules and Jim|1962|
|**277**|A Woman Under the Influence|1974|
|**278**|Scenes from a Marriage|1974|
|**279**|A Short Film About Love|1988|
|**280**|Monsieur Verdoux|1947|
|**281**|Persepolis|2007|
|**282**|In the Mood for Love|2000|
|**283**|Chimes at Midnight|1965|
|**284**|Cléo from 5 to 7|1962|
|**285**|Le Cercle Rouge|1970|
|**286**|Song of the Sea|2014|
|**287**|The French Connection|1971|
|**288**|The Spirit of the Beehive|1973|
|**289**|The Adventures of Robin Hood|1938|
|**290**|Angels with Dirty Faces|1938|
|**291**|E.T. the Extra-Terrestrial|1982|
|**292**|Fargo|1996|
|**293**|The Great Escape|1963|
|**294**|Close-Up|1990|
|**295**|Holiday|1938|
|**296**|The Earrings of Madame de...|1953|
|**297**|Platoon|1986|
|**298**|Divorce Italian Style|1961|
|**299**|To Live|1994|
|**300**|Dog Day Afternoon|1975|
|**301**|Manchester by the Sea|2016|
|**302**|The Killing|1956|
|**303**|Strangers on a Train|1951|
|**304**|Vagabond|1985|
|**305**|Mad Max: Fury Road|2015|
|**306**|Call Me by Your Name|2017|
|**307**|High Noon|1952|
|**308**|A Hard Day's Night|1964|
|**309**|The Deer Hunter|1978|
|**310**|Cinema Paradiso|1988|
|**311**|The Lady Eve|1941|
|**312**|Nobody Knows|2004|
|**313**|Your Name|2016|
|**314**|Elevator to the Gallows|1958|
|**315**|Memento|2000|
|**316**|Tampopo|1985|
|**317**|Top Hat|1935|
|**318**|A City of Sadness|1989|
|**319**|4 Months, 3 Weeks, and 2 Days|2007|
|**320**|Three Colors: Blue|1993|
|**321**|Blade Runner|1982|
|**322**|Toy Story 2|1999|
|**323**|A Night at the Opera|1935|
|**324**|Reservoir Dogs|1992|
|**325**|Room|2015|
|**326**|My Fair Lady|1964|
|**327**|Ninotchka|1939|
|**328**|Inception|2010|
|**329**|The Ascent|1977|
|**330**|The Lost Weekend|1945|
|**331**|La La Land|2016|
|**332**|Jean de Florette|1986|
|**333**|Princess Mononoke|1997|
|**334**|Days of Heaven|1978|
|**335**|The Social Network|2010|
|**336**|Z|1969|
|**337**|Amour|2012|
|**338**|The Servant|1963|
|**339**|The Music Room|1958|
|**340**|Diary of a Country Priest|1951|
|**341**|Jaws|1975|
|**342**|The Ghost and Mrs. Muir|1947|
|**343**|Sleuth|1972|
|**344**|Three Billboards Outside Ebbing, Missouri|2017|
|**345**|Pickpocket|1959|
|**346**|Spring in a Small Town|1948|
|**347**|Memories of Murder|2003|
|**348**|Ashes and Diamonds|1958|
|**349**|Intolerance|1916|
|**350**|The Man Who Would Be King|1975|
|**351**|A Short Film About Killing|1988|
|**352**|The Conversation|1974|
|**353**|In the Name of the Father|1993|
|**354**|Rocco and his Brothers|1960|
|**355**|The Departed|2006|
|**356**|El Sur|1983|
|**357**|Nausicaä of the Valley of the Wind|1984|
|**358**|Ernest &amp; Celestine|2012|
|**359**|Before Sunset|2004|
|**360**|Pinocchio|1940|
|**361**|The King's Speech|2010|
|**362**|The Grand Budapest Hotel|2014|
|**363**|Scarlet Street|1945|
|**364**|Once Upon a Time in America|1984|
|**365**|Before Midnight|2013|
|**366**|The Diving Bell and the Butterfly|2007|
|**367**|Her|2013|
|**368**|Spring, Summer, Fall, Winter... and Spring|2003|
|**369**|Brazil|1985|
|**370**|Trainspotting|1996|
|**371**|Nashville|1975|
|**372**|Red Desert|1964|
|**373**|The Manchurian Candidate|1962|
|**374**|Bringing Up Baby|1938|
|**375**|Cria Cuervos|1976|
|**376**|I Vitelloni|1953|
|**377**|Repulsion|1965|
|**378**|The Iron Giant|1999|
|**379**|The Unknown|1927|
|**380**|Poetry|2010|
|**381**|Strike|1925|
|**382**|Loe and Death|1975|
|**383**|The Right Stuff|1983|
|**384**|Mon Oncle|1958|
|**385**|Wings of Desire|1987|
|**386**|Paris, Texas|1984|
|**387**|All About My Mother|1999|
|**388**|And Life Goes On|1992|
|**389**|The Straight Story|1999|
|**390**|The Twilight Samurai|2002|
|**391**|Crouching Tiger, Hidden Dragon|2000|
|**392**|Roman Holiday|1953|
|**393**|The Terminator|1984|
|**394**|Charulata|1964|
|**395**|Soul|2020|
|**396**|Invasion of the Body Snatchers|1956|
|**397**|The Worst Person in the World|2021|
|**398**|The Irishman|2019|
|**399**|Roma|2018|
|**400**|The Quiet Girl|2022|
|**401**|Million Dollar Baby|2004|
|**402**|Ivan the Terrible, Part II|1958|
|**403**|Hannah and Her Sisters|1986|
|**404**|Die Nibelungen: Siegfried|1924|
|**405**|Harry Potter and the Deathly Hallows: Part 2|2011|
|**406**|The Handmaiden|2016|
|**407**|The Face of Another|1966|
|**408**|This is Spinal Tap|1984|
|**409**|Network|1976|
|**410**|Monsieur Hulot's Holiday|1953|
|**411**|Django Unchained|2012|
|**412**|Nostalghia|1983|
|**413**|Terminator 2: Judgment Day|1991|
|**414**|The Incredibles|2004|
|**415**|Paddington 2|2017|
|**416**|Winchester '73|1950|
|**417**|My Night at Maud's|1969|
|**418**|The Killer|1989|
|**419**|The Asphalt Jungle|1950|
|**420**|Ben-Hur|1959|
|**421**|All the President's Men|1976|
|**422**|The Return|2003|
|**423**|The 39 Steps|1935|
|**424**|My Life as a Zucchini|2016|
|**425**|Belle de Jour|1967|
|**426**|That Obscure Object of Desire|1977|
|**427**|The Elephant Man|1980|
|**428**|The Enigma of Kaspar Hauser|1974|
|**429**|Duck Soup|1933|
|**430**|Paper Moon|1973|
|**431**|Meet Me in St. Louis|1944|
|**432**|Purple Noon|1960|
|**433**|The Remains of the Day|1993|
|**434**|Stroszek|1977|
|**435**|Late Autumn|1960|
|**436**|Snow White and the Seven Dwarfs|1937|
|**437**|Manhattan|1979|
|**438**|Talk to Her|2002|
|**439**|King Kong|1933|
|**440**|Vampyr|1932|
|**441**|The Hunt|2012|
|**442**|Funeral Parade of Roses|1969|
|**443**|Frankenstein|1931|
|**444**|Zelig|1983|
|**445**|The Gospel According to St. Matthew|1964|
|**446**|The Thin Man|1934|
|**447**|A Clockwork Orange|1971|
|**448**|A Prophet|2009|
|**449**|Maborosi|1995|
|**450**|Chikamatsu monogatari|1954|
|**451**|The Big Parade|1925|
|**452**|The Ox-Bow Incident|1942|
|**453**|Masculin Feminin|1966|
|**454**|Full Metal Jacket|1987|
|**455**|The Artist|2011|
|**456**|Past Lives|2023|
|**457**|Before Sunrise|1995|
|**458**|Night of the Living Dead|1968|
|**459**|The Celebration|1998|
|**460**|The Triplets of Belleville|2003|
|**461**|The Miracle Worker|1962|
|**462**|Short Term 12|2013|
|**463**|Simon of the Desert|1965|
|**464**|Kings of the Road|1976|
|**465**|Great Expectations|1946|
|**466**|The Lady Vanishes|1938|
|**467**|Only Yesterday|1991|
|**468**|Last Year at Marienbad|1961|
|**469**|Kiki's Delivery Service|1989|
|**470**|Ballad of a Soldier|1959|
|**471**|Peeping Tom|1960|
|**472**|Él|1953|
|**473**|Stray Dog|1949|
|**474**|Being There|1979|
|**475**|The Graduate|1967|
|**476**|The Killers|1946|
|**477**|Little Women|2019|
|**478**|Incendies|2010|
|**479**|Journey to Italy|1954|
|**480**|The Naked Island|1960|
|**481**|Kanal|1957|
|**482**|L'Eclisse|1962|
|**483**|Charade|1963|
|**484**|L'Argent|1983|
|**485**|Monsters, Inc.|2001|
|**486**|Aladdin|1992|
|**487**|Amarcord|1973|
|**488**|I Was Born, But...|1932|
|**489**|To Have and Have Not|1944|
|**490**|The Umbrellas of Cherbourg|1964|
|**491**|Cat on a Hot Tin Roof|1958|
|**492**|Almost Famous|2000|
|**493**|Forrest Gump|1994|
|**494**|Vivre Sa Vie|1962|
|**495**|Black Narcissus|1947|
|**496**|The Marriage of Maria Braun|1979|
|**497**|Investigation of a Citizen Above Suspicion|1970|
|**498**|Ivan the Terrible, Part I|1944|
|**499**|The Roaring Twenties|1939|
|**500**|Kwaidan|1964|",2023-09-12T18:32:00,34,21,https://www.reddit.com/r/movies/comments/16gz2t0/these_are_the_top_500_movies_of_all_time/,Oppenheimer,"Oppenheimer, Spider-Man: Across the Spider-Verse"
164ooqc,movies,"If there was a 2023 remake to the classic ""Thirteen Days"" (2000), who would you cast?","I recently rewatched Thirteen Days and honestly, it's amazing, and as it has been said before, it's almost historically accurate. 

So, this got me thinking, if there was a remake in 2023, who would be cast in major roles? I think a part of this is coming bc I watched Oppenheimer recently, so I kept comparing the two casts a lot, like Dean DeHaan would make a good McNamara, Casey Affleck, as much as there are issues, could fit in as Commander Ecker and so on 

What do you think? I'm genuinely curious",2023-08-29T17:29:00,0,8,https://www.reddit.com/r/movies/comments/164ooqc/if_there_was_a_2023_remake_to_the_classic/,Oppenheimer,Oppenheimer
15sqx4c,movies,My 2 favorite movies from each year since I was born (two movies because there are some examples where I really can't decide between the two):,"2004: Million Dollar Baby, Eternal Sunshine of the Spotless Mind

2005: Batman Begins, V for Vendetta

2006: The Departed, The Prestige

2007: No Country for Old Man, Perfume: The Story of a Murderer

2008: The Dark Knight, The Curious Case of Benjamin Button

2009: Inglourious Basterds, Watchmen

2010: Shutter Island, Inception

2011: Rise of the Planet of the Apes, X-Men: First Class

2012: The Dark Knight Rises, Skyfall

2013: The Wolf of Wall Street, Dallas Buyers Club

2014: Interstellar, Whiplash

2015: Ex Machina, Mad Max: Fury Road

2016: The Revenant, Arrival

2017: Logan, Blade Runner 2049

2018: A Quiet Place, A Star is Born

2019: Once Upon a Time in Hollywood, Joker

2020: 1917, Tenet

2021: No Time to Die, Dune

2022: The Batman, Thirteen Lives

2023: Oppenheimer only so far

&amp;#x200B;",2023-08-16T14:07:13,0,5,https://www.reddit.com/r/movies/comments/15sqx4c/my_2_favorite_movies_from_each_year_since_i_was/,Oppenheimer,Oppenheimer
15o68ij,movies,I’ve seen almost every American movies released in 2023 and I think movies are stronger than ever,"TLDR: This post is entirely just a long rant about how many great movies have come out this year, despite numerous posts i see saying that the industry is getting worse. 

I’ll preface this with some general information:

• I’ve watched movies my whole life, but I am by no means an expert. Just an avid fan.

• Though I have my biases like anyone else, I have no problem watching anything: blockbusters, kids movies, old Hollywood, foreign films, obscure horror, avant-garde… I say this just to point out that I am not subscribed to the notion that large movies (MCU, Fast Franchise, etc) are better or worse than more “artistic endeavors”

• I’m admittedly easy to please, but I think when people “rate” movies, they don’t consider what other movies would be in that same level. For instance, if you see a “mid” movie, I feel like you’d assume that that should be a 5/10. But if you consider what an actual 1, 2, 3, or 4, out of 10 looks like, I think that a 5/10 would actually be a VERY low score. Much like the A - F grading scale, I think a 6 out of 10 is closer to a “mid” movie and 7 is closer to a typical enjoyable movie, but I understand I may be alone in this thought.

• I made it a fun challenge this year to watch every movie that is listed on wikipedias list of American Films of 2023. As of now, I’ve seen 167 of those films and there’s probably 10 or so that have released that I’m still trying to catch

Now to the heart of the matter:

I feel like I can’t go a day without hearing some version of how the MCU has ruined the industry. How audiences need everything spoon fed to them and nothing gets made anymore because attention spans are too short. How comedies don’t exist anymore because DVD sales (If I hear the Matt Damon interview parroted from someone again, I’ll lose my mind)
 
The fact is, there have been a lot of strong movies this year. Some of them are harder to find and may not be advertised as strongly, but MANY of them are being played at your local AMC and people just are t going. Past Lives, You Hurt My Feelings, Theater Camp, and Sanctuary are just a few great movies (in my opinion) that were showing at an AMC and took in less than 10 Million at the box office. Even Skinamarink (which I personally hated) played at AMC for people who want a genuine out of the ordinary movie.

Other great movies are a victim of: 
A) lack of marketing 
B) limited showtimes
C) Not showing in major theaters

Movies like Linoleum, Palm Trees and Powerlines, the Starling Girl, Baby Ruby, Pinball - these basically need to be actively seeked out, but they exist, are being made, and are available almost anywhere.

This is in part due to viewers not being generally interested in these movies, so marketing becomes a waste of money. But the end result is viewers saying  “they only make MCU trash these days!!” (By the way, there’s only been 2 Marvel movies this year. That means 1% of the movies I’ve seen this year were Marvel movies… but still I constantly hear that’s all that’s coming out)

Funny enough, we have a local art cinema that’s relatively new. They play a lot of the things AMC won’t or they host independent local films or show cult classics. I go there a lot and the theaters are typically moderately full for indie darlings or empty-ish for, say, a foreign film or a lesser known property. This theater just had their biggest weekend ever by playing Barbie and Oppenheimer. Sold out shows for both at every time for basically the whole week. These are obviously not independent movies, even if they are not your “typical” blockbuster. But it proves that the theater is not having trouble marketing themselves, so much as the viewers just aren’t as interested in smaller movies.

I saw an episode of Penn &amp; Teller’s Bullshit a few years back about fast food. I’m going to butcher it here, but they were talking to the CEO of Carl’s Jr. And he said something to the effect of “we didn’t start putting a ton of salt and fat in food to trick people into becoming addicted to it, but when we put more salt and fat in it the food tasted better to more people so we sold more food, so we kept the salt and fat in”

These big blockbuster movies are the salt and fat. If you hate these movies, the simplest way to stop them from being made is to stop going to them. And the simplest way to get other movies made is to seek them out and find them. I know we are in a community that is more likely to do so, but it doesn’t do us any good to constantly complain about the Carl’s Jr. existing. People like Carl’s Jr. I’m one of them. But I’m still going to sit down for a steak dinner when I can.

I’m not even trying to continue the notion that the average viewer is a dumb-dumb with no “media literacy” (huge buzzword I see thrown around constantly on tiktok by anyone who wants to claim they’re smarter than the average movie fan). I think people truly just want to hedge their bets that  they’re getting something enjoyable from their $15 movie tickets, so they’re going to go to the big summer hit more than the cerebral, slow-burn thriller.

Listen, I absolutely hated Avatar last year (I still hate it, but I hated it then too - Mitch Hedberg, kinda) but I’m not mad it made all the money in the world. People had a great time and got what they wanted out of it. They can make Avatar movies for the rest of my life and it will not stop me from being able to watch all the Indie movies I want and if I really want to put my money where my mouth is, I won’t go to the next Avatar — but I will go and I’ll pay $30 for 3D Imax because I wan it to be good, so I’ll give it a shot. Sue me!

Now I don’t believe 2023 will go down in history as a major year for film, but there have been a lot of great movies and a TON of enjoyable ones.

Viewers are quick to criticize. Everything is either trash, mid, or the best movie ever. There’s no room for things to just be good or ok and almost no one is seeing actual BAD movies (Life Upside Down, Detective Knight: Independence, etc) and I think it’s hurting how people perceive movies and the industry as a whole.

ImI’m not upset with the industry pushing big movies because I KNOW that great, small movies are still being made and I also like the big ones. I can’t blame the studios or the viewers for making and seeing blockbusters, because people wouldn’t keep watch them if they didn’t get what they want from them. And if they do stop watching, they’ll stop being made! Vote with your wallet! Supply and demand! 

I write this strictly as a fan of movies who wishes that the discourse was less about why the industry is ruined and more about all the great things still being brought to us! It’s all supposed to be entertaining! I hope you enjoyed these disjointed thoughts from some certified non-genius with too much free time.",2023-08-11T11:24:04,0,30,https://www.reddit.com/r/movies/comments/15o68ij/ive_seen_almost_every_american_movies_released_in/,Oppenheimer,"Barbie, Oppenheimer"
15dtyml,movies,What is your tierlist of 2023's cinematic output?,"So, 2023 is into its 2nd half. Now, I'd like to invite you to a tier ranking of movies released so far, with some justifications for the placements, if you may. I shall use the following metric: S (Masterpiece), A (Amazing to Great), B (Pretty Great to Pretty Good) and C (Decent to Meh).

S Tier has only two residents, Babylon and Guardians of the Galaxy Vol. 3. The former was released in my country in 2023, so it counts. AND HOLY SHIT! What a bloody masterstroke. Damien Chazelle stunned me. Everything works. Set design, music, costumes, performances, writing, cinematography, direction! The movie had the most fricking hysterical and hilarious scene, and the most tense scene of the year! It's such a beautiful ode to and deconstruction of cinema, with great characterization, poignant moments and heart-pounding adrenaline rushes. GOTG is James Gunn's magnum opus, providing an amazingly emotional experience, with a fantastic use of its characters, an excellent antagonist and some truly inspired action beats. Even the original soundtrack by John Murphy slaps hard. Masterpieces, I tells ya.

A Tier brings in some other heavy hitters. Oppenheimer is another Nolan triumph, dense with tension, information and history. Stunning performances all around, amazing experience. Barbie is a thematic and artistic endeavor of many faces, but most importantly, it's very charming and fun. Pamfir, a Ukrainian crime drama, is one of the reasons I'm warming up to indie films. Insanely beautiful, quite moving and very naturalistic. Pale Blue Eye is basically a twin film, but with American aesthetic, academic setting and 1830's time period. Nonetheless, it is very bold with some its choices. And Dial of Destiny brings back the good ol' Indiana Jones spirit while providing some good feels and fascinating ideas that keep the series fresh.

B Tier is a step lower, but still good. Luther: The Fallen Sun is one of the most underrated movies of the year. Killer acting by Andy Serkis, Idris Elba and Cynthia Erivo, fan-tastic score by Lorne Balfe, excellent premise... Of course, there are a few flaws with the execution, but I can't deny the goods. Codename: Poland is a hilarious as shit comedy with some relevant themes and topics surrounding my country and overall just a good time. You People is an equally good satire on American Jews. Beau Is Afraid takes some big swings, which, while not always successful, feel bold and inspired enough. Also, it is a neat psychological examination of the protagonist. John Wick, despite emotional hollowness, keeps the technical craft intact and makes for a satisfying conclusion. The Flash brims with humor, energy and wit behind the camera. Stupid writing choices bog it down, but Ezra Miller's embodied performances, overall technical execution and some songs by Benjamin Wallfisch are enough to preserve the quality.

C Tier: Creed 3 is just decent. Nothing groundbreaking, nothing bad. Knights of the Zodiac is agressively meh. There are small great moments here and there, but the plot is just underdeveloped and confusing. Oh, and the performances don't always help.

&amp;#x200B;

Anyways, how about you?",2023-07-30T19:25:11,0,2,https://www.reddit.com/r/movies/comments/15dtyml/what_is_your_tierlist_of_2023s_cinematic_output/,Oppenheimer,"Barbie, Oppenheimer"
15cd0qf,movies,Favorite films of 2023 so far?,"We’re a little over halfway through 2023, wanted to see what other people’s favorites of the year have been so far! Here’s my top 3 -

1. Oppenheimer: A+ - Probably my favorite of the decade. Haunting, engaging, and immersive as hell.

2. Guardians 3: A - One of the best MCU films, expertly balancing humor, emotion and badass action. Good send-off.

3. Across the Spider-Verse: A-, Visually dazzling, soundtrack is amazing and emotionally thrilling but loses some points for the cliffhanger ending.

Honorable Mentions: Mission Impossible 7, Air, John Wick 4, Talk To Me",2023-07-28T23:44:01,14,41,https://www.reddit.com/r/movies/comments/15cd0qf/favorite_films_of_2023_so_far/,Oppenheimer,"Oppenheimer, Spider-Man: Across the Spider-Verse"
155ag1m,movies,Official Discussion - Oppenheimer [SPOILERS],"#Poll

**If you've seen the film, please rate it [at this poll](https://youpoll.me/105011/)**

**If you haven't seen the film but would like to see the result of the poll [click here](https://youpoll.me/105011/r)**

#Rankings

[Click here](https://youpoll.me/list/138/) to see the rankings of 2023 films

[Click here](https://youpoll.me/list/4/) to see the rankings for every poll done

---
**Summary:**

The story of American scientist J. Robert Oppenheimer and his role in the development of the atomic bomb.

**Director:**

Christopher Nolan

**Writers:**

Christopher Nolan, Kai Bird, Martin Sherwin

**Cast:**

* Cillian Murphy as J. Robert Oppenheimer
* Emily Blunt as Kitty Oppenheimer
* Matt Damon as Leslie Groves
* Robert Downey Jr. as Lewis Strauss
* Alden Ehrenreich as Senate Aide
* Scott Grimes as Counsel
* Jason Clarke as Roger Robb

--
**Rotten Tomatoes:** [93%](https://www.rottentomatoes.com/m/oppenheimer_2023)

**Metacritic:** [89](https://www.metacritic.com/movie/oppenheimer)

**VOD:** Theaters",2023-07-21T02:07:53,6210,20589,https://www.reddit.com/r/movies/comments/155ag1m/official_discussion_oppenheimer_spoilers/,Oppenheimer,Oppenheimer
153z01q,movies,Christopher Nolan's 'Oppenheimer' - Review Thread,"**Oppenheimer - Review Thread**

* [Rotten Tomatoes](https://www.rottentomatoes.com/m/oppenheimer_2023): 93% (137 Reviews)
&gt;**Critics Consensus**: Oppenheimer marks another engrossing achievement from Christopher Nolan that benefits from Murphy's tour-de-force performance and stunning visuals.

* [Metacritic](https://www.metacritic.com/movie/oppenheimer): 90 (49 Reviews)

Review Embargo Lifts at 9:00AM PT

Reviews:

[Hollywood Reporter](https://www.hollywoodreporter.com/movies/movie-reviews/oppenheimer-review-christopher-nolan-cillian-murphy-robert-downey-jr-1235539375/):

&gt;This is a big, ballsy, serious-minded cinematic event of a type now virtually extinct from the studios. It fully embraces the contradictions of an intellectual giant who was also a deeply flawed man, his legacy complicated by his own ambivalence toward the breakthrough achievement that secured his place in the history books.

[Deadline](https://deadline.com/2023/07/oppenheimer-review-christopher-nolan-epic-thriller-atomic-bomb-frightening-brilliant-1235441243/):

&gt;From a man who has taken us into places movies rarely go with films like Interstellar, Inception, Tenet, Memento, the Dark Knight Trilogy, and a very different but equally effective look at World War II in Dunkirk, I think it would be fair to say Oppenheimer could be Christopher Nolan’s most impressive achievement to date. I have heard it described by one person as a lot of scenes with men sitting around talking. Indeed in another interation Nolan could have turned this into a play, but this is a movie, and if there is a lot of “talking”, well he has invested in it such a signature cinematic and breathtaking sense of visual imagery that you just may be on the edge of your seat the entire time.

[Variety](https://variety.com/2023/film/reviews/oppenheimer-review-christopher-nolan-cillian-murphy-1235672159/):

&gt;“Oppenheimer” tacks on a trendy doomsday message about how the world was destroyed by nuclear weapons. But if Oppenheimer, in his way, made the bomb all about him, by that point it’s Nolan and his movie who are doing the same thing.

[IGN](https://www.ign.com/articles/oppenheimer-review)(10/10):

&gt;A biopic in constant free fall, Oppenheimer is Christopher Nolan’s most abstract yet most exacting work, with themes of guilt writ-large through apocalyptic IMAX nightmares that grow both more enormous and more intimate as time ticks on. A disturbing, mesmerizing vision of what humanity is capable of bringing upon itself, both through its innovation, and through its capacity to justify any atrocity.

[IndieWire](https://www.indiewire.com/criticism/movies/oppenheimer-review-christopher-nolan-1234885847/) (B):

&gt;But it’s no great feat to rekindle our fear over the most abominable weapon ever designed by mankind, nor does that seem to be Nolan’s ultimate intention. Like “The Prestige” or “Interstellar” before it, “Oppenheimer” is a movie about the curse of being an emotional creature in a mathematical world. The difference here isn’t just the unparalleled scale of this movie’s tragedy, but also the unfamiliar sensation that Nolan himself is no less human than his characters.

[Total Film](https://www.gamesradar.com/oppenheimer-review/) (5/5):

&gt;With espionage subtexts and gallows humour also interwoven, the film’s cumulative power is matched by the potency of Nolan’s questioning. Possibly the most viscerally intense experience you’ll have in a cinema this year, the Trinity test in particular arrives fraught with uncertainty. Might the test inadvertently spark the world’s end? Well, it didn’t - yet. Even as Oppenheimer grips in the moment, Nolan ensures the aftershocks of its story reverberate down the years, speaking loudly to today.

[Collider](https://collider.com/oppenheimer-movie-review/) (A):

&gt;*Oppenheimer* is a towering achievement not just for Nolan, but for everyone involved. It is the kind of film that makes you appreciative of every aspect of filmmaking, blowing you away with how it all comes together in such a fitting fashion. Even though Nolan is honing in on talents that have brought him to where he is today, this film takes this to a whole new level of which we've never seen him before. With *Oppenheimer*, Nolan is more mature as a filmmaker than ever before, and it feels like we may just now be beginning to see what incredible work he’s truly capable of making.

[USA Today](https://www.usatoday.com/story/entertainment/movies/2023/07/19/oppenheimer-movie-review-christopher-nolan/70429410007/):

&gt;Stylistically, “Oppenheimer” recalls Oliver Stone's ""JFK"" in the way it weaves together important history and significant side players, and while it doesn't hit the same emotional notes as Nolan's inspired ""Interstellar,"" the film succeeds as both character study and searing cautionary tale about taking science too far. Characters from yesteryear worry about nervously pushing a fateful button and setting the world on fire, although Nolan drives home the point that fiery existential threat could reignite any time now.

[Chicago Times](https://chicago.suntimes.com/movies-and-tv/2023/7/19/23800288/oppenheimer-review-movie-christopher-nolan-cillian-murphy-robert-downey-jr-emily-blunt-matt-damon)(4/4):

&gt;Magnificent. Christopher Nolan’s three-hour historical biopic Oppenheimer is a gorgeously photographed, brilliantly acted, masterfully edited and thoroughly engrossing epic that instantly takes its place among the finest films of this decade.

[Empire](https://www.empireonline.com/movies/reviews/oppenheimer/) (5/5):

&gt;A masterfully constructed character study from a great director operating on a whole new level. A film that you don’t merely watch, but must reckon with.

[ComicBook.com](https://ComicBook.com) (4/5):

&gt;Trades the spectacle of Nolan's previous films for a stellar cast that turns the thrills inwards, making for what is arguably the most important film of his career.

[The Guardian](https://www.theguardian.com/film/2023/jul/19/oppenheimer-review-nolans-atom-bomb-epic-is-flawed-but-extraordinary) (4/5):

&gt;In the end, Nolan shows us how the US’s governing class couldn’t forgive Oppenheimer for making them lords of the universe, couldn’t tolerate being in the debt of this liberal intellectual. Oppenheimer is poignantly lost in the kaleidoscopic mass of broken glimpses: the sacrificial hero-fetish of the American century.

[Los Angeles Times:](https://www.latimes.com/entertainment-arts/movies/story/2023-07-19/oppenheimer-review-christopher-nolan-cillian-murphy-robert-downey-jr)

&gt;That might be a rare failing of this extraordinarily gripping and resonant movie, or it could be a minor mercy. Whatever you feel for Oppenheimer at movie’s end — and I felt a great deal — his tragedy may still be easier to contemplate than our own.

\----

Cast

* Cillian Murphy as J. Robert Oppenheimer
* Emily Blunt as Katherine ""Kitty"" Oppenheimer
* Matt Damon as Leslie Groves
* Robert Downey Jr. as Lewis Strauss
* Florence Pugh as Jean Tatlock
* Josh Hartnett as Ernest Lawrence
* Casey Affleck as Boris Pash
* Rami Malek as David Hill
* Kenneth Branagh as Niels Bohr
* Benny Safdie as Edward Teller
* Dylan Arnold as Frank Oppenheimer
* Gustaf Skarsgård as Hans Bethe
* David Krumholtz as Isidor Isaac Rabi
* Matthew Modine as Vannevar Bush
* David Dastmalchian as William L. Borden
* Tom Conti as Albert Einstein
* Michael Angarano as Robert Serber
* Jack Quaid as Richard Feynman
* Josh Peck as Kenneth Bainbridge
* Olivia Thirlby as Lilli Hornig
* Dane DeHaan as Kenneth Nichols
* Danny Deferrari as Enrico Fermi
* Alden Ehrenreich as a Senate aide
* Jefferson Hall as Haakon Chevalier
* Jason Clarke as Roger Robb
* James D'Arcy as Patrick Blackett
* Tony Goldwyn as Gordon Gray
* Devon Bostick as Seth Neddermeyer
* Alex Wolff as Luis Walter Alvarez
* Scott Grimes as Counsel
* Josh Zuckerman as Giovanni Rossi Lomanitz
* Matthias Schweighöfer as Werner Heisenberg
* Christopher Denham as Klaus Fuchs
* David Rysdahl as Donald Hornig
* Guy Burnet as George Eltenton
* Louise Lombard as Ruth Tolman
* Harrison Gilbertson as Philip Morrison
* Emma Dumont as Jackie Oppenheimer
* Trond Fausa Aurvåg as George Kistiakowsky
* Olli Haaskivi as Edward Condon
* Gary Oldman as Harry S. Truman
* John Gowans as Ward Evans
* Kurt Koehler as Thomas A. Morgan
* Macon Blair as Lloyd Garrison
* Harry Groener as Gale W. McGee
* Jack Cutmore-Scott as Lyall Johnson
* James Remar as Henry Stimson
* Gregory Jbara as Warren Magnuson
* Tim DeKay as John Pastore
* James Urbaniak as Kurt Gödel",2023-07-19T15:59:47,5347,2649,https://www.reddit.com/r/movies/comments/153z01q/christopher_nolans_oppenheimer_review_thread/,Oppenheimer,Oppenheimer
14mnls2,movies,2024 Best Original Score Predictions,"We’re already halfway through 2023. What are some potential contenders for Best Original Score at the 2024 Oscars? Here are my predicted 5:

Dune Part Two - Hans Zimmer

The Killer - Trent Reznor and Atticus Ross

Killers of the Flower Moon - Robbie Robertson

Oppenheimer - Ludwig Goransson

Spider-Man: Across the Spiderverse - Daniel Pemberton

Other possible contenders: Elemental - Thomas Newman, Asteroid City - Alexandre Desplat, Past Lives - Christopher Bear and Daniel Rossen, Indiana Jones and the Dial of Destiny - John Williams, The Creator - Michael Giacchino, Challengers - Trent Reznor and Atticus Ross.",2023-06-30T02:15:32,0,4,https://www.reddit.com/r/movies/comments/14mnls2/2024_best_original_score_predictions/,Oppenheimer,Oppenheimer
16bsq00,movies,"If you were to give your own Academy Awards for the cinematic endeavors of the decade so far (2020-2023), who would your nominees and winners for each category be?","**Best Picture:**

Nominees: Barbie, Oppenheimer, Pamfir, Guardians of the Galaxy Vol. 3, The Green Knight, God's Crooked Lines, Babylon, Glass Onion.

**Winner: Babylon**

**Best Director:**

Nominees: Robert Eggers (The Northman), Baz Luhrmann (Elvis), Sam Raimi (Doctor Strange in the Multiverse of Madness), James Gunn (Guardians of the Galaxy Vol. 3), David Lowery (The Green Knight), Dmytro Sukholyytsky-Sobchuk (Pamfir), Rian Johnson (Glass Onion), Noah Baumbach (White Noise), Christopher Nolan (Oppenheimer), Greta Gerwig (Barbie), Cristian Mungiu (R.M.N), Damien Chazelle (Babylon), Oriol Paulo (God's Crooked Lines)

**Winner: Damien Chazelle**

**Best Leading Actor:**

Tom Holland (Spider-Man: No Way Home), Daniel Craig (No Time To Die), Cillian Murphy (Oppenheimer), Diego Calva (Babylon), Austin Butler (Elvis), Ezra Miller (The Flash), Eddie Redmayne (The Good Nurse), Joaquin Phoenix (Beau Is Afraid)

**Winner: Daniel Craig**

**Best Leading Actress:**

Letitia Wright (Black Panther: Wakanda Forever), Margot Robbie (Barbie/Babylon), Barbara Lennie (God's Crooked Lines), Jessica Chastain (The Good Nurse), Greta Gerwig (White Noise)

**Winner: Margot Robbie**

**Best Supporting Actor:**

Ryan Gosling (Barbie), Robert Downey Junior (Oppenheimer), Ralph Ineson (The Green Knight), Christian Bale (Thor: Love and Thunder), Chukwudi Iwuji (Guardians of the Galaxy Vol. 3), Brad Pitt (Babylon), Edward Norton (Glass Onion)

**Winner: RDJ, but Bale is very close**

**Best Supporting Actress:** 

Angela Bassett (Black Panther: Wakanda Forever), Zoe Lister-Jones (Beau Is Afraid), Lea Seydoux (No Time To Die), Janelle Monae (Glass Onion), Elizabeth Olsen (Doctor Strange in the Multiverse of Madness)

**Winner: Lea Seydoux**

**Best Soundtrack:**

Dune by Hans Zimmer, Luther: The Fallen Sun by Lorne Balfe, Cherry by Henry Jackman, Spider-Man: No Way Home by Michael Giacchino, No Time To Die by Hans Zimmer, Black Adam by Lorne Balfe, Babylon by Justin Hurwitz, Oppenheimer by Ludwig Göransson, Spider-Man: Across the Spiderverse by Daniel Pemberton, Black Panther: Wakanda Forever by Ludwig  Göransson.

**Winner: Ludwig Göransson for Oppenheimer**

**Best Cinematography:**

Linus Sandgren (Babylon/No Time To Die), Masanobu Takiyanagi (The Pale Blue Eye), John Mathieson (Doctor Strange in the Multiverse of Madness), Dune Greg Fraser (Dune/The Batman), Mykyta Kuzmenko (Pamfir),  Tudor Vladimir Panduru (R.M.N), Andrew Droz Palermo (The Green Knight), Hoyte Van Hoytema (Oppenheimer), Paweł Pogorzelski (Beau Is Afraid), Mandy Walker (Elvis), Jarin Blaschke (The Northman)

**Winner: Linus Sandgren for Babylon**

**Best Visual Effects:**

Black Adam, Beau Is Afraid, Multiverse of Madness, Oppenheimer, Barbie, No Time To Die, The Green Knight, Wakanda Forever, The Batman, Babylon, Guardians of the Galaxy Vol. 3, White Noise, The Northman, Elvis.

**Winner: Black Adam**

For the sake of avoiding flame wars, I have omitted the Best Screenplay category.

Your turn.",2023-09-06T19:01:16,0,1,https://www.reddit.com/r/movies/comments/16bsq00/if_you_were_to_give_your_own_academy_awards_for/,Oppenheimer,Oppenheimer
15odqbj,movies,Insomnia or Black Hawk Down or suggestions?,"So around 3 weeks ago I found myself with a partner and kid free night and posted here regarding which movie to watch. My 2 options then were Memento and The Prestige (Nolan fever after the great Oppenheimer) and my god both of those films were spectacular. I would absolutely love to watch something of that calibre again but I know it's probably impossible. I've not stopped thinking about Memento ever since watching it. Seen all of Nolans other movies except Insomnia hence why that's an option for this week. The cast looks brilliant and have heard great things about it so leaning more towards this. Black Hawk Down is a movie I've wanted to watch for a while but I'm half way through reading All Quiet On The Western Front so kind of fancy a war related movie too. Would love to watch the movie but dont want the book spoiled so holding off for another week or so. I'm more than open to suggestions so fire away please. I have considered Tenet again as I didnt fully understand it the first time.

Appreciate all suggestions and thank you everyone who helped me pick Memento the last time. Have a great weekend all!",2023-08-11T16:38:08,0,8,https://www.reddit.com/r/movies/comments/15odqbj/insomnia_or_black_hawk_down_or_suggestions/,Oppenheimer,Oppenheimer
15fyyz1,movies,Top 10 list,"1. Interstellar-9.8
The score, the cinematography, and acting. Everything about this movie is amazing. Driven by the fact I wish to explore the cosmos, this movie is an obvious favorite of mine. 

2. The prestige-9.7
Watching two rival magicians battle it out couldn’t have been more interesting. The twist at the end really set it far above the rest of the movies I’ve seen

3. Oppenheimer-9.7
What do I need to say, being a 3 hour movie it felt much shorter than that. While initially hard to follow along, the movie just makes sense. The contrast between black and white and color was beautifully done, and honestly Strauss sucks.

4. Schindlers list-9.5
Absolutely moving and beautiful. Best WW2 movie of all time. Really brought light to the war efforts and feelings of some Germans. 

5. Empire of the sun-8.9
A different look on WW2 and especially a look into the Japanese invasion of China. The movie does a decent job of portraying how bad the events were but Christian Bales performance is  spectacular and the movie is great 

6. The matrix-8.7
Fascinating movie with an interesting plot. Red pill or blue pill? 

7. Se7en-8.9
What’s in the box??? Best crime movie of all time, (silence of the lambs is also up there) following along the two detectives try to find this sick and twisted murder really brings the movie up. The ending alone is a must watch as well

8. The Batman-8.5
Best Batman movie of all time. Riddler was phenomenal and Patterson did a great job as Batman. Watching Batman turn from a feared vigilante to a hero leading his city to safety was wonderfully done. 

9. American Beauty-8.4
Kevin Spaceys best movie of all time. Watching a man realize his life has meant nothing up until that point was classic and even better was seeing what he did after that. The gay neighbors and hardcore marine put a pressure on the movie that made it seem like everyone would explode at somepoint, and funny enough they mostly did 

10. Slumdog millionaire-8.3
Well done movie with a great story. Following the brothers around on their life stories really draws you in. Not much to say about it but definitely should watch it if you haven’t already



If you couldn’t already tell I’m a big Nolan fan",2023-08-02T04:40:12,0,15,https://www.reddit.com/r/movies/comments/15fyyz1/top_10_list/,Oppenheimer,Oppenheimer
15dq5k9,movies,"How would you rank Christopher Nolan, Martin Scorsese, Steven Speilberg, and Quentin Tarantino by greatness?","I chose these 4 because they're probably the biggest household-name film directors currently. 

My ranking would be:

1. Martin Scorsese (extensive and relatively diverse filmography with a lot of classics, still making great movies deep into his career).
2. Steven Speilberg (has done almost every genre well and has made some of the most iconic films ever. However, personally, I find his highs are less high than Marty and his lows are more low).
3. Christopher Nolan (great at making grand, mind-bending, technically perfect movies. His style isn't always for me but when it works it really works - Oppenheimer is a great example. Unfortunately, he hasn't been doing it for as long as the above two so it would feel wrong placing him higher).
4. Quentin Tarantino (has a very entertaining and unique style and has been very influential. But I feel the feats of his career are less impressive than those of the others).

I was planning to rank them by personal enjoyment underneath so you guys can see my biases, but I honestly love all of them pretty equally - it would be impossible to order based on that. ",2023-07-30T16:45:24,7,42,https://www.reddit.com/r/movies/comments/15dq5k9/how_would_you_rank_christopher_nolan_martin/,Oppenheimer,Oppenheimer
15d8ap3,movies,"IMAX, super special film, does it matter?","Planning on seeing Oppenheimer pretty soon and am unsure the ""best"" way to do so or if it even matters.

I live in the greater Houston area so I have everything from a regular digital screen to IMAX, etc. and have felt that IMAX is pretty good and worth the cost over a normal digital.

I have heard that there is some [special film](https://www.rochesterfirst.com/news/local-news/oppenheimer-movie-uses-special-film-made-at-kodak-in-rochester/) that was used for Oppenheimer because Nolan is a crazy man, but haven't heard how to see the movie show on that special film. Honestly, I am not sure if it is even worth trying to watch it on the film because IMAX is pretty crazy!

  
Any thoughts on the 'best' method for watching movies at the theater?",2023-07-30T01:08:24,0,23,https://www.reddit.com/r/movies/comments/15d8ap3/imax_super_special_film_does_it_matter/,Oppenheimer,Oppenheimer
15cvh1d,movies,"The Prestige, Memento or All Quiet on the Western Front.",So I have a child and partner free evening. Looking to get tuned into a movie and the 3 mentioned above I seem to have been putting off for quite some time. I absolutely love Nolan films at the minute but I watched Oppenheimer last week (incredible) and Interstellar for the 2nd time the week before so that's why I'm including the 3rd non Nolan option. Don't mind subtitles at all. I know Prestige is wildly popular on Reddit so I'm guessing most people would say that but I'm really just looking for suggestions on which one to watch. Or any other incredible movie people can think of. May even be able to watch 2 as it's a late one tonight for the UFC. Much appreciated folks and hope everyone enjoys they're Saturday evening!,2023-07-29T15:46:37,15,71,https://www.reddit.com/r/movies/comments/15cvh1d/the_prestige_memento_or_all_quiet_on_the_western/,Oppenheimer,Oppenheimer
15btwom,movies,Closed caption question,"So after decades of rock concerts, riding motorcycles and years working in IndyCar my husband is going deaf. My hearing is better but if dialog isn’t clear I don’t always get it all either. Now anytime we watch anything at home we have the closed caption turned on so we can enjoy. We used to go to the movies all the time but after the world wide event we haven’t really been back much. We did see Indiana Jones and both of us struggled with the dialog. We want to see Oppenheimer on the big screen but I’ve seen more than one review mention that the dialog can be very muddy at times, thank you Christopher Nolan. Has anyone had any experience with the CC system in the movie theaters? If so, how does it work there and was it worth using it? We’ll probably go either way but I’d really like to be able to enjoy it as well…thanks for any comments or thoughts!",2023-07-28T10:43:34,3,12,https://www.reddit.com/r/movies/comments/15btwom/closed_caption_question/,Oppenheimer,Oppenheimer
154p2e0,movies,"Cillian Murphy on Oppenheimer, Nolan and the job of his life",,2023-07-20T12:04:47,64,6,https://www.nme.com/features/film-interviews/cillian-murphy-interview-oppenheimer-3470442,Oppenheimer,Oppenheimer
154f77x,movies,"While everyone is praising Nolan for shooting Oppenheimer in 100 percent IMAX, something no one is talking about is that Gareth Edwards and Greg Fraser shot their newest film entirely on a Sony FX3 which is a $4,000 prosumer camera. That to me is far more impressive.","I was watching the trailers for the Creator, which are awesome, and I was talking to a buddy about how great Gareth Edwards is with scale and how he shot his debut with camcorders. Apparently he shot his entirely new movie on a Sony FX3. If that's true and this movie does semi well then that's going to be an absolute gamechanger for the indie filmmaking community. Obviously, he had an elite DP in Greg Fraser and expensive lenses, sets, etc, but still to achieve this level of quality  from prosumer camera shows insane skill and capability of what digital filmmaking is capable of. ",2023-07-20T03:05:28,1,14,https://www.reddit.com/r/movies/comments/154f77x/while_everyone_is_praising_nolan_for_shooting/,Oppenheimer,Oppenheimer
1548p8x,movies,"[Oppenheimer] Awesome interview with Christopher Nolan, the first director to film a major motion picture 100% in IMAX.",,2023-07-19T22:14:19,12,11,https://www.youtube.com/watch?v=wearzXv7WIE,Oppenheimer,Oppenheimer
153y9kv,movies,You can watch all three summer blockbusters without bringing another one done,"I watched Mission Impossible 7 recently, and I was left breathless by the end. There absolutely no space to breathe. It was a joyride and one that I thoroughly enjoyed, and I was like man I wish there were more blockbusters this summer, and yet there are! Grace and Ethan Hunt show all the way, Paris was a breath of fresh air.   


Oppenheimer, though an R rated film, will be an absolute experience in imax, and I can't wait to see what Nolan has cooking. The cast is spectacular and everyone fits the role from the trailers. Impactful movie  


Then we have Barbie, imo the biggest wildcard in all of this, essentially a satirical/black comedy of the societal influences of barbie, and the standards that people have to face. 

I've seen the most hate for this film even before the release. Sure maybe not for everyone, but that's the same case for MI7 and Oppenheimer as well. I just love the big screen experience, and I hope I have the time to also watch Oppenheimer and Barbie.   


I encourage everyone to give a chance to all three films, and let me know how you feel about this whole dilemma of what movie to choose. ",2023-07-19T15:31:39,0,5,https://www.reddit.com/r/movies/comments/153y9kv/you_can_watch_all_three_summer_blockbusters/,Oppenheimer,"Barbie, Mission: Impossible – Dead Reckoning Part One, Oppenheimer"
153dcxm,movies,Greta Gerwig's 'Barbie' - Review Thread,"**Barbie - Review Thread**

* [Rotten Tomatoes](https://www.rottentomatoes.com/m/barbie): 89% (110 Reviews)
* [Metacritic](https://www.metacritic.com/movie/barbie): 81 (47 Reviews)

Reviews:

Deadline:

&gt;In essence, *Barbie* is a film that challenges the viewer to reconsider their understanding of societal norms and expectations. While it may be centered on a plastic entity, it is very much a film about the human condition — our strengths and our flaws. It is a reminder that even within the most superficial elements of our culture, there can exist an unexpected depth and an invitation to discourse. Gerwig’s directing is an earnest exploration of identity, societal structures and the courage to embrace change — proving once again that stories can come from the most unusual places.

Hollywood Reporter:

&gt;However smartly done Gerwig’s *Barbie* is, an ominousness haunts the entire exercise. The director has successfully etched her signature into and drawn deeper themes out of a rigid framework, but the sacrifices to the story are clear. The muddied politics and flat emotional landing of *Barbie* are signs that the picture ultimately serves a brand.

Variety:

&gt;It’s kind of perfect that “Barbie” is opening opposite Christopher Nolan’s “Oppenheimer,” since Gerwig’s girl-power blockbuster offers a neon-pink form of inception all its own, planting positive examples of female potential for future generations. Meanwhile, by showing a sense of humor about the brand’s past stumbles, it gives us permission to challenge what Barbie represents — not at all what you’d expect from a feature-length toy commercial.

Empire (4/5):

&gt;Greta Gerwig delivers a new kind of ambitious and giddily entertaining blockbuster that boasts two definitive performances from actors already in their stride. Life after Barbie will simply never be the same again.

The Guardian (3/5):

&gt;Greta Gerwig’s bubblegum-fun-cum-feminist-thesis indulges Ken but pulls its punches as it trips between satire and advert

Entertainment Weekly (A-):

&gt;The fear is that Hollywood will learn the wrong message from *Barbie,* rushing to green light films about every toy gathering dust on a kid's playroom floor. (What's next, *The Funko Pop Movie? Furby: Fully Loaded?* We already have a *Bobbleheads* movie, so maybe we're already there.) But it's Gerwig's care and attention to detail that gives *Barbie* an actual point of view\*,\* elevating it beyond every other cynical, IP-driven cash grab. Turns out that life in plastic really can be fantastic.

Collider (A-):

&gt;Gerwig has created a film that takes Barbie, praises its contribution as an idea to our world, but also criticizes its faults, while also making a film that celebrates being a woman and all the difficulties and beauty that includes. This also manages to be a film that feels decidedly in line with Gerwig’s previous films as she continues her streak as one of the most exciting filmmakers working today. *Barbie* could’ve just been a commercial, but Gerwig makes this life of plastic into something truly fantastic.

IGN (9/10):

&gt;Greta Gerwig’s Barbie is a masterful exploration of femininity and the pressures of perfection. This hyper-femme roller-coaster ride boasts meticulous production design, immaculate casting, and a deep-seated reverence for Barbie herself. Margot Robbie sparkles at the center of the film, alongside Ryan Gosling’s airheaded Ken and America Ferrera’s well-meaning Gloria. Ultimately, Barbie is a new, bold, and very pink entry into the cinematic coming-of-age canon. Absolutely wear your pinkest outfit to see this movie, but make sure you bring tissues along too.

Rolling Stone (4/5):

&gt;This is a saga of self-realization, filtered through both the spirit of free play and the sense that it’s not all fun and games in the real world — a doll’s story that continually drifts into the territory of A Doll’s House.

Insider (B+):

&gt;""Barbie"" offers up a lot of big ideas to ponder, but it frustratingly fails to take a stance on any potential solutions.

Consequence (9/10):

&gt;Barbie is a magic trick, a stellar example of a filmmaker taking a well-established bit of corporate IP and using it to deliver a message loudly and clearly. That Greta Gerwig’s third solo film as director also manages to be a giddy, silly, and hilarious time is essential to its power, and the challenge of this review is thus trying to explore how the magic trick works, while still preserving the flat-out awe I have at what it achieves.

The Independent (5/5):

&gt;Barbie is joyous from minute to minute to minute. But it’s where the film ends up that really cements the near-miraculousness of Gerwig’s achievement. Very late in the movie, a conversation is had that neatly sums up one of the great illusions of capitalism – that creations exist independently from those that created them. It’s why films and television shows get turned into “content”, and why writers and actors end up exploited and demeaned. Barbie, in its own sly, silly way, gets to the very heart of why these current strikes are so necessary.

The Wrap:

&gt;Still, it’s not the aim of “Barbie” to darken your mood as a fun and abundantly populist studio picture, in which Gerwig presents the audience with various Kentastic musical tracks and in one stupendous instance that shouldn’t be spoiled, a friendly middle-finger to Matchbox Twenty through Gosling’s fearless performance. Thanks to Gerwig’s imagination, this “Barbie” is far from plastic. It’s fantastic.

The New York Post (1/4):

&gt;The packaging of “Barbie” is a lot more fun than the tedious toy inside the box.

\----

Synopsis:

&gt;After being expelled from the utopian Barbie Land for being less-than-perfect dolls, [Barbie](https://en.wikipedia.org/wiki/Barbie) and [Ken](https://en.wikipedia.org/wiki/Ken_(doll)) go on a journey of self-discovery together to the real world.

Directed by Greta Gerwig

Written by Greta Gerwig &amp; Noah Baumbach

Cast:

* Margot Robbie as Barbie
* Ryan Gosling as Ken
* America Ferrera as Gloria
* Rhea Perlman as Ruth Handler
* Will Ferrell as the CEO of Mattel
* Different variations of Barbie played by:
   * Kate McKinnon as Weird Barbie
   * Issa Rae as President Barbie
   * Hari Nef as Dr. Barbie
   * Alexandra Shipp as Writer Barbie
   * Emma Mackey as Physicist Barbie
   * Sharon Rooney as Lawyer Barbie
   * Dua Lipa as the Mermaid Barbies
   * Nicola Coughlan as Diplomat Barbie
   * Ana Cruz Kayne as Judge Barbie
   * Ritu Arya as Journalist Barbie
* Different variations of Ken played by:
   * Kingsley Ben-Adir as Ken #1
   * Simu Liu as Ken #2
   * Scott Evans as Ken #3
   * Ncuti Gatwa as Ken #4
   * John Cena as Kenmaid
* Helen Mirren as the narrator
* Emerald Fennell as Midge
* Michael Cera as Allan
* Ariana Greenblatt as Sasha, Gloria's daughter
* Jamie Demetriou as a Mattel employee
* Connor Swindells as Aaron Dinkins, a Mattel intern
* Ann Roth as an old woman who meets Barbie",2023-07-18T23:00:25,2162,1779,https://www.reddit.com/r/movies/comments/153dcxm/greta_gerwigs_barbie_review_thread/,Oppenheimer,"Barbie, Oppenheimer"
152segi,movies,Why is there no Oppenheimer trailer in the IMAX aspect ratio?,"Nolan says that Oppenheimer should be watched in an IMAX movie theatre. Ok, there is not one IMAX 70mm cinema in Germany, but I could certainly fly to London for that. (I've done more nonsensical things.)

The thing is, I don't know why I should watch it there. The resolution is better, ok. But isn't the selling point the special aspect ratio that just shows more of the environment and makes you feel like you're in the middle of the action? Then why is there not one trailer with the IMAX aspect ratio on Youtube?

The answer might be: You don't have an IMAX computer screen. That is true, but I have a 30"" screen and a 65"" smart TV. I have seen a lot of videos comparing the sizes and always was amazed by how much more you can experience the movie.

\[Update: I was under the impression that the whole movie was in 1.43:1 (IMAX aspect ratio), but that's not the case. So a trailer in that aspect ratio would only be possible with key scenes of the movie (probably the Trinity test explosion itself). That answers my question.\]",2023-07-18T08:20:33,0,10,https://www.reddit.com/r/movies/comments/152segi/why_is_there_no_oppenheimer_trailer_in_the_imax/,Oppenheimer,Oppenheimer
152ho9l,movies,Will they play Oppenheimer again at BFI IMAX in the future?,"I've been waiting for Oppenheimer for a while, but I live in Italy and here they won't play the movie in IMAX 70mm (at least not that I'm aware of, but even then I would not be able to go). I have never seen a movie in IMAX 70 mm, and I won't be able to go to London when the film is available. I read that BFI is one of the few cinemas worldwide to keep their copy of IMAX 700 mm films,  and I read that they sometimes show them athegain. The thing is, the only proof I found of this was that they screened a few of Nolan's movies in these months leading to Oppenheimer, but is this a thing they do every once in a while, or was it a one-time thing? I'd be down to plan a trip around the movie, and I am subscribed to their newsletter, but please tell me if they have done this other times with famous movies or if I have to get my hopes down (also, in case they do it, if it's just one screening or multiple, cuz I think it would sell out pretty fast for one screening). If my questions was not clear, please tell me and I'll try to rephrase",2023-07-17T23:30:28,0,5,https://www.reddit.com/r/movies/comments/152ho9l/will_they_play_oppenheimer_again_at_bfi_imax_in/,Oppenheimer,Oppenheimer
15236w5,movies,How Christopher Nolan Crafted the World of Oppenheimer,,2023-07-17T14:15:32,0,6,https://www.vulture.com/article/oppenheimer-christopher-nolan-cillian-murphy-behind-the-scenes.html,Oppenheimer,Oppenheimer
151y8re,movies,I love insomnia and I can't wait for Oppenheimer.,"insomnia is an incredibly under looked Nolan film that no one talks about a film about guilt, a film about morality. we have al pachino who kills it so does Robin Williams. they both represent the bad side of morality the protagonist and antagonist and the younger cop represents the good on the spectrum. it's a fantastically focused screenplay that gets in and gets to the point it's honestly top 5 Nolan for me. 

I'm excited for Oppenheimer because it looks like he's going back to his roots with memento and insomnia. After Tenet and Dunkirk I longed for just a normal film that was character focused and wasn't science fiction and Oppenheimer looks like Nolan is going back to brass tax which Is just exciting.",2023-07-17T10:35:27,5,6,https://www.reddit.com/r/movies/comments/151y8re/i_love_insomnia_and_i_cant_wait_for_oppenheimer/,Oppenheimer,Oppenheimer
14zz8dl,movies,Massive end to 2023,"Oppenheimer, Napoleon, Killers of the Flower Moon , The Killer, Dune, Poor Things, and The Creator. Christopher Nolan vs. Ridley Scott vs. Martin Scorsese vs. David Fincher vs. Denis Villenueve vs Yorghos Lanthimos vs. Gareth Edwards Which ones are you most excited for ? And which ones do you think are going to be an all time masterpiece? CINEMA IS BACK!",2023-07-15T02:13:46,0,9,https://www.reddit.com/r/movies/comments/14zz8dl/massive_end_to_2023/,Oppenheimer,Oppenheimer
14zsg3d,movies,"In your opinion, who is the greatest living director? Your top 3 films to support.","I was having a conversation with a couple of friends regarding this topic, as we were talking about Nolan’s Oppenheimer and Scott’s Napoleon debuting soon. 

For me personally, I have to give it to Ridley Scott. My top 3 films from him are Alien, Blackhawk Down and Gladiator. Alien may be my favorite film of all time, scared the living shit out of me when I saw it first as a young teen. Blackhawk Down showed me a version of war that made me really question the romantic view I had from other media, while still being an incredibly entertaining action film. Then Gladiator, with Russel Crowe and Joaquin Phoenix absolutely knocking it out of the park, is one of the greatest historical epics in film history. 

I’m curious to hear Reddit’s thoughts!",2023-07-14T21:17:24,10,183,https://www.reddit.com/r/movies/comments/14zsg3d/in_your_opinion_who_is_the_greatest_living/,Oppenheimer,Oppenheimer
14yohi2,movies,"Every Christopher Nolan Movie (Ranked), To Watch While Waiting For 'Oppenheimer'",,2023-07-13T15:52:29,0,12,https://www.cinemablind.com/every-christopher-nolan-movie/,Oppenheimer,Oppenheimer
14xxjgp,movies,Oppenheimer Format Question,"I've been reading a lot about the various formats Oppenheimer will be available in. Unfortunately I don't live very close to a theater showing the 70mm IMAX, but I have the option between IMAX Xenon (or Liemax as some call it) or theatrical 70mm film (5/70).

Which would you choose and why?

I'm interested in seeing the film closest to the way Nolan intended it to be seen but not sure which of these formats that would be.

Obviously 70mm IMAX is the best of both worlds but choosing between the two I'm just not sure.

TLDR: IMAX Xenon (Liemax) vs Theatrical 70mm film",2023-07-12T19:05:33,5,15,https://www.reddit.com/r/movies/comments/14xxjgp/oppenheimer_format_question/,Oppenheimer,Oppenheimer
14vc1k0,movies,Why is a movie about the Manhattan Project filmed in 65 mm IMAX?,"I've been seeing all this hype about Oppenheimer being filmed in 65mm IMAX and 65mm Panavision (and projected in 70mm), and how heavy the physical print is. However, why did Nolan decide to film a movie about the Manhattan Project (an event with little to no opportunity for action sequences) in IMAX? 

Nolan himself [states](https://apnews.com/article/oppenheimer-christopher-nolan-0f8c1fdc4a358decee6105cac91a90ae) that the reason why he used IMAX cameras is because of the ""clarity and depth"" and how it ""fills the peripheral vision"" of the audience. Basically, I still don't understand why he chose to emphasize sensory immersion in a movie about a bunch of guys doing calculations and the occasional testing (and maybe detonating) of nukes. 

I'm not saying that the movie will suck because of this, but I don't think the experience would be that different than if it were shot in standard 35 mm. But maybe I'm being too narrow-minded by insisting that IMAX is only good for films with heavy action (who knows, this movie might change my mind).

Of course, it is shallow to judge a creative choice before the movie's out. But I would like to see what other people think of this.",2023-07-09T22:34:40,0,28,https://www.reddit.com/r/movies/comments/14vc1k0/why_is_a_movie_about_the_manhattan_project_filmed/,Oppenheimer,Oppenheimer
14ukpjt,movies,my predictions for the oscar nominees for next year's academy awards.,"best picture: dune part 2, oppenheimer, killers of the flower moon, the killer, napoleon, asteroid city, air, the hill, the creator, the covenant

best actor: cillian murphy-oppenheimer, michael fassbender-the killer, joaquin phoenix-napoleon, leonardo dicaprio-killers of the flower moon, matt damon-air

best supporting actor: christopher walken-dune part 2, ben affleck-air, robert de niro-killers of the flower moon, dennis quaid-the hill, charles parnell-the killer

best supporting actress: emily blunt-oppenheimer, viola davis-air, monica bellucci-mafia mamma, lily gladstone-killers of the flower moon, sophie charlotte-the killer

best director: david fincher-the killer, dennis villnueve-dune part 2, martin scorsese-killers of the flower moon, christopher nolan-oppenheimer, ridley scott-napoleon

best cinematography: oppenheimer, dune part 2, asteroid city, the covenant, napoleon

best production design: barbie, dune part 2, rebel moon, killers of the flower moon, oppenheimer

best costume design: killers of the flower moon, barbie, dune part 2, oppenheimer, killers of the flower moon

best visual effects: guardians of the galaxy vol 3, rebel moon, blue beetle, dune part 2, indiana jones and the dial of destiny

best original score: indiana jones and the dial of destiny, dune part 2, oppenheimer, napoleon, spiderman across the spiderverse

best animated feature: spiderman across the spiderverse, elemental, the teenage mutant ninja turtles mutant mayhem, ladybug and chat noir awakenings, nimona",2023-07-09T00:56:24,0,7,https://www.reddit.com/r/movies/comments/14ukpjt/my_predictions_for_the_oscar_nominees_for_next/,Oppenheimer,Oppenheimer
14u51n6,movies,FILM _ Oppenheimer - What are Perforations?,"Oppenheimer is the first film to be shot with 15 perforations and a 70mm film, and to my understanding, IMAX encapsulates 70mm - 5 and above perforations. What is so special about nolans film being shot in 15? He's done it in 5 before(Dark Knight, Dunkirk). \\

P.S - If anyone has any links for me to research about films(quality, resolution, digital vs analog, etc, please tell me where to get started, im interested!)",2023-07-08T14:00:31,0,2,https://www.reddit.com/r/movies/comments/14u51n6/film_oppenheimer_what_are_perforations/,Oppenheimer,Oppenheimer
14pz03b,movies,Oppenheimer: Where History Meets Filmography - 30 Spoiler Free Fascinating Facts Before the Premiere (Part 1),"I'm thrilled about ""Oppenheimer"" as it combines two subjects I'm passionate about: the history of the Manhattan Project and Christopher Nolan's filmography. To build anticipation for the premiere, I've compiled 30 spoiler free facts that I'll be sharing daily until the theatrical release. Half of these facts (even numbers) delve into Oppenheimer's life, offering glimpses into his character. The other half (odd numbers) shed light on Nolan's production process for the film.  In my history classes, I honed my summarization skills, condensing information to the essential elements with as few words as possible, and I can now apply that exercise here.

&amp;#x200B;

&amp;#x200B;

&amp;#x200B;

\*\*1/30\*\* - Oppenheimer marks Nolan's first movie without Warner Brother’s since his 2nd film Memento back in the year 2000. After Memento, Warner Brothers distributed all 9 of his next films. Nolan became unhappy with Warner Bros when right before the 2020 opening of blockbuster, Tenet, the studio suddenly announced that their movies would simultaneously release both in cinemas and on HBO Max. In light of this, Nolan chose Universal Pictures to produce Oppenheimer, as they were the only studio willing to meet all his requirements: a production budget of $100 million, an additional $100 million for marketing, complete creative control, 20 percent of the gross revenue, and an exclusive theatrical release window of 100 days. Warner Bros responded by scheduling, Barbie, a $100 million budget film of their own to premiere on the exact same day as Oppenheimer for a big budget showdown.

&amp;#x200B;

\*\*2/30\*\* - Oppenheimer's exceptional intelligence showed early on. From ages 7 to 11, Robert’s sole obsessions in life became mineral research and poetry. By the age of twelve, he began utilizing the family typewriter to correspond with renowned geologists regarding rock formations he had discovered in Central Park, New York. Unaware of his age, one of the recipients nominated Robert for membership in the esteemed New York Mineralogical Club. A letter even arrived inviting him to deliver a lecture before the club. Robert begged his father not to have him go, but his father found the entire scenario greatly amusing and accompanied Robert to the event. Upon his introduction to the podium, the startled audience erupted in a roar of laughter. Nevertheless, Robert read through his prepared remarks that was received with a standing ovation.

&amp;#x200B;

\*\*3/30\*\* - Though Oppenheimer is technically Nolan’s first biographical feature, he had planned to make a film about Howard Hughes in the early 2000s, with Jim Carey as the lead actor. “I think it’s the best script I’ve ever written”, reflected Nolan in 2014, “and I had a really wonderful experience writing it. The frustrating part came when the other movie got made first”. Nolan referred to Martin Scorsese making his own Howard Hughes film, The Aviator, before Nolan could begin production. Rather than compete with Scorsese on the same subject, Nolan decided to pivot to another project: Batman Begins. Similar themes from the Howard Hughes script trickled into the character of Bruce Wayne. Nolan’s unmade feature also prepared him to tackle Oppenheimer. Nolan stated, ""I think having written the Howard Hughes script was very important to having the confidence to take this on, particularly structurally, and just knowing that if I could find the right approach, then I would be able to just dive into the guy's life”. Both Hughes and Oppenheimer exhibited striking similarities. They possessed eccentric personalities within their respective fields and grappled with personal struggles in later years, despite their remarkable achievements. This is best summarized in the Oppenheimer trailer, ""You're a dilettante, you're a womanizer, unstable, theatrical, neurotic.""

&amp;#x200B;

\*\*4/30\*\* - Oppenheimer grew up in a privileged Jewish household in New York City where his parents owned a textile business. They spoiled Robert and his brother Frank, granting their every wish and providing them with the best education money could buy. Robert often displaying his intelligence in a boastful manner, making him unpopular with his peers. He once famously told a classmate, “Ask me a question in Latin, and I shall answer you in Greek”. Due to his unapologetic arrogance combined with his rigid, awkward physique, he found it difficult to relate to others and endured severe bullying. One incident at a summer camp involved his annoyed fellow campers stripping him naked and locking him in an icehouse overnight. Reflecting on his childhood experiences, Robert would reflect much later in life, “my luxurious childhood did not prepare me for the fact that the world is full of cruel and bitter things”. Feeling isolated and unloved, he became increasingly withdrawn and turned to his studies, stating to his brother, ""I need physics more than I need friends."" Immersing himself into academics, he excelled in high school, graduating at the top of his class and gaining admission to the best universities in the country. Opting for Harvard, Oppenheimer took full advantage of the available courses, exploring additional subjects such as mathematics, European literature, Eastern religion, and philosophy. His independent study efforts were so remarkable that he was admitted to the graduate physics program as a first-year undergraduate. It was during a thermodynamics graduate course that Oppenheimer developed his fascination with theoretical physics. After only three years at Harvard, Robert graduated Summa Cum Laude with a Bachelor’s in chemistry. Yet, Physics was that subject that captivated him and he yearned to study it with the best. With the help of ambivalent references from Harvard professors, he got admitted to Ernest Rutherford’s laboratory at Cambridge.

&amp;#x200B;

\*\*5/30\*\* - Producer Charles Raven, who had collaborated with Nolan on the Batman trilogy, approached him with the idea of making a movie about an atomic bomb, based on the Pulitzer Prize-winning biography ""American Prometheus."" Enthralled by the idea, Nolan began writing the script for a movie as soon as he completed the book. He found the complexities of Oppenheimer's character, along with the profound weight of the implications to be one of the most challenging scripts he had ever tackled. Plus, the book's many meticulous details along with the possibility of multiple movies within the book itself added to the test. Despite these perimeters, Nolan adhered to the factual accounts presented in the 722-page biography while simultaneously integrating his definite creative style. To approach the project, Nolan decided to adopt a new perspective by writing the script from a first-person point of view, something he had never before attempted. By placing himself in Oppenheimer's shoes, Nolan aimed to capture the immensity of the moment stating, “The idea was to witness how Oppenheimer envisioned this revolutionary transformation of physics. Cinema has often struggled to portray intelligence or genius in a way that truly engages audiences. I wanted to go on this journey alongside Oppenheimer, experiencing the story rather than passing judgment on him. You are faced with these irreconcilable ethical dilemmas with him.”

&amp;#x200B;

\*\*6/30\*\* - Robert lived through a rough emotional state while at Cambridge, where he missed the structured routine of lectures he experienced at Harvard. He disliked the monotonous experimental physics work required for the grad program and preferred theoretical study, which he unfortunately didn’t have time for after long days in the lab. The lack of book theory contributed to his emotional decline. He would often be found motionless in a classroom staring at an empty blackboard, repeating the phrase ""The point is..."" for hours. Fellow grads recollected seeing him lying on the floor, groaning, and muttering incoherently about unsolved science problems leading some to believe he was severely depressed. There were more incidents that indicated Robert was losing control emotionally. Witnesses reported an incident on a train where he was unable to concentrate on his thermodynamics studies due to a nearby couple engaging in intimate behavior. When the man left the car, Robert suddenly attempted to kiss the woman, but was in an instant so overcome with remorse that he fell on his knees, tears streaming, begging for forgiveness. He then again abruptly changed temperament and hurled a suitcase at the woman that missed her head by inches. Yet another incident occurred when Robert traveled to visit a former high school classmate in Paris. Noticing that Oppenheimer was feeling depressed, his friend tried to cheer him by breaking the news that he was to marry his girlfriend. This unexpected news triggered Robert and he hurled himself onto Fergusson and tried to suffocate him. Although Fergusson easily fended off the attack (with Oppenheimer weighing 130 lbs at the time), the episode cemented Robert as a person with deep psychological troubles. This incident further highlighted Robert's deep psychological troubles. Reflecting on that specific stage of life years later, Robert admitted that his inability to process his inner turmoil led to him contemplating ending his life.

&amp;#x200B;

\*\*7/30\*\* - In line with previous projects, Nolan aimed to minimize the use of CGI, especially with the task of visually representing the titular scientists’ inner thoughts on an atomic level. When sharing the completed screenplay with his visual effects supervisor, Andrew Jackson, Nolan emphasized the need to delve into Oppenheimer’s mind. Nolan stressed, “we have to find a way into this guy’s head. We’ve gotta see the world the way he sees it. We’ve gotta see the atoms moving. We’ve gotta see the way he’s imagining waves of energy, the quantum world. And then we have to see how that translates into the Trinity test. We must feel the danger, feel the threat of all of this. Let’s do all these things, but without any computer graphics.”

&amp;#x200B;

\*\*8/30\*\* - Things reached a climax with Robert’s emotional state in an incident with Robert’s tutor. Like most Cambridge students, Oppenheimer had an official counselor, Patrick Blackett. He was popular, good at lab experiments, and functional at systematic science - everything Robert was not. Blackett would later win the Nobel peace prize in 1948 for his work on Cosmic Rays. Patrick hoped to instill in Robert positive habits for better lab results. What developed in Robert, however, was hatred. During a school break, Robert traveled to Corsica with some fellow classmates to take a break from the his lab duties. During the expedition, his peers sensed that Robert seemed more agitated than normal. One night during dinner, a waiter informed Robert about the next ferry that was returning to the mainland. When his friends asked why he was suddenly leaving so early, Robert said he couldn’t bear to tell them. But after drinking more wine, he revealed everything. He vetted about his tutor. In detail he revealed how he loathed the man. Before leaving on the vacation, Robert confessed to injected poisonous chemicals into an apple where he left it on Blackett’s desk. Robert’s companions swiftly notified the Cambridge administration. Blackett had not eaten the apple, but once Cambridge got word that the alleged “poison” used was lethal, they amounted it to attempted murder. Fortunately for Robert, his father happened to be visiting campus that very week and successfully intervened convincing the university to not press criminal charges. Instead, Oppenheimer was put on probation and required to see a psychiatrist in London. Robert was diagnosed with dementia praecox with symptoms that now most closely associate with schizophrenia.

&amp;#x200B;

\*\*9/30\*\* - This movie holds the record for being the longest runtime among Nolan films, with an official duration of just over 3 hours. It surpasses his second longest film, Interstellar, by a 13-minute margin. “The film is so emotional, and it feels like a thriller,” added Emily Blunt, who stars as biologist and Oppenheimer’s wife Katherine. “It’s almost like he’s Trojan-Horsed a biopic into a thriller. It’s a pulse-racing experience, the whole thing really. I was just completely arrested by the story, the portrait of this man, and, I guess, the trauma of a brain like that. When it was over, I could not believe it clocked at three hours”.

&amp;#x200B;

\*\*10/30\*\* - During his four months in London, Oppenheimer sought help from three psychoanalysts. However, he attributed his recovery from depression to two significant factors: the bicycle tour of Corsica that he experienced with his friends, and the reading of Marcel Proust's novel *In Search of Lost Time*. In 1926, Oppenheimer left Cambridge after being invited by the renowned physicist Max Born to study at the University of Göttingen, the world's leading center for theoretical physics in Germany. While at Göttingen, Oppenheimer had the opportunity to interact with colleagues who would later collaborate with him on future projects. These successful individuals included Niels Bohr, Paul Dirac, Enrico Fermi, Edward Teller, and Werner Heisenberg. Oppenheimer's enthusiastic participation in discussions sometimes became overwhelming, leading him to take over seminar sessions with long orations that annoyed many other students. As a result, the students signed a petition to request Robert quiet down or be kicked out of class. Born left the signed letter out on his desk where Oppenheimer could read it, and as a result, Robert’s in class contribution minimized without a word being said by Born. Oppenheimer earned his Philosophy degree at the age of 23 and his PhD just a year later. During his time at Göttingen, he published numerous papers related to physics, making significant contributions to the emerging field of quantum mechanics. One of his most cited works was a paper co-authored with Max Born, known as the Born-Oppenheimer approximation: a groundbreaking advancement in using quantum mechanics to understand molecular behavior and advance precise calculations. Oppenheimer thrived during his time at Göttingen, and by the end of his stay there, he had become one of the leading figures in theoretical physics worldwide.",2023-07-03T23:52:05,24,9,https://www.reddit.com/r/movies/comments/14pz03b/oppenheimer_where_history_meets_filmography_30/,Oppenheimer,"Barbie, Oppenheimer"
14nna27,movies,Oppenheimer Official Interactive Website.,,2023-07-01T06:04:48,38,6,http://www.OppenheimerMovie.com,Oppenheimer,Oppenheimer
14eno04,movies,Christopher Nolan on Why ‘Oppenheimer’ Can Be Seen as a “Horror Movie”,,2023-06-20T21:22:21,5733,587,https://www.hollywoodreporter.com/movies/movie-news/christopher-nolan-oppenheimer-horror-movie-1235519571/,Oppenheimer,Oppenheimer
14c8to4,movies,What's your favorite film by your favorite film director?,"Dunkirk is such a masterpiece of a movie from start to finish. Historically accurate, intense, riveting, and powerful all at the same time. The fact that Dunkirk was such a masterpiece makes me even more excited for Christopher Nolan's Oppenheimer when that releases next month. What is your absolute favorite film by your favorite director?",2023-06-18T02:34:54,16,122,https://www.reddit.com/r/movies/comments/14c8to4/whats_your_favorite_film_by_your_favorite_film/,Oppenheimer,Oppenheimer
145ahr4,movies,What is the future beyond 8K and IMAX film?,"I was watching the IMAX youtube clips about Oppenheimer and how great IMAX is. And was curious what is the future of digital? 16K? I assume that would trump IMAX. IDK what makes IMAX great honestly. But at one point digital 16K or 32K would have to be superior right? 

Anyone know any info on this? I get Nolan hypes up IMAX and stuff, but is digital forever handicapped vs it? I just can't believe that honestly?",2023-06-09T16:54:22,0,22,https://www.reddit.com/r/movies/comments/145ahr4/what_is_the_future_beyond_8k_and_imax_film/,Oppenheimer,Oppenheimer
140ye99,movies,"Christopher Nolan breaks down the best ways to watch a movie, ahead of his ‘Oppenheimer’ release",,2023-06-05T01:55:02,275,196,https://apnews.com/article/oppenheimer-christopher-nolan-0f8c1fdc4a358decee6105cac91a90ae,Oppenheimer,Oppenheimer
13qy5hh,movies,What are your hopes for the remaining months of this cinematic year?,"In short, which movies are you still excited to watch?

I have several:  


**The Flash.** An American superhero movie with lots of expectations on its back. Despite the fookin-goofy looking CGI, abysmal behavior of the lead actor Ezra Miller, and the high chance Andy Muschietti got somehow duped into turning the movie - at least partially - into a cameofest, I am still willing to give the project some benefit of the doubt and suspension of disbelief. And if the narrative somehow disappoints, I'll shrug and just give it a 6.5/10 for sound design and the parts of CGI that end up being immersive.

**Asteroid City.** The first Wes Anderson movie I'm going to watch on the big screen. Excited to fully explore the man's style, though worried about the potentially carefree nature of the movie. Gonna of course make some preparations and watch other movies made by Anderson before the end of June.

**Indiana Jones and the Dial of Destiny.** Yeah, yeah, I know, Rotten Tomatoes and what not. Still, I'm willing to give Lucasfilm a chance because I'm one of those people that don't hate the Crystal Skull and don't understand the hate in general. As for Indy 5, the dynamic between Indiana and Helena has some promise, the concept of the dial brims with potential, and I really appreciate the inclusion of real world events such as the moon landing or the Operation Paperclip. Loved the latter in Winter Soldier, love its presence here as well. And with a cast like that, and James Mangold... Idk, it may still turn out at least decent.

**Barbie.** This is just me wishing the movie ends up being more like The Truman show and less like generic doll stuff it was based on. But if Greta Gerwig is as good a director as she is an actress (and trust me, she can act, that performance in the White Noise was **SOMETHING**) then we're in for a satisfying experience.

**Oppenheimer.** Why, of course, I am one of those that support both teams, how could you tell? Jokes aside, though, another incredibly promising project. Nolan is a well beloved filmmaker in my book, the cast gathered here simply stuns (Pugh, Downey Jr., Murphy, Malek, Blunt, Damon) and we cannot forget about the legendary visuals we are going to get. I only hope the desire for historical truthfulness and the want to create an immersive narrative don't end up contradicting each other.

**The Marvels.** Though, here, the biggest worry is the narrative in itself. I don't know if the plucky fan sidekick they're setting Kamala Khan to be is going to work. I am not sure whether to dread the inevitable musical sequence somewhere in the movie, and I have no idea how Nia DaCosta is going to solve the question of Carol Danvers' untold, unshown 23 years of space heroism. On the brighter side, though, Carol herself seems much more lively and involved in the ensemble (let Brie Larson act, I tell you) and certain concepts of the movie do show potential that I cannot dismiss. Monica Rambeau is still an enigma to me, though.

**Pamfir.** And this is a foreign independent flavor some of you may have been looking for in this list. Don't worry, I'm not this mainstream. After my journey with R.M.N, I am ready to embark upon another voyage with another Eastern European indie drama, this time from Ukraine, not Romania. The trailer drew me in very quickly, presenting a possibly GRIPPING story, with naturalistic yet beautiful visuals and themes that have the power of making something truly special. June, here I come!

**Dune Part II**. Another sci-fi piece I want to be (more than) good so badly. Another excellently cast movie, with hopefully more meat to its narrative than Part I. Fraser-led cinematography will slay as usual, and both Austin Butler and Florence Pugh have a one-of-a-kind chance to shine in this setting. Though I'm not so sure about the Marvelesque momentos of punctuated humor in the teaser...

&amp;#x200B;

Anyways, which movies do YOU hope for to wow you?",2023-05-24T21:22:17,0,7,https://www.reddit.com/r/movies/comments/13qy5hh/what_are_your_hopes_for_the_remaining_months_of/,Oppenheimer,Oppenheimer
13fbf9r,movies,In anticipation of Oppenheimer: Does Nolan have a weird indifference to physics?,"Dunkirk has a sequence where some Brits are trying to escape in a boat that's taking fire. There's an argument where someone in the boat (a traitor?) should be tossed out so it can float away more easily. Maybe that makes sense when the boat isn't flooded with water, but it keeps going as they're all standing waist-deep in water... don't think it helps to kick people out of the boat if everyone in the bottom of the boat is already floating in water.

Interstellar has a sequence where ""to move forward, we have to leave something behind"" (reference to Newton's 3rd law) and it just doesn't apply to kicking off a tiny ship containing Cooper and TARS as a means of propulsion. Thematically it fits, but to propel the ship forward it doesn't seem a realistic form of propulsion... you'd have to push the object off at very high speed to use it as propulsion.

 Tenet... \[throws up hands in air\] ...just seemed like Nolan was having fun with it all.

Don't expect Oppenheimer to be defined by some crazy sequence that ruins it for most people, but Dunkirk and Interstellar are a bit tarnished for me by those 2 weird sequences that really didn't need to be there.",2023-05-12T05:04:20,0,29,https://www.reddit.com/r/movies/comments/13fbf9r/in_anticipation_of_oppenheimer_does_nolan_have_a/,Oppenheimer,Oppenheimer
13779le,movies,"In 'Oppenheimer,' Cillian Murphy leads a Nolan epic",,2023-05-04T02:28:16,5135,660,https://apnews.com/article/oppenheimer-cillian-murphy-christopher-nolan-9b162a6d378d2e27fd718aa4f4d57a1a,Oppenheimer,Oppenheimer
16uu5uq,boxoffice,Will ‘Oppenheimer’ Hit $1 Billion Globally? Inside Christopher Nolan’s Historic Box Office Run,,2023-09-28T22:40:49,284,29,https://variety.com/2023/film/news/oppenheimer-billion-dollar-box-office-christopher-nolan-1235735537/,Oppenheimer,Oppenheimer
16ps8kz,boxoffice,What are you boldest predictions for the remainder of 2023?,"As of the time this post goes live, there will be only 100 days left until 2024. We’ve had plenty of hits and blunders, surprise blockbusters and baffling bombs, movies that have exceeded our expectations in more ways than one.

Before we enter these final weeks and months, I thought it would be fun to give some final predictions, some hot takes to lock in before we continue on. Whether they’re somewhat reasonable or completely out to lunch, let’s discuss about what we think is in store for us.

I’ll begin:

***Taylor Swift’s Eras Tour*** **will not beat** ***Barbie's*** **opening weekend**

I understand that the Swiftie fandom is strong and that pre-sales have been rather impressive, I'm not denying that. However, I think it's important to distinguish major fans versus general audiences.

The reason why *Avengers: Endgame* and *Spider-Man: No Way Home* were as big as they were was because they were significant conclusions to two storylines, and the hype for both movies had bled over onto general audiences. I just don't see that happening with a concert movie, I think the pre-sales will stagnant and the bulk of the people who want to see this movie will see it opening weekend.

There will be some holdover from the more diehard fans, but the appeal of this event is seeing it with a large crowd, so while the weekends may be strong, it'll fall off hard during the week. $100 Million OW is definitely possible, but I wouldn't put it above *Barbie*.

&amp;#x200B;

***Killers of the Flower Moon*** **and** ***Napoleon*** **will be IMAX-heavy hits**

If *Oppenheimer* has proven anything, it's that audiences don't mind coming out for large scale, 3-hour epics helmed by critically-acclaimed directors. With *Flower Moon* bumped up to a wide release, and both movies getting IMAX screens, I think we can expect both of these movies to perform drastically well and break records for their respective creators. Not to mention the star-power of Leonardo DiCaprio (*Flower Moon*) and Joaquin Phoenix (*Napoleon*) are still strong, especially in Phoenix's case, who likely gained a lot of fans after *Joker*.

The only wrinkle in that prediction is the previous releases of the directors. Martin Scorsese hasn't had a box office hit since 2013's *The Wolf of Wall Street* and his last movie was a Netflix exclusive. Ridley Scott had two movies in 2021 - *The Last Duel* and *House of Gucci* \- but neither of them really made bank.

Still, I remain confident that the artist-driven IMAX epic is the genre that will go on to define 2023. I speculated that *Oppenheimer* would perform on par with *Dunkirk*, and it's now Christopher Nolan's most successful movie outside of the *Dark Knight* trilogy.

&amp;#x200B;

***Five Nights at Freddy’s*** **will challenge** ***IT: Chapter One*** **for the horror movie crown**

Even if you've never played a single video game from the series, chances are you've heard the name. The fanbase is a dedicated one, with entries of the franchise still being released to this day. It's also creeping in on the decade-old mark, meaning that it's getting just old enough to be considered nostalgic for the kids who are now teenagers, or teenagers who are now adults.

The only horror property that reached this level of phenomenon was the first part of the *IT* duology (likely due to a crop of strange clown sightings in 2016), which broke plenty of records for the genre. I suspect that *FNaF* will try and break a handful of them, including opening weekend, highest domestic-grossing horror, and biggest Halloween weekend.

It's expected that *The Exorcist: Believer* will be the big horror hit of October, but I think the adaptation of a popular video game will be more popular than another entry in a horror series that peaked back in 1973.

&amp;#x200B;

***Aquaman and the Lost Kingdom*** **will not break DC’s streak of flops**

I say this as someone who is a DC fan, someone who really wanted the DCEU to work, and who thought (and still thinks) that Warner Bros should have let Zach Snyder done his thing.

Anyone who isn't waiting for James Gunn's DCU reboot, or isn't already done with DC as a whole, is only interested in movies that focus on Batman or a Batman-related character. The fact that the trailer only recently came out, and the movie is (currently) still scheduled for a December release, doesn't bode well either. For those reasons, I'm leaning heavily towards *Lost Kingdom* continuing the Year of DC Flops.

As a fan, I'm hoping I'm wrong. The holiday season is quiet in terms of blockbusters, James Wan is fairly consistent, and the first movie and Jason Momoa's portrayal of the character are still fondly remembered. Still, I'm not betting on this movie doing similar business as the first one.

&amp;#x200B;

Those are my hot takes. What are yours?",2023-09-23T02:08:17,366,320,https://www.reddit.com/r/boxoffice/comments/16ps8kz/what_are_you_boldest_predictions_for_the/,Oppenheimer,Oppenheimer
16h7obd,boxoffice,🇸🇦 Christopher Nolan’s ‘Oppenheimer’ becomes best-selling pre-release film of 2023 in Saudi Arabia,,2023-09-13T00:06:22,37,0,https://www.arabnews.com/node/2340621/lifestyle,Oppenheimer,Oppenheimer
16fk3x5,boxoffice,"🇨🇳 China Box Office: ‘Oppenheimer’ Nears $50M But Loses Second Weekend to Local Thriller ‘Dust to Dust’. 🎟️ Local tracking predicts Christopher Nolan's film will top out at around $57 million, making it the fourth biggest-earning U.S. film in China this year.",,2023-09-11T03:00:18,35,5,https://www.hollywoodreporter.com/movies/movie-news/china-box-office-oppenheimer-projection-1235586784/,Oppenheimer,Oppenheimer
16dfvv9,boxoffice,"Oppenheimer became Nolans most successful film in Germany with over 3.5 million admissions ($45.9m gross) surpassing Inception (3.4 million, $36.8m gross) and The Dark Knight Rises (3.2 million, $35.4m gross)","Full Ranking:
- Oppenheimer 3.578.457 ($45.9m)
- Inception 3.426.456 ($36.8m)
- The Dark Knight Rises 3.253.371 ($35.4m)
- The Dark Knight 2.860.247 ($29.6m)
- Interstellar 1.704.389 ($19.8m)
- Tenet 1.685.506 ($19.9m)
- Batman Begins 925.057 ($7.0m)
- Dunkirk 749.639 ($7.7m)
- Memento 347.740 ($1.1m)
- Insomnia 340.480 ($1.9m)
- The Prestige 207.860 ($1.7m)
- Following 8.407",2023-09-08T16:58:40,80,4,https://www.insidekino.de/SP/SPDIR/SPNolanChristopher.htm,Oppenheimer,Oppenheimer
16bm33l,boxoffice,"The Equalizer 3: The Final Chapter had Denzel Washington´s Biggest Opening Weekend since 2007, Barbie beats The Super Mario Bros. Movie &amp; becomes the Biggest 2023 Film, Oppenheimer surpasses Inception &amp; becomes the Biggest Christopher Nolan Film - Germany Box Office","https://preview.redd.it/f1zna39m3mmb1.jpg?width=728&amp;format=pjpg&amp;auto=webp&amp;s=21e7746ae0304e33beefea81f55d47a883fe1c60

 **Weekend 35/23 (August 31st, 2023-September 3rd, 2023) Top 20 in Ticket Sales:** 

|Nr.|Film|Weekend Ticket Sales|Drop|Total Ticket Sales|Weekend|Theaters|Average|Final Total (Prediction)|
|:-|:-|:-|:-|:-|:-|:-|:-|:-|
|1|The Equalizer 3 - The Final Chapter|206,793|\-|206,793|New|560|369|700K|
|2|Barbie|179,411|\-35%|5,294,120|7|866|207|6M|
|3|Oppenheimer|122,983|\-31%|3,578,457|7|733|168|4M|
|4|Rehragout Rendezvous|102,636|\-41%|1,205,377|4|676|152|1.4M|
|5|The Meg - The Trench|61,438|\-30%|924,464|5|438|140|1.05M|
|6|Elemental|51,147|\-18%|1,783,962|11|549|93|1.9M|
|7|Gran Turismo|31,535|\-29%|295,643|4|382|83|350K|
|8|Wild Heart|29,162|\-29%|99,993|2|571|51|200K|
|9|Strays|24,501|\-|37,708|New|382|64|80K|
|10|Ladybug &amp; Cat Noir - The Movie|24,276|\-20%|1,163,024|9|483|50|1.225M|
|11|Sophia, Death and I|21,518|\-|31,597|New|139|155|100K|
|12|Teenage Mutant Ninja Turtles - Mutant Mayhem|16,933|\-26%|279,019|5|379|45|325K|
|13|Mission: Impossible - Dead Reckoning Part One|16,261|\-37%|1,208,628|8|229|71|1.25M|
|14|Lassie - A New Adventure|16,015|\-36%|506,477|6|583|27|550K|
|15|Blue Beetle|14,449|\-44%|97,926|3|334|43|125K|
|16|Past Lives|13,913|\-34%|91,234|3|111|125|150K|
|17|The Last Voyage of the Demeter|8,516|\-50%|71,639|3|219|39|90K|
|18|Jeanne du Barry|6,570|\-35%|23,906|2|99|66|50K|
|19|Talk to Me|6,294|\-20%|125,952|6|125|50|140K|
|20|Indiana Jones and the Dial of Destiny|6,187|\-43%|1,358,064|10|166|37|1.375M|

 **Weekend 35/23 (August 31st, 2023-September 3rd, 2023) Top 20 in Box Office:** 

|Nr.|Film|Weekend Box Office|Drop|Total Box Office|Weekend|Theaters|Average|Final Total (Prediction)|
|:-|:-|:-|:-|:-|:-|:-|:-|:-|
|1|The Equalizer 3 - The Final Chapter|€2,206,349|\-|€2,206,349|New|560|€3,940|€7M|
|2|Barbie|€1,725,893|\-35.8%|€49,656,078|7|866|€1,993|€56M|
|3|Oppenheimer|€1,452,011|\-32.1%|€41,456,288|7|733|€1,981|€46M|
|4|Rehragout Rendezvous|€978,109|\-40.8%|€11,356,405|4|676|€1,447|€13M|
|5|The Meg - The Trench|€656,801|\-29.6%|€9,732,326|5|438|€1,500|€11M|
|6|Elemental|€408,566|\-17.6%|€14,350,233|11|549|€744|€15M|
|7|Gran Turismo|€326,170|\-28.2%|€2,898,987|4|382|€854|€3.3M|
|8|Strays|€243,343|\-|€319,613|New|382|€637|€700K|
|9|Wild Heart|€219,701|\-30.1%|€748,566|2|571|€385|€1.5M|
|10|Sophia, Death and I|€197,563|\-|€197,563|New|139|€1,421|€800K|
|11|Mission: Impossible - Dead Reckoning Part One|€189,405|\-36.5%|€13,564,533|8|229|€827|€14M|
|12|Ladybug &amp; Cat Noir - The Movie|€187,207|\-19.7%|€9,049,789|9|483|€388|€9.4M|
|13|Lassie - A New Adventure|€185,644|\+0.8%|€3,734,655|6|583|€318|€4M|
|14|Teenage Mutant Ninja Turtles - Mutant Mayhem|€132,504|\-27.1%|€2,282,285|5|379|€350|€2.6M|
|15|Past Lives|€133,068|\-33.8%|€821,633|3|111|€1,199|€1.3M|
|16|Blue Beetle|€129,365|\-47.1%|€905,418|3|334|€387|€1.1M|
|17|The Last Voyage of the Demeter|€86,805|\-47.5%|€650,248|3|219|€396|€800K|
|18|Indiana Jones and the Dial of Destiny|€66,067|\-44.3%|€14,750,618|10|166|€398|€14.9M|
|19|Talk to Me|€64,289|\-18.7%|€1,176,754|6|125|€514|€1.3M|
|20|Jeanne du Barry|€62,212|\-34.3%|€217,389|2|99|€628|€425K|

**Other Newcomers:**

|Film|Weekend Ticket Sales|Theaters|Average|
|:-|:-|:-|:-|
|Passages|6,073|67|91|
|The Zen Diary|2,519|62|41|

&amp;#x200B;",2023-09-06T14:42:07,36,3,https://www.reddit.com/r/boxoffice/comments/16bm33l/the_equalizer_3_the_final_chapter_had_denzel/,Oppenheimer,Oppenheimer
16b6o93,boxoffice,"Weekend Actuals for September 1-3 – 'The Equalizer 3' Tops, 'Gran Turismo' Crashes","&amp;#x200B;

https://preview.redd.it/jetsggljejmb1.jpg?width=1920&amp;format=pjpg&amp;auto=webp&amp;s=3f6181ebb262f360cf36becb8701a7324c6df002

https://preview.redd.it/jo8nqxxoejmb1.jpg?width=1920&amp;format=pjpg&amp;auto=webp&amp;s=4514d62fd2495918a3987a9f077902fae8fb7c95

And the summer season has come to an end. Sony's ***The Equalizer 3*** easily took the top spot during Labor Day, maintaining the franchise in consistent box office returns. 

&amp;#x200B;

The top 10 earned a combined $79.1 million through the weekend ($101.3 million four-day). That's up a massive 87% from last year, when ***Top Gun: Maverick*** returned to the top spot on its 15th weekend.

&amp;#x200B;

***The Equalizer 3*** took the top spot with a great $34.6 million ($42 million four-day). That's on par with the previous installments, which just proves how consistent the franchise has become. This is Denzel Washington's 18th movie to debut with $20+ million, which just goes to show that he remains a box office draw. It also marked the second best debut for a movie during Labor Day, just behind ***Shang-Chi and the Legend of the Ten Rings*** ($75.3 million).

&amp;#x200B;

When an action franchise fails to offer anything new, diminishing returns are expected. But Sony and the producers were smart in deviating this installment from the previous; it was sold as the final chapter, and the action took an international setting as it moves to Italy. They also tried to reach older fans of Denzel by casting Dakota Fanning, her co-star in Tony Scott's ***Man on Fire***. And while the previous installments were not affected by their mediocre reviews, this was the first movie in the franchise to hold a fresh score on Rotten Tomatoes (73%).

&amp;#x200B;

According to Sony, the audience was 55% male and a huge 49% was 45 and over. They gave it a strong ""A"" on CinemaScore, the same as its predecessor. There's very little competition on the way, so it should have no problem in reaching $100 million, becoming Denzel's seventh movie to reach that milestone.

&amp;#x200B;

***Barbie*** stayed in second place, easing just 32% for $10.2 million ($13.4 million four-day). The movie has hit the precious $600 million milestone and it still has an incoming IMAX run in a few weeks.

&amp;#x200B;

In third place, DC's ***Blue Beetle*** dipped 41%, earning $7.1 million ($9.4 million four-day). That's a good drop, although Labor Day certainly helped ease the drop. Through Monday, it has grossed a weak $58.7 million, finally passing ***Shazam! Fury of the Gods***, although that's not really worth celebrating.

&amp;#x200B;

***Gran Turismo*** had an unremarkable debut last week, despite having nine days of previews added and National Cinema Day boosting Sunday. But it was decided to allow the word of mouth to speak for itself. After all, there was a chance it could show great holds. After this weekend, though, we can officially call this a disappointment.

&amp;#x200B;

***Gran Turismo*** fell 62% to $6.6 million ($8.7 million). That's an awful drop, although it's not entirely surprising, as it had $3.9 million of early previews accounted in its opening weekend. If we removed the early previews and keep only its Thursday previews, the drop would've been 52%, which is still quite bad. It's the only movie in the Top 10 to fall 50%. If Sony was comfortable with inflating its opening weekend, then they have no right to complain about this drop. Through Monday, it has made just $30.8 million. This no longer has any holiday or boosts on its way, so expect its drops to continue.

&amp;#x200B;

In fifth place, Christopher Nolan's ***Oppenheimer*** added $5.7 million ($7.6 million four-day), which was just 30% off from last week. It's currently sitting at $310.6 million.

&amp;#x200B;

After its first weekends didn't suggest power, ***Teenage Mutant Ninja Turtles: Mutant Mayhem*** has surprised in the past two weeks. It eased just 36% for a $4.6 million weekend ($6.2 million), taking its domestic total to $107.9 million.

&amp;#x200B;

MGM's raunchy comedy ***Bottoms*** had a great debut in 10 theaters last week. For some reason, however, they decided that its wide expansion would be to just 715 theaters this weekend. Due to low amount of screens, it made $3 million ($3.8 million four-day), which is solid given it only cost $11 million. MGM plans to expand it next weekend.

&amp;#x200B;

***Meg 2: The Trench*** continues swimming with $2.8 million ($3.6 million four-day). That takes its domestic total to $79.1 million. It's far off from the original, but this is still killing it overseas.

&amp;#x200B;

***Strays*** dipped just 48% for a $2.5 million weekend ($3.2 million), although that's quite steep considering the rest of the Top 10 had better drops. To date, it has amassed a weak $21.4 million.

&amp;#x200B;

In tenth place, A24's ***Talk to Me*** reached a milestone. It had the best drop in the top 10 with just 22% and a $1.7 million weekend ($2.2 million four-day). With a $44.5 million domestic total, it's officially A24's highest-grossing horror film, passing ***Hereditary***.

&amp;#x200B;

#**OVERSEAS**

&amp;#x200B;

Once again, ***Oppenheimer*** led the international market, adding $49.7 million. Most of that came from China, where it earned a great $30.3 million across five days. The movie reportedly came under projections during the weekdays, before making better numbers on weekends. It currently carries a terrific 9.5 Maoyan audience score. It could leg out, but the weekday grosses will prove to be a challenge. Worldwide, it has crossed $850 million. It will pass $900 million soon, eventually passing ***Bohemian Rhapsody*** as the biggest biopic ever.

&amp;#x200B;

***The Equalizer 3*** debuted in 49 markets, where it earned $26.1 million. That's far better than the previous movies. Its biggest debuts were in the UK ($3.5M), France ($2.8M), Germany ($2.4M), Spain ($1.7M) and Saudi Arabia ($1.6M). It still has big markets like Mexico, Brazil, Japan and South Korea, where it will open until October.

&amp;#x200B;

***Barbie*** added another $13.2 million, taking its worldwide total to $1.38 billion. In bigger news, it has officially passed ***The Super Mario Bros. Movie*** as the year's highest grossing movie. Just impressive all around.

&amp;#x200B;

***Gran Turismo*** added $8.7 million, taking its worldwide total to $81.1 million. This is not really a good amount, as this is its fourth weekend playing worldwide. It had soft debuts in a lot of markets. It debuted in China, where it flopped with just $1 million opening weekend. Even with its $60 million budget, it's unlikely the movie breaks even, especially given that Sony pushed an extensive marketing campaign.

&amp;#x200B;

***Meg 2: The Trench*** continues its great run overseas, adding $8.5 million. That takes its total to $376.4 million worldwide. As mentioned, due to its lower cost and its co-production with China, the movie is already profitable.

&amp;#x200B;

***Teenage Mutant Ninja Turtles: Mutant Mayhem*** added $5.4 million from 6 new markets. That takes its total to pass $150 million worldwide. It's concerning how very little interest it has in the rest of the world (it currently sits at 70/30 split).

&amp;#x200B;

In some ""good"" news, ***Blue Beetle*** and ***Haunted Mansion*** have passed $100 million worldwide. But it's unlikely anyone is popping champagnes over this, considering the former cost $104 million and the latter cost $150 million.

&amp;#x200B;

***Sound of Freedom*** started its international run in Latin American countries. However, Box Office Mojo and The Numbers have not provided numbers. The only figure we have is that it earned over $3 million in Mexico, ranking first. That was higher than ***Blue Beetle***.

&amp;#x200B;

#**MOVIES THAT ENDED THEIR RUN THIS WEEK**

Movie | Release Date | Studio | Domestic Opening | Domestic Total | Worldwide Total | Budget |
----------|:--------:|----------|:--------:|:--------:|:--------:|:--------:
*Spider-Man: Across the Spider-Verse* | June 2 | Sony | $120,663,589 | $381,210,457 | $689,342,516 | $100M

* After five years of anticipation, ***Spider-Man: Across the Spider-Verse*** didn't disappoint and has finally closed with $381 million domestically and $689 million worldwide. That's a fantastic increase from the original, which didn't even hit $400 million back in 2018. Unfortunately, the sequel is not going to meet its date next year as the actors didn't record their lines yet and the animation is not progressing so far. [Let's hope the animators don't have a similar fate to this.](https://www.vulture.com/2023/06/spider-verse-animation-four-artists-on-making-the-sequel.html)

&amp;#x200B;

#**THIS WEEKEND**

&amp;#x200B;

The newest installment in the ***Conjuring*** franchise, ***The Nun II***, is opening. It offers basically the same as the first installment. It could decrease from the original, but these movies are so cheap that it's impossible that they lose money. This won't be any different.

&amp;#x200B;

Focus Features is releasing ***My Big Fat Greek Wedding 3***, seven years after the previous installment. Seven years is not exactly encouraging for sequels, as it fails to achieve that sweet nostalgia spot (10+ years). Besides, while the original was a colossal sleeper hit ($368 million), the sequel failed in attracting an audience with just $90 million. Another decrease is likely.",2023-09-06T01:23:35,86,22,https://www.reddit.com/r/boxoffice/comments/16b6o93/weekend_actuals_for_september_13_the_equalizer_3/,Oppenheimer,"Oppenheimer, Spider-Man: Across the Spider-Verse"
16a3mni,boxoffice,Directors at the Box Office: David Fincher,"Here's a new edition of ""Directors at the Box Office"", which seeks to explore the directors' trajectory at the box office and analyze their hits and bombs. I already talked about [Martin Scorsese's career here](https://redd.it/165lz9h), and as I promised, it's David Fincher's turn.

David Fincher has had an interesting career trajectory. He started his career in 1983 as a visual effects producer, before working as an assistant cameraman and matte photographer on *Return of the Jedi* and *Indiana Jones and the Temple of Doom*. But his intent was always in directing, so he founded the production company Propaganda Films, in which he would direct music videos and commercials. Nevertheless, he didn't get a feature film directorial chance until the early 90s.

From a box office perspective, how reliable is he to deliver a box office hit? 

That's the point of this post. To analyze his career.

#**Alien³ (1992)** 

*""3 times the suspense. 3 times the danger. 3 times the terror.""*

His feature film debut. The movie was stuck so many years in development hell, as Fox executives tried to get Ridley Scott back, but there were no reports of getting James Cameron back. After so many drafts, the Fox executives eventually settled in hiring Fincher, who was just known for music videos and commercials. And even then, the movie still faced many problems during filming, such as reworking the ending and the controversial decision regarding the fate of Newt and Hicks. The movie follows Ellen Ripley on a planet housing a penal colony populated by violent inmates, as she faces the return of an Alien.

The previous *Alien* films were critical and commercial successes. This, not so much. It disappointed in North America, but earned $100 million in the rest of the world, so it was still a box office success. Critical reception was also unfavorable, while audiences hated it, giving it a poor ""C"" on CinemaScore. 

The disdain didn't come just from the public, but from the previous crew. Michael Biehn was reportedly angry with the fate of his character, so he demanded and received almost as much money for the use of his likeness in one scene as he had been paid for his role in *Aliens*. James Cameron and Ridley Scott also expressed disappointment with the film. Fincher himself disowned the film, later quoted as saying: 

&gt; ""I had to work on it for two years, got fired off it three times and I had to fight for every single thing. No one hated it more than me; to this day, no one hates it more than me.""

- **Budget:** $60,000,000.

- **Domestic gross:** $54,927,174.

- **Worldwide gross:** $158,500,000.

#**Se7en (1995)**

*""Long is the way, and hard, that out of hell leads up to light.""*

His second film. The film stars Brad Pitt and Morgan Freeman as two detectives investigating a serial killer whose murders are based on the seven deadly sins.

After the frustrating experience in *Alien³*, Fincher wanted something much more creative just to prove he could be taken seriously in the industry. Fincher expressed interest in the story, not for the police aspect, but for the exploration of the John Doe character. Nevertheless, he clashed with New Line executives over the ending, as the executives wanted it changed to a happier note. Fincher refused to do so, and Brad Pitt stipulated he would only do the film if he ending remained intact.

New Line struggled with the marketing, and had low expectations after middling test audience screenings. But the movie surprised in all ways. While it opened to just $13 million, it had incredible legs, eventually reaching $100 million. Worldwide, even better, as it hit $328 million. New Line specifically chose to open it in September, where it would face very little competition and relied on Pitt's presence to appeal to suburban areas and small towns. Critical reception was extremely positive, and the ending is now hailed as an all time classic.

- **Budget:** $34,000,000.

- **Domestic gross:** $100,125,643.

- **Worldwide gross:** $328,125,643.

#**The Game (1997)**

*""Players wanted.""*

His third film. It stars Michael Douglas as a wealthy investment banker who is given a mysterious birthday gift by his brother — participation in a game that integrates in strange ways with his everyday life. As the lines between the banker's real life and the game become more uncertain, hints of a larger conspiracy begin to unfold.

Critical reception was favorable, although not many considered up to the standard set by *Se7en* just two years prior. It managed to hit $100 million, although it didn't recoup its budget.

- **Budget:** $70,000,000.

- **Domestic gross:** $48,323,648.

- **Worldwide gross:** $109,423,648.

#**Fight Club (1999)**

*""Mischief. Mayhem. Soap.""*

His fourth film. The film is based on the novel by by Chuck Palahniuk and stars Edward Norton, Brad Pitt and Helena Bonham Carter. It follows an unnamed narrator, who is discontented with his white-collar job. He forms a ""fight club"" with soap salesman Tyler Durden, and becomes embroiled in a relationship with a mysterious woman, Marla Singer.

The movie struggled in attaching directors, as some had scheduling conflicts, while others didn't understand the book. Eventually, Fincher was chosen as he has wanted to buy the film rights, although he still hesitated in working again with Fox after the hellish production of *Alien³*. The Fox executives were not convinced of its commercial appeal, and tried to save the film by marketing it as an action film, even promoting it during WWE (talk about not getting what the movie is about). 

The film disappointed at the box office, barely passing $100 million and failing to recoup its budget. Critical reception was polarizing at the time, with many split over the film's messages. The film was also accused of inciting copycat behavior, as many teens started their very own fight clubs. However, the film is the definition of a cult film; it's now often quoted and referenced, and its reputation has grown ever since its premiere in 1999.

- **Budget:** $63,000,000.

- **Domestic gross:** $37,030,102.

- **Worldwide gross:** $101,209,702.

#**Panic Room (2002)**

*""What do you do when your hiding place is their destination?""*

His fifth film. It stars Jodie Foster and Kristen Stewart as a mother and daughter whose new home is invaded by burglars. They lock themselves in a panic room, but the burglars want to enter in order to steal bearer bonds locked inside a floor safe inside the panic room by the previous owners.

After two financial disappointments, Fincher settled for something more simplistic in location, viewing it as a ""popcorn movie"". Whatever he intended, he succeeded, as his film grossed almost $200 million.

- **Budget:** $48,000,000.

- **Domestic gross:** $96,397,334.

- **Worldwide gross:** $197,079,546.

#**Zodiac (2007)**

*""There's more than one way to lose your life to a killer.""*

His sixth film. It stars Jake Gyllenhaal, Mark Ruffalo and Robert Downey Jr. The film tells the story of the manhunt for the Zodiac Killer, a serial murderer who terrorized the San Francisco Bay Area during the late 1960s and early 1970s, taunting police with letters, bloodstained clothing, and ciphers mailed to newspapers.

Fincher accepted to make the film after his attempt to adapt James Ellroy's novel *The Black Dahlia* as a miniseries failed to materialize. He was drawn to the film for his childhood in Marin County during the murders. He wanted the script to be as accurate as possible, even interviewing many people involved in the investigation, inspired by *All the President's Men*. Warner Bros. and Paramount agreed to finance the film, even though they were unconvinced of its prospects given the case's unresolved nature.

The film received acclaim, and has appeared in many lists of best films of the century. Nevertheless, WB's and Paramount's concerns proved to be correct, as the film couldn't double its budget.

- **Budget:** $65,000,000.

- **Domestic gross:** $33,080,084.

- **Worldwide gross:** $84,785,914.

#**The Curious Case of Benjamin Button (2008)**

*""Life isn't measured in minutes, but in moments.""*

His seventh film. It is based on the 1922 short story by F. Scott Fitzgerald. The film stars Brad Pitt as a man who ages in reverse and Cate Blanchett as the love interest throughout his life.

This movie was in development since the 1980s, with actors like Martin Short, Tom Cruise and John Travolta signing to play Benjamin. After directors like Steven Spielberg, Ron Howard and Spike Jonze passed on the offer, Fincher signed. With a $150 million budget, it is his most expensive film to date and his first film to receive a PG-13 rating. The budget was required due to the period setting, as well as the VFX and make-up needed for Benjamin.

The film was a financial success, becoming his highest grossing film, and received a good response among critics and audience. Fincher received his first Oscar nomination for Best Director, as well as his first movie to be nominated for Best Picture. It would lose both to *Slumdog Millionaire*.

- **Budget:** $150,000,000.

- **Domestic gross:** $127,509,326.

- **Worldwide gross:** $335,802,786.

#**The Social Network (2010)**

*""You don't get to 500 million friends without making a few enemies.""*

His eighth film. The film is based on the 2009 book *The Accidental Billionaires* by Ben Mezrich. It portrays the founding of social networking website Facebook. It stars Jesse Eisenberg as Facebook founder Mark Zuckerberg, with Andrew Garfield as Eduardo Saverin, Justin Timberlake as Sean Parker, Armie Hammer as Cameron and Tyler Winklevoss, and Max Minghella as Divya Narendra.

The film was Fincher's most acclaimed work (96% on Rotten Tomatoes, 95% on Metacritic) and has been hailed as one of the best films of the century. It was also a box office success, managing to earn $224 million worldwide. Fincher received another Oscar nomination for Best Director and the film was also nominated for Best Picture. It lost both to *The King's Speech*. The screenwriter, Aaron Sorkin, said he's willing to make a sequel if Fincher returns to direct.

- **Budget:** $40,000,000.

- **Domestic gross:** $96,962,694.

- **Worldwide gross:** $224,920,375.

#**The Girl with the Dragon Tattoo**

*""What is hidden in snow comes forth in the thaw.""*

His ninth film. It is based on the 2005 novel by Swedish writer Stieg Larsson. Starring Daniel Craig as journalist Mikael Blomkvist and Rooney Mara as Lisbeth Salander, it tells the story of Blomkvist's investigation to find out what happened to a girl from a wealthy family who disappeared 40 years ago. He recruits the help of Salander, a computer hacker.

There was enormous interest in Larsson's *Millennium* series, and Sony was looking to make an Americanized version of the novel, after the success of the Swedish films. Fincher was fascinated with the size of the story and allowed screenwriter Steven Zaillian to take the story in the way he wanted with minimal interference. They employed a five-act structure, likening to a TV police procedural.

The film received praise from critics and audiences, receiving the first ""A"" on CinemaScore for Fincher. It was also a moderate success, making $232 million. Nevertheless, Sony and MGM were not satisfied with the performance, as they were hoping for at least 10% more. While Fincher, Mara and Craig were all on board with adapting the other two books, Sony chose to reboot instead.

- **Budget:** $90,000,000.

- **Domestic gross:** $102,515,793.

- **Worldwide gross:** $232,617,430.

#**Gone Girl (2014)**

*""You don't know what you've got 'til it's...""*

His tenth film. It is based on the novel by Gillian Flynn, who also wrote the film. It stars Ben Affleck, Rosamund Pike, Neil Patrick Harris, Tyler Perry, and Carrie Coon. In the film, Nick Dunne becomes the prime suspect in the sudden disappearance of his wife, Amy in Missouri.

Reese Witherspoon bought the film rights, planning to star as Amy, before ultimately settling as just a producer. Despite Fox's poor treatment in *Alien³* and *Fight Club*, Fincher accepted to return to the studio and direct the film, working extensively with Flynn on the script.

While *Alien³* and *Fight Club* were considered financial disappointments, Fincher's third time with Fox was the charm. The movie earned a fantastic $369 million worldwide, making it his highest grossing film ever.

- **Budget:** $61,000,000.

- **Domestic gross:** $167,767,189.

- **Worldwide gross:** $369,330,363.

#**Mank (2020)**

*""Netflix International Pictures Presents.""*

His eleventh film. It stars Gary Oldman as screenwriter Herman J. Mankiewicz and his development of the screenplay for the 1941 film *Citizen Kane*.

Fincher wanted to do this film for years, as his father Jack Fincher wrote the script before passing away in 2003. The script was polished by Eric Roth prior to filming. Even though he was coming off his biggest box office success, the movie wound up in Netflix, where Fincher had been working for a few years. As such, there are no box office numbers. He received his third Oscar nomination for Best Director and Best Picture, both losing to *Nomadland*.

#**Future**

His newest film, *The Killer*, will release in Netflix on November 10, 2023. It just premiered at the 80th Venice International Film Festival, and response seems to be very good.

Unfortunately, a third season of *Mindhunter* is not in his plans. [He said:](https://variety.com/2020/film/global/david-fincher-netflix-deal-four-year-1234830045/)

&gt; ""Listen, I don’t see myself gone for two years for a third season; I’d rather dedicate one year to a more modest project, have the luxury of spending six months in pre-production to create two hours of content rather than 10.""

#**Other Projects**

As mentioned, he directed music videos before making movies. Some of these are:

* ""Dance This World Away"" – Rick Springfield (1984)

* ""Englishman in New York"" – Sting (1988)

* ""Janie's Got a Gun"" – Aerosmith (1989)

* ""Vogue"" – Madonna (1990)

* ""Cradle of Love"" – Billy Idol (1990)

* ""Freedom '90"" – George Michael (1990)

* ""Who Is It"" – Michael Jackson (1992)

* ""Love Is Strong"" – The Rolling Stones (1994)

* ""Only"" – Nine Inch Nails (2005)

* ""Suit &amp; Tie"" – Justin Timberlake and Jay-Z (2013)

He was also involved with Netflix in the making of two series. The first was their first buzzy show, *House of Cards*, in which he directed two episodes. He won an Emmy for directing the first episode. The other was *Mindhunter*, for which he directed seven episodes. However, *Mindhunter* was not renewed after its second season, with Fincher expressing exhaustion with the TV schedule and the fact that the viewership was not enough to compensate its high budget.

#**MOVIES (FROM HIGHEST GROSSING TO LEAST GROSSING)**

No. | Movie | Year | Studio | Domestic Total | Overseas Total | Worldwide Total | Budget |
----------|----------|:--------:|----------|:--------:|:--------:|:--------:|:--------:
1 | *Gone Girl* | 2014 | Fox | $167,767,189 | $201,563,174 | $369,330,363 | $61M
2 | *The Curious Case of Benjamin Button* | 2008 | Paramount / Warner Bros. | $127,509,326 | $208,293,460 | $335,802,786 | $150M
3 | *Se7en* | 1995 | New Line Cinema | $100,125,643 | $228,000,000 | $328,125,643 | $34M
4 | *The Girl with the Dragon Tattoo* | 2011 | Sony | $102,515,793 | $130,101,637 | $232,617,430 | $90M
5 | *The Social Network* | 2010 | Sony | $96,962,694 | $127,957,681 | $224,920,375 | $40M
6 | *Panic Room* | 2002 | Sony | $96,397,334 | $100,682,212 | $197,079,546 | $48M
7 | *Alien³* | 1992 | Fox | $54,927,174 | $103,572,826 | $158,500,000 | $60M
8 | *The Game* | 1997 | PolyGram | $48,323,648 | $61,100,000 | $109,423,648 | $70M
9 | *Fight Club* | 1999 | Fox | $37,030,102 | $64,179,600 | $101,209,702 | $63M
10 | *Zodiac* | 2007 | Paramount / Warner Bros. | $33,080,084 | $51,705,830 | $84,785,914 | $65M

Across 10 films, he has made $2,141,795,407 worldwide. That's $214,179,540 per movie.

#**The Verdict**

David Fincher sure knows how to make thrillers, creating movies that manage to build an audience with the years (look at *Fight Club*). Even *Alien³* has its fans, whether he likes it or not. His box office track record is quite solid, 7 of his movies are successes. Although two of them (*Alien³* and *The Girl with the Dragon Tattoo*) fell short of the studio's expectations. But still, it's impressive how almost all of them hit $100 million. He's not close to Nolan or Cameron in box office receipts, but he has a loyal audience who will watch his movies and enjoy a great afterlife in streaming and DVD. Unfortunately, we won't have any idea on how his name translates to ticket sales anytime soon, as *Mank* and *The Killer* went to Netflix and he's under contract until 2024. 

Hope you liked this edition. You can find this and more in the [wiki for this section.](https://www.reddit.com/r/boxoffice/wiki/directors-at-the-box-office)

I asked you in the previous edition to choose the next director. Next week, I'll delve into the box office receipts of... **Stanley Kubrick** (credit to u/MistakenIdentity77 for suggesting it). Suggest who should be next, and the top choice will be the one. And heads up: yes, I will definitely write about **Christopher Nolan**. But I'll do it after *Oppenheimer* ends its run.",2023-09-04T20:50:42,108,27,https://www.reddit.com/r/boxoffice/comments/16a3mni/directors_at_the_box_office_david_fincher/,Oppenheimer,Oppenheimer
168730l,boxoffice,‘Barbie’ Overtakes ‘Super Mario’ As No. 1 Film Of 2023 WW; ‘Oppenheimer’ Passing $850M To Top ‘Inception’ As Christopher Nolan’s 3rd Biggest Movie Ever,,2023-09-02T16:37:16,363,82,https://deadline.com/2023/09/barbie-top-film-2023-oppenheimer-global-milestone-christopher-nolan-inception-box-office-barbenheimer-1235534855/,Oppenheimer,Oppenheimer
1673eeg,boxoffice,"The Equalizer 3: The Final Chapter is on track to have the Biggest Opening Weekend of a The Equalizer Film &amp; Denzel Washington´s Biggest Opening Weekend since 2007, Barbie is on track to pass The Super Mario Bros. Movie during the Weekend to become the Biggest 2023 Film - Germany Box Office","&amp;#x200B;

https://preview.redd.it/sesqyldomllb1.jpg?width=495&amp;format=pjpg&amp;auto=webp&amp;s=47cfaa422ab0da63144ca7e28d82767814a920fa

The Equalizer 3: The Final Chapter has opened in Germany and after it´s Opening Day, it is aiming to open in 1st place with Ca. 210,000 tickets, becoming the first Film to dethrone Barbie, since that Film opened 7 weeks ago.

&amp;#x200B;

The Equalizer 3: The Final Chapter is on track to have the 16th Biggest Opening Weekend of 2023, the 43rd Biggest Opening Weekend since the Pandemic started and the Biggest Opening Weekend of a The Equalizer Film.

&amp;#x200B;

**Top 3 Biggest Equalizer Opening Weekends:**

1. The Equalizer 3: The Final Chapter - Ca. 210,000 tickets
2. The Equalizer - 206,720 tickets
3. The Equalizer 2 - 166,279 tickets

&amp;#x200B;

The Equalizer 3: The Final Chapter is also on track to have the 8th Biggest Opening Weekend of a Denzel Washington Film and to have Denzel Washington´s Biggest Opening Weekend since American Gangster (Opening Weekend: 249,486 tickets), which was released 16 years ago!

&amp;#x200B;

**Top 10 Biggest** **Denzel Washington Opening Weekends:**

1. The Siege – 493,015 tickets
2. The Pelican Brief – 414,066 tickets
3. Déjà Vu – 271,289 tickets
4. The Bone Collector – 262,488 tickets
5. Inside Man – 261,014 tickets
6. American Gangster – 249,486 tickets
7. Philadelphia – 221,746 tickets
8. The Equalizer 3: The Final Chapter - Ca. 210,000 tickets
9. The Equalizer - 206,720 tickets
10. Crimson Tide – 172,636 tickets

Dropped Out: The Equalizer 2 - 166,279 tickets

&amp;#x200B;

Despite falling to 2nd place, Barbie continues to have a phenomenal run with a -36.8% 7th Weekend Drop and with a 7th Weekend Total of Ca. 5.29 million tickets.

So, Barbie should be able to pass The Super Mario Bros. Movie (5,252,973 tickets) this Weekend to become the Biggest Film of 2023 and the 3rd Biggest Film since the Pandemic started, only behind No Time to Die (6,024,915 tickets) &amp; Avatar: The Way of Water (10,191,226 tickets).

Meanwhile Oppenheimer should be able to pass Inception (3,501,793 tickets) during the Weekend to become the Biggest Christopher Nolan Film.

Strays is on track to open with Ca. 32.5K tickets, which would be lower than other recent Mid-Budget Films like: No Hard Feelings (76,270 tickets), Cocaine Bear (49,035 tickets) &amp; Violent Night (44,733 tickets), but bigger than Renfield (24,396 tickets) &amp; The Last Voyage of the Demeter (21,371 tickets).

&amp;#x200B;

**The Current Projection for the Weekend:**

1. The Equalizer 3: The Final Chapter - 210,000 tickets (New)
2. Barbie - 175,000 tickets/ 5,290,000 tickets total -36.8% (7th Weekend)
3. Oppenheimer - 110,000 tickets/ 3,565,000 tickets total -38.6% (7th Weekend)
4. Rehragout Rendezvous - 100,000 tickets/ 1,200,000 tickets total -42.3% (4th Weekend)

?. Strays - 32,500 tickets (New)

?. Sophia, Death and I - 32,500 tickets (New)

&amp;#x200B;

This is only a projection based on the Thursday numbers for these films, so these numbers can definitely still change in the coming days.

I´ll release a post about the actual Weekend numbers, next wednesday.",2023-09-01T10:29:17,23,2,https://www.reddit.com/r/boxoffice/comments/1673eeg/the_equalizer_3_the_final_chapter_is_on_track_to/,Oppenheimer,Oppenheimer
165zu8g,boxoffice,Universal's marketing and distribution creativity since pandemic began is unmatched.,"In 2020:

1. In March 2020, Universal was the first studio who decisively delayed movies.

2. In the beginning of Covid, Universal was the first studio who sent  theatrical movie (Troll World Tour) directly to PVOD and made $90 million profit. This strategy was copied by other studios in 2020.

3. Universal was the first studio to make agreement with AMC and other chains to shorten theatrical window dynamically based on how much the movie does on opening weekend, to 17 days, 31 days, 45 days, or longer.



In 2021:

1. F9 and No Time to Die were able to gross over $700 million in the middle of pandemic and Sing 2 to gross over $400 million when other animated movies (Encanto etc) did extremely poorly.

In 2022:

1. With super intensive marketing, Universal was able to push Jurassic World Dominion, by far the worst reviewed in the franchise, to cross a billion, something that even Disney failed to do with much better reviewed Doctor Strange.

2. Creative marketing helped to push Minions, Puss in Boots, Smile, and M3Gan to  become a hit.

In 2023:

1. Super Mario, need to say more?

2. Oppenheimer. Sure, it's Nolan. But *no one* in their wildest dream expected it to become such a huge success. 3 hour R-rated dialogue-intensive movie.

The only other studio that match Universal marketing ingenuity is WB with Barbie.",2023-08-31T03:32:18,545,70,https://www.reddit.com/r/boxoffice/comments/165zu8g/universals_marketing_and_distribution_creativity/,Oppenheimer,Oppenheimer
165sk0o,boxoffice,IMAX CEO: 1% of US theatres are delivering 30% of Oppenheimer's North American box office,"That's 400 theatres in the US. IMAX is delivering 20% of the film's worldwide box office  


IMAX CEO Rich Gelfond also says 70% of *Oppenheimer's* Chinese previews and pre-sales were IMAX. He expects the film's total Chinese box office to come in around $50 million   


When Nolan was promoting IMAX as the future of the movie industry, back around the time of *Dark Knight Rises*, I thought he was deluded. I can see now he was right  


What that means for the future of theatrical, in terms of the sort of movies studios will make as IMAX becomes a greater percentage of total box office, doesn't inspire me with hope   


Obviously, *Oppenheimer* is a very atypical IMAX success story, but I don't trust other studios and film makers to treat future IMAX-centric movies any better than they did the movies they made when they were trying to promote 3D screenings, back in the oughts    


I hope you like dinosaurs   


[https://podcasts.apple.com/us/podcast/the-growing-power-of-imax-with-its-ceo/id1612131897?i=1000626187656](https://podcasts.apple.com/us/podcast/the-growing-power-of-imax-with-its-ceo/id1612131897?i=1000626187656) 

https://preview.redd.it/xb34ifmxmblb1.png?width=1566&amp;format=png&amp;auto=webp&amp;s=e3ad2027bfe6b6589f74d36c0bf3e9a7367e6d90",2023-08-30T22:16:54,211,41,https://www.reddit.com/r/boxoffice/comments/165sk0o/imax_ceo_1_of_us_theatres_are_delivering_30_of/,Oppenheimer,Oppenheimer
164y47e,boxoffice,'Oppenheimer' shows Christopher Nolan is the prestige box office hero Hollywood needs,,2023-08-29T23:27:57,137,26,https://www.cnbc.com/2023/08/29/oppenheimer-shows-christopher-nolans-box-office-dominance.html,Oppenheimer,Oppenheimer
164xdis,boxoffice,"Christopher Nolan Cut 30 ‘Oppenheimer’ Filming Days In Order To Free Up Money To Save Budget For Sets, Production Designer Ruth De Jong Calls It ‘The Most Incredible Thing’",,2023-08-29T22:58:49,675,122,https://variety.com/2023/film/news/christopher-nolan-cut-oppenheimer-filming-days-save-budget-1235706328/,Oppenheimer,Oppenheimer
164451o,boxoffice,"Weekend Actuals for August 25-27 – 'Gran Turismo' ""Wins"", 'Blue Beetle' Drops, 'Retribution' Flops","&amp;#x200B;

https://preview.redd.it/d3r11udi8ykb1.jpg?width=1920&amp;format=pjpg&amp;auto=webp&amp;s=6d1a609f16774c776b1892599315e9d979a1d024

It was a quiet weekend at the box office. Sony's ***Gran Turismo*** won the weekend, although there's still questioning over the numbers reported. Meanwhile, ***Retribution*** was another flop for star Liam Neeson.

&amp;#x200B;

The top 10 earned a combined $80.7 million, which was up 94% from last year. This weekend was part of the National Cinema Day; for Sunday, tickets for all shows and all formats cost no more than $4. 

&amp;#x200B;

In first place, ***Gran Turismo*** debuted with $17.4 million from 3,856 theaters. However, it should be noted that $5.3 million of that gross came from advanced screenings and its Thursday previews. The movie had **NINE** days of early showings (August 2, 8, 9, 11, 12, 13, 18, 19, and 20) as well as Thursday previews on August 25th. If we removed the advance screenings and just keep its Thursday preview grosses ($1.4 million), the movie debuted with $13.5 million.

&amp;#x200B;

So with all that said, is this a great debut? Probably the best way to describe it is ""modest."" The debut is not bad, but it's not a great result either, especially considering the marketing push and the fact that its weekend was boosted by many factors. Sony clearly invested a lot in the marketing of the movie and the video game brand is certainly popular enough to set certain expectations. But Sony was aware that the brand wouldn't be enough to reach a wider audience, which is why they emphasized the subtitle ***Based on a True Story***. 

&amp;#x200B;

The journey for ***Gran Turismo*** was always on shaky ground. How do you make a film adaptation of a game with no story nor characters? That's why Sony decided to focus on the true story of Jann Mardenborough, a teenage ***Gran Turismo*** player who became a professional race car driver. That was heavily pushed in the marketing, with the ***Gran Turismo*** name taking a backseat to its ""true story.""

&amp;#x200B;

Another thing that Sony did was downplay director Neill Blomkamp's name from the marketing. His name was absent in the trailers and posters, not even displaying ""From the director of ***District 9***"".  Now, an argument can be made that Blomkamp's filmography consists of R-rated sci-fi thrillers, which is a huge contrast to ***Gran Turismo***. 

&amp;#x200B;

But it could also be said that Blomkamp's name is no longer bankable. Back in 2009, he surprised the world when ***District 9*** earned $115.6 million domestically despite no recognizable stars, even getting a Best Picture nomination. Once one of the most promising newcomer filmmakers, his brand declined with ***Elysium*** ($93 million) and ***Chappie*** ($31.5 million), before completely crashing with ***Demonic***, which went to VOD after a limited run in theaters for one week. Whether you like his movies or not, it's clear that the public is no longer interested in Blomkamp's career. Coincidentally, it's Blomkamp's first movie not written by him nor starring Sharlto Copley.

&amp;#x200B;

According to Sony, 68% of the audience was male and 50% was in the 18-34 demographic. In an interesting stat, the best score came from women over 25, where they gave it an astounding 96% in PostTrak (probably due to the presence of David Harbour and Orlando Bloom). Critics gave it a meh 60% on Rotten Tomatoes, but the audience was more forgiving; they gave it a great ""A"" on CinemaScore. The movie should enjoy strong word of mouth, although its Friday-to-Friday drop will look bad due to the enormous amount of preview grosses.

&amp;#x200B;

***Barbie*** remained in second place, easing just 28.2% and earning $15.1 million. It has made $592.8 million so far, and it will hit $600 million in the coming days.

&amp;#x200B;

Last week's champ ***Blue Beetle*** took a dive. It earned $12.1 million, which represents a 51.5% drop. While the 51% drop is quite good for the genre, it does not look good here for two reasons: its opening was just $25 million, and its Sunday was boosted by National Cinema Day. Just look at the rest of the Top 10, it was the only movie to drop over 50%. Through ten days, the movie has earned a weak $45.7 million.

&amp;#x200B;

***Oppenheimer*** is getting two milestones. Thanks to its $8.2 million weekend, it has officially passed ***Inception*** ($292.5 million) to become Christopher Nolan's third highest grossing movie. Only the two ***Dark Knight*** sequels are higher. The other milestone is the fact that on Monday, it will officially pass $300 million, becoming the seventh R-rated movie to pass that mark. Right now, as Lady Gaga said, it's on *The Edge of Glory* with $299 million.

&amp;#x200B;

***Teenage Mutant Ninja Turtles: Mutant Mayhem*** had the best drop among the Top 10. It eased a light 14.6% and grossed $7.2 million. That takes its total to $99.3 million.

&amp;#x200B;

In sixth place, ***Strays*** dipped 40% for a $4.9 million weekend. That's a good drop, although it's still not enough to change things around. Through ten days, it has made just $16.4 million.

&amp;#x200B;

In seventh place, ***Meg 2: The Trench*** eased 29% for a $4.8 million weekend. Considering the poor reception, it's not doing as bad as expected. It has made $74.1 million so far.

&amp;#x200B;

It's not until eighth place where we find the other newcomer, Liam Neeson's latest action thriller ***Retribution***. Unsurprisingly, the movie flopped with just $3.5 million from 1,750 theaters. There isn't much explanation over why it bombed; the movie just did not look good (it felt like a cheap ***Speed*** ripoff). Neeson has been on a very poor streak; ***Memory***, ***Blacklight*** and ***The Marksman*** were duds, and ***Marlowe*** became his lowest grossing movie as leading man. Needless to say, it appears like audiences are giving up on Neeson.

&amp;#x200B;

According to Lionsgate, 61% of the audience was male and 36% was in the 18-34 demographic. Critics destroyed the movie (31% on Rotten Tomatoes), and audiences agreed; it received a poor ""C"" on CinemaScore. The movie will quickly disappear from theaters and become one of Neeson's lowest grossing movies. He should get going with the ***Naked Gun*** reboot soon, as he desperately needs another box office hit.

&amp;#x200B;

There was actually another newcomer this weekend and it was Briarcliff Entertainment's ***The Hill***. Opening at 1,570 theaters, it earned $2.3 million.

&amp;#x200B;

In tenth place, A24's ***Talk to Me*** continued its insane run. It eased just 33.2% for a $2 million weekend. With a $41 million domestically, it's now guaranteed to pass ***Hereditary*** ($44 million) and become the studio's fourth highest grossing movie.

&amp;#x200B;

As part of its 30th anniversary, Universal re-released Steven Spielberg's ***Jurassic Park*** in 1,224 theaters. The movie earned $1.7 million, adding to a $414.1 million domestic total.

&amp;#x200B;

In limited release, MGM's sex comedy ***Bottoms*** opened in 10 theaters before its wide release on Friday. It made $461,052 during the weekend, which translates to a very good $46,105 PTA. Nevertheless, the real test comes on Friday. The movie has enjoyed critical acclaim since its debut at SXSW (95% on Rotten Tomatoes), but original comedies have been struggling in the post-pandemic world.

&amp;#x200B;

#**OVERSEAS**

&amp;#x200B;

***Oppenheimer*** once again led the box office, adding $29.1 million from 82 markets. Part of that includes its debut in Italy, where the movie grossed a massive $9.2 million, Nolan's best in the area. It also debuted with $862K in Greece, which is also Nolan's highest debut. The movie has grossed a fantastic $777.9 million and it should hit $800 million by next weekend. This week, it will debut in China, where it has already collected $1M+ in pre-sales.

&amp;#x200B;

***Barbie*** added another $18.2 million for its fabulous $1.339 billion run. It's set to pass ***Harry Potter and the Deathly Hallows – Part 2*** to become Warner Bros.'s highest grossing movie ever. And at the same time, it will also pass ***The Super Mario Bros. Movie*** to become the year's highest grossing movie.

&amp;#x200B;

***Meg 2: The Trench*** grossed $15 million, adding to its $353 million worldwide gross. It debuted in Japan with $2.9 million, which was above the original. The movie has performed particularly well in China $112.9M), Mexico ($20.1M), UK ($14.4M), France ($12.6M) and Spain ($11.2M). 

&amp;#x200B;

On its third international weekend, ***Gran Turismo*** added $11 million this weekend, taking its worldwide total to $53.9 million. While it had some good holds across Europe, it disappointed in Mexico ($2.2 million) and Brazil ($600K), both muted debuts despite the lack of competition. Its final markets are China, Japan, Italy and South Korea in September.

&amp;#x200B;

#**MOVIES THAT ENDED THEIR RUN THIS WEEK**

&amp;#x200B;

Movie | Release Date | Studio | Domestic Opening | Domestic Total | Worldwide Total | Budget |
----------|:--------:|----------|:--------:|:--------:|:--------:|:--------:
*Transformers: Rise of the Beasts* | June 9 | Paramount | $61,045,464 | $157,066,392 | $437,910,430 | $200M

&amp;#x200B;

* A little late, but it still needed some reporting. ***Transformers: Rise of the Beasts*** has ended its run with $157 million domestically and $437 million worldwide. While it certainly earned more than ***The Last Knight*** and ***Bumblebee*** in North America, it still wound up as the lowest grossing movie worldwide. The franchise is certainly a big toy advertisement, which is where the real money is. But with a $200 million budget, it's weird how Paramount moves forward, as it appears it won't hit the billion mark like Bay's films anytime soon.

&amp;#x200B;

#**THIS WEEKEND**

&amp;#x200B;

Denzel Washington returns to the action genre for the final installment, ***The Equalizer 3***. The previous movies grossed around the similar amount ($101.5 million and $102 million). To propel interest, the movie moves into an international setting (Italy) and it reunites Denzel with Dakota Fanning, following their previous work in ***Man on Fire***. Will the final chapter join the $100+ million club?

&amp;#x200B;

After its limited release, MGM's ***Bottoms*** heads to a wide release. It performed well in 10 theaters, but it will have a tough hill to climb, as original comedies were huge victims of the post-pandemic era.

&amp;#x200B;

#**ANNOUNCEMENT**

&amp;#x200B;

Like previous months, I'll make an August recap. It will be posted on Friday September 1st.

&amp;#x200B;

And because of Labor Day, the Weekend Actuals will be posted unil Tuesday September 5th. But on Monday September 4th, there will be a Summer Recap post.",2023-08-29T01:09:54,75,18,https://www.reddit.com/r/boxoffice/comments/164451o/weekend_actuals_for_august_2527_gran_turismo_wins/,Oppenheimer,Oppenheimer
163v5cs,boxoffice,Christopher Nolan embarks on a one-man campaign to push ‘Oppenheimer’ past a billion,,2023-08-28T19:16:19,622,160,https://monktribune.online/christopher-nolan-embarks-on-a-one-man-campaign-to-push-oppenheimer-past-a-billion/,Oppenheimer,Oppenheimer
1636rbj,boxoffice,Summer 2023 Round Up! Part 3: July,"First off, sorry this one took longer than usual. I was busy and didn't have time to sit down and really hamper this out. For the sake of simplicity, all numbers are going off from where they were at the end of the month, so it does not include any grosses past July 31.

Without further ado, let's begin.

[Check out May's round-up if you haven't already](https://www.reddit.com/r/boxoffice/comments/144p7rg/summer_2023_round_up_part_1_may/?utm_source=share&amp;utm_medium=ios_app&amp;utm_name=ioscss&amp;utm_content=2&amp;utm_term=1)

[Also available is June's round-up](https://www.reddit.com/r/boxoffice/comments/14rpjpl/summer_2023_round_up_part_2_june/)

# July Releases

***Sound of Freedom*** **rings the bell**

A movie that literally came out of nowhere, it managed to hit number one at the box office on July 4th due to an underground marketing campaign which included a Pay It Forward system. Grossing $14 Million on its first day, it surpassed *Indiana Jones and the Dial of Destiny*. However, it was expected to drop off once the initial reviews and after the opening box office.

Due to a media storm wherein the movie was accused of promoting QAnon conspiracy theories, it managed to find an audience outside its target demographic. It finished the first week with $21 Million DOM, and garnered even more in its second week with $36 Million. By the end of July, it had grossed a domestic total of $153 Million against a budget of $14.5 Million.

Whether the reports of empty theatres and astroturfed success hold any water is a debate entirely in and of itself, but the one thing that cannot be denied is that it has blazed a new trail for independent movies and how they can be marketing.

&amp;#x200B;

***Insidious: The Red Door*** **has audiences come knocking**

Patrick Wilson made his directorial debut with the fifth movie in the *Insidious* franchise, marking the return of the Lambert family since the second entry. With a budget of $16 Million, it snagged $33 Million in its opening weekend and snatched the top spot away from *Dial of Destiny*.

At $78 Million DOM by the end of the month, it's on track to surpass the $83 Million gross of *Insidious: Chapter 2* and become the highest grossing movie of the series. Internationally, it's doing just as strong with $120 Million WW. Although it has received subpar reviews, it's clear that the Lamberts are a key part to the success of the franchise.

&amp;#x200B;

***Joy Ride*** **spins out**

As it seems to be the case with most adult-oriented comedies coming out in a post-Covid world, the latest Seth Rogen-produced raunch fest struggled to make moves at the box office. Opening to a tepid $5.8 Million, it plunged to $561K and only broke past $1 Million again on its second Saturday. It experienced a stronger dip in the days to follow, and by the end of July it was making dailies below $100K. At $12 Million DOM and $15 Million WW, it's considered a massive flop due to its $32 Million budget (reportedly, as there is no official number).

It seemed to be a prime candidate for a summer surprise (female-led, mid-summer, R-rated comedy), but it appears to be a victim of a crowded summer, overshadowed by bigger blockbusters and one surprising underdog.

&amp;#x200B;

***Dead Reckoning Part One*** **seems to fail its mission**

Despite a year of anticipation, the success of *Top Gun: Maverick*, and general goodwill of the franchise, Ethan Hunt's latest adventure seemed to perform below expectations. Its $54 Million opening weekend was lower than *Fallout* ($61 Million) and *Rogue Nation* ($55 Million), but by the first Thursday its domestic total had surpassed its predecessors at $99 Million (above *Fallout's* $89 Million and *Rogue Nation's* $79 Million).

Then, the double hit of *Barbie* and *Oppenheimer* severely cut into its legs and it fell 64.6% in its second weekend. By the end of the month, it was already trailing behind the past three entries. Sitting at $140 Million DOM and passing $400 Million WW, it's shaping up to be the lowest-grossing entry of the franchise since it's revival in 2011. The massive $290 Million budget certainly doesn't help matters either.

&amp;#x200B;

***Barbenheimer*** **explodes on the scene**

Two mega hits that I had no choice but to put under one banner.

*Barbie* opened to $162 Million, smashing the record for biggest opening for a female director, instantly becoming the highest-grossing movie of Greta Gerwig's career. By the second weekend, it earned another $93 Million, and was earning, on average, $32 Million a day.

*Oppenheimer* opened in second with $82 Million, making it the highest opening for a non-Batman Chrisopher Nolan movie, with a whooping 40% of revenue coming from IMAX screenings. It continued to impress by outpacing *Interstellar*, *Dunkirk*, and *Inception* in the dailies,  and ended July with $181 Million DOM and $400 Million WW.

Thanks to the budgets of both movies being relatively low at $145 Million and $100 Million respectively, they stand to be the most profitable hits of the summer.

&amp;#x200B;

***Haunted Mansion*** **spooks audiences away**

In a desperate attempt to try and reignite interest in ride adaptations, Disney released *Haunted* *Mansion* into theatres on the second weekend of *Barbenheimer*. Much to the surprise of Bob Iger, it failed to dethrone either juggernaut and opened in third place with $24 Million, slightly below the $24.2 Million OW of 2003's *The Haunted Mansion*.

It seems to be another Disney summer blunder, thanks to its $157 Million budget, a sharp increase from the $90 Million ($115 Million after inflation) of the version from twenty years ago. Despite a more positive reception and an impressive cast, it seems that the new Home of 999 Haunts is the empty theatre seats.

&amp;#x200B;

# Movie Grosses in July

***Spider-Verse*** **outgrosses** ***Guardians***

At the start of this month, *Across the Spider-Verse* had earned $336 Million DOM, trailing slightly behind the $354 Million DOM of *Guardians of the Galaxy Vol. 3*. On Monday July 11, it had caught up and surpassed the James Gunn movie by a little over $1 Million. By July 31, the domestic totals came to $379 Million for *Spider-Verse* and $358 Million for *Guardians*, creating a new champion for the 2023 summer blockbuster (until *Barbie* came along).

Looking back at the day-to-day performances however, it seems that it was only a matter of time before one sequel passed the other. *Guardians* had the lower opening and reached $200 Million DOM in 10 days, *Spider-Verse* reached it in 9.

Both movies seemed to have maxed out, as *Guardians* daily numbers fell to below six figures, while *Spider-Verse* enjoyed its final $1 Million day on Saturday July 22. The MCU's space crew seems to have caught more eyes, as its worldwide take has reached the $800 Million range, while the adventures of Miles Morales and Gwen Stacey seems to stay put in the area of $600-650 Million.

&amp;#x200B;

***The Flash*** **falls to a new low**

After an already pathetic performance in June, *The Flash* grossed an additional $12 Million in domestic numbers. Although it grossed the $100 Million DOM and $200 Million WW milestones, the end result is clear, it's one of, if not the biggest superhero box office bombs. The only question remains as to whether *Blue Beetle* will buck the trend or continue the path of being another flop.

&amp;#x200B;

***Elemental*** **goes the distance**

On the other side of things, Pixar has quite the comeback story on their hands. With an opening weekend that was just over half of *The Flash's*, it was quickly written off as a flop, but then things started to turn around. By the first Wednesday, *Elemental* was already outperforming *The Flash* in the dailies, and by the end of their fourth weekends, its domestic total had passed DC's latest.

Granted, it still stands to lose money thanks to its $200 Million budget, but with positive word of mouth and steady box office flow, the sting of the underperformance is sure to hurt a lot less.

&amp;#x200B;

***Dial of Destiny*** **whips out**

The one movie that Disney was very much banking on to be the hit of the summer is turning out to be their biggest flop. Immediately dropping to number two in its second weekend - thanks to a surprise double whammy of *Insidious: The Red Door* and *Sound of Freedom* \- it kept staggering on, hitting consistent dailies until July 24, its 25th day of release, when it hit $961K. However, it enjoyed the end of the month with a $3.9 Million weekend, putting its domestic total at $167 Million.

With a reported $295-300 Million budget, it's safe to say that Henry Jones Jr. should have left the silver screen when he rode off into the sunset.

&amp;#x200B;

***Asteroid City*** **builds up**

Wes Anderson's latest project spent most of July earning six figures or less per day. That being said, once the calendar turned over, its domestic take was $27.6 Million, effectively making back the $25 Million that was spent producing the movie. It also managed to hit $40 Million worldwide, a number thought impossible after its rough start. Whether it actually is profitable remains to be seen, but one thing's for sure, another Wes Anderson movie is coming our way.

&amp;#x200B;

That's all for this month, folks! See you in September when I recap August.",2023-08-28T00:14:34,17,4,https://www.reddit.com/r/boxoffice/comments/1636rbj/summer_2023_round_up_part_3_july/,Oppenheimer,"Barbie, Oppenheimer"
162zdm7,boxoffice,Christopher Nolan Takes ‘Oppenheimer’ On China Tour; First Major Hollywood Filmmaker To Visit Market Since Start Of Pandemic,,2023-08-27T19:24:07,34,8,https://deadline.com/2023/08/christopher-nolan-oppenheimer-china-premiere-1235529073/,Oppenheimer,Oppenheimer
161wmht,boxoffice,"Universal's Oppenheimer grossed an estimated $2.25M on Friday (from 2,872 locations), which was a 26% decrease from the previous Friday. Estimated total domestic gross stands at $293.27M, passing Inception ($292.59M) to become Christopher Nolan's 3rd highest grossing film domestically.",,2023-08-26T14:25:34,317,51,https://twitter.com/BORReport/status/1695442019387404299?t=wZOKAgiV4sEQ-5ffpJkM3A&amp;s=19,Oppenheimer,Oppenheimer
161muii,boxoffice,"#Oppenheimer still doing impressively well in #Italy’s #BoxOffice, as the #ChristopherNolan biopic grossed another spectacular 1.7M on FRI, dropping just -0.8% from THU, and lifting its cume to 5.5M in just 3 days. Currently aiming an EXPLOSIVE 9M-11M 5-day opening.",,2023-08-26T06:03:21,143,28,https://twitter.com/Luiz_Fernando_J/status/1695314386825429248,Oppenheimer,Oppenheimer
161boow,boxoffice,"‘Gran Turismo’ Seeing $8M Friday (Including $5.3M In Total Previews), Driving Toward $15M-$16M Opening; ‘Barbie’ ($15.3M, -27%) Close Behind; ‘Blue Beetle’ ($10.5M, -58%) In 3rd; ‘Oppenheimer’ ($7.8M, -27%) Passing ‘Inception’ To Become Nolan's 3rd Biggest Film At $298.8M – Weekend Box Office",,2023-08-25T21:24:11,209,110,https://deadline.com/2023/08/box-office-gran-turismo-barbie-blue-beetle-1235528051/,Oppenheimer,Oppenheimer
15uqy9d,boxoffice,"Since Oppenheimer is a success, how much could a Nolan directed Ruth Handler biopic make?","Here's what I'm thinking: Nolan is his own brand. If we ignore Tenet because of the unusual circumstances, every movie he makes has the potential of 500 million world wide.

His succes with Oppenheimer, an R-rated, 3-hour long drama means that every studio will back him with a generous marketing budget.

Barbie (the movie) has generated interest in Ruth Handler.

So let's take 500 million as a starting point. A large marketing budget adds at least another 50 million. Then there is the interest in Barbie and Ruth Handler, that should add at least another 150 million.

So 700 to 800 million is definitely a possibility. With 300 to 500 domestically.

Ruth Handler was more than the woman who invented the Barbie doll and one of the founders of Mattel.

She worked in the movie industry before starting a furniture business with het husband; they were one of the first companies to make furniture out of (transparent) plastic. Ruth landed a contract to sell plastic furniture to an airline company.

When she needed a mastectomy she created a new type of breast prosthetic and founded a new company that sold these prosthetics. First lady Betty Ford was one of the clients.

Ruth got in trouble with the IRS in the 70s and was sentenced to 2,500 hours of community service.

And as a side note, the Barbie doll was inspired by the German Lilli doll which was originally sold to adults. Because men thought she looked attractive. (The marketing was slyly targeted at young men by suggesting that they could give their girlfriend a pretty Lilli doll.)

Plenty of opportunity for a story told in different timelines: from the 1930s to the 1970s. Perfect for Nolan.

Also: new technologies, lawsuits over patent rights, the 1930s movie industry, illness, fake breasts, a presidents wife, sentenced for tax fraud, and Ruth Handler can be played by Greta Gerwig, who still works as an actress.",2023-08-18T17:35:11,0,31,https://www.reddit.com/r/boxoffice/comments/15uqy9d/since_oppenheimer_is_a_success_how_much_could_a/,Oppenheimer,Oppenheimer
15rpg0q,boxoffice,"🇹🇭 OPPENHEIMER has become Nolan's highest grossing movie in Thailand in the past 10 years, and his highest grossing movie ever apart from TDK/TDKR.",,2023-08-15T11:00:23,22,1,https://i.imgur.com/5RTJPNt.jpg,Oppenheimer,Oppenheimer
15ri232,boxoffice,I think people on this website underestimate general audience’s awareness of things,"Whenever someone suggested that Flash flopped because of the fact the DCEU is being restarted, they were met with a response along the lines of “general audiences aren’t aware of that.” However, I think time and time again, we’ve been shown that audiences are smarter than we realise. Take Infinity War for example. That movie did 2 billion dollars, and that’s in large part because the audiences were aware that this was the second-last Avengers film. Another great example is Oppenheimer’s performance, particularly in terms of IMAX. I’m sure general audiences have been aware of the fact that Nolan and everyone involved in the film has extensively discussed the importance of watching it in IMAX, or else it wouldn’t have done as well as it is doing. A 3rd example would be Joker, which grossed a billion, and that’s in part because of the internet controversy. A 4th example is No Way Home, which had a huge opening despite none of the OG Spider-Man’s being in the trailer. That’s because audiences are more aware of online chatter then we expect. There are multiple examples of general audience’s awareness of things, and I think the fact that actors/directors do dozens of interviews, even with small outlets, where they discuss aspects of a movie such as why you should watch it in IMAX, is proof that even people within the industry are aware that general audiences are smarter and more aware then we give them credit.",2023-08-15T04:24:57,175,86,https://www.reddit.com/r/boxoffice/comments/15ri232/i_think_people_on_this_website_underestimate/,Oppenheimer,Oppenheimer
15rc57v,boxoffice,"Weekend Actuals for August 11-13 – 'Barbenheimer' Still on Top, 'Demeter' Sinks","&amp;#x200B;

https://preview.redd.it/s1avkbn136ib1.jpg?width=1920&amp;format=pjpg&amp;auto=webp&amp;s=527b3fd8a44a651fb556cd3e0c10c24e00edda5e

In a quiet weekend, ***Barbie*** and ***Oppenheimer*** maintained the top two spots. Only one newcomer dared to open this weekend, ***The Last Voyage of the Demeter***, and its box office prospects are as dead as the Demeter's crew.

&amp;#x200B;

The top 10 earned a combined $108.5 million this weekend, which was up a massive 95% from last year.

&amp;#x200B;

***Barbie*** held on to the top spot for the fourth weekend in a row. The movie eased just 36.2% and grossed $33.8 million, taking its total to $526.4 million. In the coming days, it will pass ***The Dark Knight*** ($534.9 million) to become WB's highest grossing movie ever, and it will also pass ***The Super Mario Bros. Movie*** ($574.2 million) to become 2023's highest grossing movie.

&amp;#x200B;

***Oppenheimer*** went back to the second spot, easing 35.4% and making $18.8 million. The movie has now made $264.2 million and it will pass ***Sing*** ($270.3 million) in the coming days to become the highest grossing movie to never hit #1.

&amp;#x200B;

In third place, ***Teenage Mutant Ninja Turtles: Mutant Mayhem*** dipped 45.5% for a $15.2 million weekend. Through 12 days, the movie has made $72.3 million and will pass ***Out of the Shadows*** ($82 million) soon, although based on this drop, it does not look like it's heading for a run similar to ***Elemental***.

&amp;#x200B;

In fourth place, ***Meg 2: The Trench*** earned $12.8 million, a 57.2% drop. Considering the awful reception, it could've been much worse, and it wasn't that off from the original's drop (53.4%). The movie has earned $54.2 million and it should still hit $75 million.

&amp;#x200B;

In fifth place, Universal and DreamWorks' ***The Last Voyage of the Demeter*** bombed with just $6.5 million from 2,715 theaters. Horror has been on a roll through the year, but this debut is extremely weak for a big studio horror film, especially one that cost $45 million.

&amp;#x200B;

It's not difficult in explaining why the movie bombed. The movie was stuck in development hell for over 20 years and saw many directors involved, including Robert Schwentke, Marcus Nispel, Stefan Ruzowitzky, David Slade and Neill Marshall. While audiences don't pay attention to movies stuck in the development stage, it is a sign that the movie is struggling in finding a creative voice. André Øvredal would eventually direct the film, but his presence didn't help it (it's sitting at 48% on Rotten Tomatoes). 

&amp;#x200B;

Universal clearly invested in the marketing; Deadline reported that the movie received a huge push across TV and sport events. But simply put, the movie just did not look appealing and there were no big stars to sell it (starring in ***Game of Thrones*** does not make Liam Cunningham a bankable name). A movie can be pushed so much, but if there's not an interesting story, the audience just will not show up. And while the ***Dracula*** name is certainly iconic, this and ***Renfield***'s awful performance raise the question if audiences just don't care to watch anything about the character.

&amp;#x200B;

According to Universal, 62% of the audience was male and 52% was in the 18-34 demographic. They gave it a weak ""B–"" on CinemaScore. While there's no horror competition until ***The Nun II*** (September 8), it's unlikely the ***Demeter*** sails past $20 million.

&amp;#x200B;

In sixth place, Disney's ***Haunted Mansion*** slightly recovered after its awful drop last weekend. The movie eased 37.1% for a $5.7 million weekend. Nevertheless, that takes its total to just $53 million through three weekends.

&amp;#x200B;

In an impressive hold, A24's ***Talk to Me*** moved up to to the seventh spot. It eased an absurd 19% for a $5.1 million weekend and a $31.3 million total. The movie is pacing above ***Hereditary*** and ***Barbarian*** through this point, which could indicate it can hit $45 million by the end of its run. Unsurprisingly, A24 recently announced a sequel was officially in development.

&amp;#x200B;

In eighth place, ***Sound of Freedom*** continued its insane run, dipping just 35% for a $4.8 million weekend. The movie is slowing down, but with $172.8 million already, this is among the summer's biggest winners.

&amp;#x200B;

In ninth place, ***Mission: Impossible – Dead Reckoning Part One*** eased just 30.3% and made $4.6 million. That takes its total to $159.4 million, and while its recent holds have been great, they arrived too little, too late by this point.

&amp;#x200B;

In tenth place, the Tamil language action comedy ***Jailer*** earned a great $2.5 million from just 450 theaters. Adding its numbers since Wednesday, it has made $4.1 million. Go to the overseas section to see its numbers in India.

&amp;#x200B;

#**OVERSEAS**

&amp;#x200B;

***Barbie*** had the top spot worldwide, adding $45.1 million for a $1.18 billion worldwide total. It had strong debuts in UAE ($1.9M) and Saudi Arabia ($1.8M), but it disappointed in Japan ($1.4M), result of the lack of popularity of the brand in the country, [as well as controversy for its social media campaign.](https://www.theguardian.com/film/2023/aug/01/not-big-in-japan-country-rejects-co-marketing-of-barbie-and-oppenheimer-as-trivialising-nuclear-war) Nevertheless, the movie is a huge hit and it's still not finished yet.

&amp;#x200B;

***Meg 2: The Trench*** dropped 60% from last week, adding $43.7 million for a $258.3 million worldwide total. China is obviously the top market with $90M so far. It will open in Korea this week and then hits Japan in late August.

&amp;#x200B;

***Oppenheimer*** dipped just 43% for a $32 million overseas total. This is already Nolan's highest grossing movie in over 50 markets, including Germany, Brazil, Netherlands India and Poland. And that grows to 62 if we remove the ***Dark Knight*** trilogy. The movie sits at a fantastic $648.1 million and it will open in South Korea this week, and pre-sales point to a colossal $7M opening day.

&amp;#x200B;

***Jailer*** had a fantastic start in India. The movie earned $19M through the weekend, and all movies in the market accounted for ₹390 crore through the weekend, a new all-time theatrical gross record for the biggest combined weekend in history. 

&amp;#x200B;

***Mission: Impossible – Dead Reckoning Part One*** added $10.9 million this weekend. In Japan, the movie has held extremely well, actually increasing week-to-week for a $26.6M. Worldwide, it sits at $522.3 million.

&amp;#x200B;

Ahead of its release in two weeks, Sony released ***Gran Turismo*** in 30 markets in Europe and it started with $10.7 million. It performed very well in France ($2.3M), while it was less impressive in the UK ($1.3M), Australia ($1M), Germany ($1M) and Spain ($900K). It will add a few markets in more weeks, but based on these numbers, it appears like it will fight to hit Neill Blomkamp's ***District 9*** and ***Elysium***.

&amp;#x200B;

***Teenage Mutant Ninja Turtles: Mutant Mayhem*** expanded to more markets and added $10.3 million. Its top debut was Mexico, where it earned $2.9M, which is below both live-action movies. It also debuted solidly in France ($1.8M), but bombed in China with just 885K. To date, the movie has made $94.2 million and it looks like it will lean more domestically than overseas.

&amp;#x200B;

Disney's ***Haunted Mansion*** continued its embarrassing performance, earning just $3 million this weekend. That includes its weak debut in the UK ($1.7M). The movie has made just $76 million worldwide, and unless it surprises in Italy, Australia and Japen, it might miss $100 million.

&amp;#x200B;

#**MOVIES THAT ENDED THEIR RUN THIS WEEK**

&amp;#x200B;

Movie | Release Date | Studio | Domestic Opening | Domestic Total | Worldwide Total | Budget |
----------|:--------:|----------|:--------:|:--------:|:--------:|:--------:
*Guardians of the Galaxy Vol. 3* | May 5 | Disney | $118,414,021 | $358,995,815 | $845,095,527 | $250M

&amp;#x200B;

Marvel Studios' ***Guardians of the Galaxy Vol. 3*** has ended its run. The movie started with some worrying signs as early projections suggested it could miss $100 million opening weekend. It overcame expectations with a $118.4 million, although that was a $28 million decrease from ***Vol. 2***. Nevertheless, the movie held extremely well thanks to strong word of mouth and had some of the best legs in the MCU, managing to hit a 3x multiplier. It finished with $358.9 million, which is a great result, although it was the least attended movie in the trilogy adjusted for inflation. Worldwide, it made $845 million, a little below ***Black Panther: Wakanda Forever*** ($859 million). Considering the lukewarm reception to the latest MCU installments, this is a much needed win for Marvel Studios after the disappointment of ***Quantumania***. Now, all eyes are on ***The Marvels***, the next film in Phase Five.

&amp;#x200B;

#**THIS WEEKEND**

&amp;#x200B;

DC's ***Blue Beetle*** is premiering. DC's previous film, ***The Flash***, was one of the year's biggest bombs and fizzled out after its weak opening weekend. Which means, the DCEU has had six box office flops in a row. ***Shazam! Fury of the Gods*** opened with just $30.1 million and that was considered embarrassing. With a similar $120 million budget, ***Blue Beetle*** has a tough hill to climb.

&amp;#x200B;

Also opening is Universal's raunchy comedy ***Strays***, starring Will Ferrell and Jamie Foxx as the voices of two dogs getting revenge on a dog's owner. There's potential in breaking out, but original comedies have been struggling in the post-pandemic world, so ***Strays*** might be success as long as the budget is not very high.",2023-08-15T00:19:08,66,12,https://www.reddit.com/r/boxoffice/comments/15rc57v/weekend_actuals_for_august_1113_barbenheimer/,Oppenheimer,"Barbie, Oppenheimer"
15nwjdi,boxoffice,How much less would Oppenheimer have made without Barbenheimer?,"I admit that I was a real bear on Oppenheimer’s prospects because it seemed like an Oscar-bait biopic released in the middle of blockbuster season. And it is an Oscar-bait biopic! And yet it looks like the film will get close to $300m domestic and a lot more internationally. In a world in which this film was released a couple of weeks earlier or later, without the benefits of the memes and such, how much less would it have made? Maybe I underestimated how much of a pull Nolan has.",2023-08-11T02:46:03,0,31,https://www.reddit.com/r/boxoffice/comments/15nwjdi/how_much_less_would_oppenheimer_have_made_without/,Oppenheimer,"Barbie, Oppenheimer"
15kpn9d,boxoffice,"[Poland] Oppenheimer crosses 1.1M admissions, becoming the most attended Nolan film (#4 of 2023). Barbie crosses 2M admissions, closing in on Puss in Boots: The Last Wish's 2.4M admissions (#1 of 2023)",,2023-08-07T16:32:03,36,2,https://forums.boxofficetheory.com/topic/3004-poland-box-office-avatar-the-way-of-water-is-huge/?do=findComment&amp;comment=4573574,Oppenheimer,Oppenheimer
15kntk4,boxoffice,"Oppenheimer has surpassed Inception to become the biggest Nolan movie of all time in Turkey after a third weekend of 131K admissions (-39%). Meanwhile Meg 2 scored an impressive 87K opening in the region, a tiny drop from the first film's 90K launch.","- Oppenheimer's total is now at 1.175M admissions, surpassing Inception's 1.107M total.
- Barbie continues to lose steam rather quickly, dropping to the #3 spot this past weekend with 80K admits, a 52% drop from last weekend, which was already a hefty 57% drop from its opening weekend.
- The new animated Ninja Turtles reboot opened with 32K admits. For comparison, Elemental opened with 49K. The recent live action films opened to 87K and 55K respectively. We'll see in the weeks ahead if it manages to find an audience like Elemental, which surpased 300K total admits recently, did.",2023-08-07T15:24:54,53,7,https://twitter.com/boxofficeturkey/status/1688555711612030976,Oppenheimer,Oppenheimer
15iwyjd,boxoffice,Studio estimated totals for Oppenheimer through Sunday: Domestic - $228.6M; International - $323.0M; Global - $551.6M. The film is projected to pass Dunkirk on Sunday to become Christopher Nolan's 5th highest grossing film worldwide.,,2023-08-05T14:21:14,161,15,https://twitter.com/BORReport/status/1687829901955706880?t=zmZVezBfJ5uUNW111nOEyg&amp;s=19,Oppenheimer,Oppenheimer
15iwvwp,boxoffice,"Universal's Oppenheimer passed the $200M domestic mark on Friday. The film grossed an estimated $8.30M on Friday (from 3,612 locations). Estimated total domestic gross stands at $208.17M, surpassing Batman Begins to become the 4th highest grossing Christopher Nolan film domestically.",,2023-08-05T14:18:13,333,49,https://twitter.com/BORReport/status/1687829425910669312?t=4Ye9HqFEg0HSZE5526UkHA&amp;s=19,Oppenheimer,Oppenheimer
15hdjvj,boxoffice,Paramount's upcoming lineup is looking ROUGH,"Amid the shocking underperformance of the latest *M:I* installment and rumors of a potential sale to a larger studio, I wanted to take a look at Paramount's upcoming release calendar.

This is troubled company that's traditionally been more reliant on the theatrical sector than most – and perhaps is now more than ever as its linear networks (CBS/Showtime/etc.) face secular decline and Paramount+ continues to bleed money as it fails to carve out a niche for itself in the streaming landscape. (Notably, CBS's strike-impacted fall schedule is reliant on the hopes Americans will tune into *Yellowstone* reruns and the UK version of the sitcom *Ghosts*.)

So will the troubled studio's upcoming slate be able to make up for losses in other sectors the same way *Maverick* did last summer? I'm a little skeptical.

I'm no expert by any means, so I won't attempt to make specific projections – and I also tried not to factor in the films' competition due to the near certainty of release dates getting pushed, especially heading into mid-2024.

**September 29: PAW Patrol: The Mighty Movie**

I have zero familiarity with this brand, and to its credit it seems to still be wildly popular with children. But it's also a property for the *very* kiddie crowd, and there's no chance this has the same reach the *Mario* movie did.

**October 6: Killers of the Flower Moon (edit: Paramount is only financing marketing for this and Apple is covering any losses as some have commented below)**

This won't bomb, but it has a *long* road to recouping its $200m budget, especially in a month that's become a graveyard for high-budget dramas (see *Amsterdam* and *The Last Duel*). It'd be a mistake to automatically compare this to *Oppenheimer*, a perfectly-timed summer blockbuster that likely owed at least a third of its success to a viral meme. (Also, Scorsese's name has never brought audiences to theaters the same way Nolan's has – though Leo is one of the last bankable stars, so we can call it a draw on the star power front.)

**1/12/24: Bob Marley: One Love**

Bohemian Rhapsody and Rocketman are the positive comps here, but it's going to be tough to match those numbers with an early January release, a trailer that positions the film as an issues-oriented drama rather than a jukebox musical, and a no-name star (sorry, Kingsley – you were great in *Barbie*!).

**1/19/24: The Tiger's Apprentice**

I've honestly heard nothing about this one – an animated fantasy flick starring Michelle Yeoh – but the January release date gives me reason to suspect they're burying it.

**3/8/24: A Quiet Place: Day One**

*A Quiet Place* has very quickly become one of horror's most reliable franchises, but it's easy to see a world where this prequel – set in the same universe with a completely different cast of characters (and none with the star power of Blunt/Krasinski) – underperforms compared to the first two.

**5/24/24: IF**

*IF* is a passion project from John Krasinski that's being described as a ""live-action Pixar movie"" starring Ryan Reynolds. In a landscape where even Pixar's original films are struggling to recoup their budgets – with the Pixar brand attached! – I think this has bomb written all over it.

**6/28/24: Mission: Impossible – Dead Reckoning Part Two**

This is where things get really rough. Paramount obviously hoped the ""*Top Gun* effect"" would push this year's *M:I* entry past Fallout's $771m franchise record, but it looks like *Dead Reckoning: Part One* will be lucky to crawl to 550. To its credit, *Part One* is a genuinely enjoyable film that's been the victim of terrible timing, but I have a feeling the decision to market *DR* as a two-parter will blow up in Ethan Hunt's face next summer (or, more likely, 2025) when the same audiences who didn't watch this year's movie will feel like they can't watch the next one. It's obvious *Part Two* is getting renamed at this point, but I doubt it'll do much.

**9/13/24: Transformers One**

This is an animated movie, so I doubt it'll get pushed due to the ongoing strikes. That said, this is an *animated* movie, making it a niche entrant in what's already a troubled franchise.

I could be mean and stop the list there, but in fairness I'll note that I think November's **Gladiator 2** and December's **Sonic 3** will be big (if not billion-dollar) hits. But it's legitimately worrying that until then, the surest bets on Paramount's theatrical slate rests are a few mid-budget horror films – which, while a safe bet, never balloon into the type of *Barbie* or *Maverick*\-sized hits that make up for multiple bombs.

Worringly, there's nothing here that I see significantly overperforming, save for maybe *Killers of the Flower Moon*. I don't know what non-IP successes in the family movie genre have led them to invest so much in *Tiger's Apprentice* and *IF*, and the next *M:I* and *Transformers* installments might do even less than their underwhelming 2023 counterparts.

This is a lineup that not only seems underwhelming, but *predictably* underwhelming, so much so that I wonder if Shari will be attempted to lock in a sale sometime in the next 12 months before the wheels begin to fall off.",2023-08-03T19:32:46,151,83,https://www.reddit.com/r/boxoffice/comments/15hdjvj/paramounts_upcoming_lineup_is_looking_rough/,Oppenheimer,Oppenheimer
15hclb7,boxoffice,"Universal's Oppenheimer grossed $5.88M (-16%, -46% LW) on Wednesday (from 3,647 locations). Total domestic gross stands at $194.29M.",https://twitter.com/borreport/status/1687175301716135939?s=46&amp;t=_2YevM0sJ4KoUrOoFuJpxw,2023-08-03T18:56:28,207,26,https://i.redd.it/bbuxofkszxfb1.jpg,Oppenheimer,Oppenheimer
15gohnf,boxoffice,What movie will be the next movie to breakout due to memes/social media hype?,"Recently, movies like Minions 2, Barbenheimer, etc. have surged at the BO beyond all expectations, due to memes/social media hype. 

Minions 2 did 950m worldwide at a time when most other animated movies have been stuck in the 200-500m pit, and became highest grossing of franchise domestically (although ForEx rates and a very weak China for Hollywood prevented the same from happening overseas). It's obvious the gentleminions memes contributed to this because 13-17 year old's contributed a huge 34% of gross according to [PostTrak](https://deadline.com/2022/07/minions-rise-of-gru-box-office-1235055270/), which never happens for animated kids movies, and only happened due to the gentleminions TikTok trend. 

Barbie/Oppenheimer both exceeded all expectations, and I think a major factor that helped both (particularly Oppy) was the hype and memes generated from seeing both the same day. Oppenheimer is blowing all of Nolan's other non-franchise movies out of the water, and Barbie is already one of WB's highest grossing movies domestically. 

So, what movie do y'all think could be the next to breakout due to memes/social media hype? I could see it being Joker 2, as casting Gaga was Harley Quinn could have a big effect, and it does seem to be generating online engagement. ",2023-08-03T00:08:22,5,16,https://www.reddit.com/r/boxoffice/comments/15gohnf/what_movie_will_be_the_next_movie_to_breakout_due/,Oppenheimer,"Barbie, Oppenheimer"
15ghd9f,boxoffice,"Universal's Oppenheimer grossed $6.98M on Tuesday (from 3,647 locations). Total domestic gross stands at $188.40M.",https://twitter.com/borreport/status/1686812423255363584?s=46&amp;t=_2YevM0sJ4KoUrOoFuJpxw,2023-08-02T18:54:12,153,12,https://i.redd.it/3vg6przguqfb1.jpg,Oppenheimer,Oppenheimer
15f2k5g,boxoffice,[Bulgaria] Top 20 2023 films + Nolan's films at the box office,,2023-08-01T04:53:01,8,1,https://www.reddit.com/gallery/15f2k5g,Oppenheimer,Oppenheimer
15dyzay,boxoffice,After the success of Oppenheimer...what's next for Nolan?,"I always am curious how big-name directors react after their movies bomb/succeed on the box office.

Nolan had massive success with the Batman trilogy and that allowed him to do movies like Inception and Interstellar. Sci-fi movies with big budgets that usually wouldnt' have been made unless the studio trusts the director (we've seen way too many sci-bi bombs)

So when Tenet hit during the pandemic and his entire falling off with WB, to me it felt that Oppenheimer will be his last chance at showing that he is still a big name director and that people will watch anything he made, even if it's a 3 hour drama about a historical figure.

If Oppenheimer flopped, I think that he wouldn't have gotten a chance to make another big budget movie that he always wanted to make such as Interstellar or Tenet or Inception for example.

BUT, now that Oppenheimer is a big success, do you think studios would give him free reign to do whatever he wants with his next movie? Or will he go back to basics and make something ""more indy"" so to speak. Or, will he stick around doing more historical dramas? Or maybe, he'll go back to WB?

To me this is a very interesting angle of this success as I genuinely believe that if Oppenheimer ended it's worldwide run with underwhelming (or just whelming lol) numbers, then the studios might've been iffy for whatever is his next project.But now, I can see studios bidding and giving him great offers for his next project, whatever that might be",2023-07-30T22:47:23,369,327,https://www.reddit.com/r/boxoffice/comments/15dyzay/after_the_success_of_oppenheimerwhats_next_for/,Oppenheimer,Oppenheimer
15cab0r,boxoffice,"Oppenheimer keeps with strong holds internationally, another 15.5M overseas on THU (just a -0.3% drop from WED) for a 164.7M cume over 78 markets. Added 127.9M US cume, #ChristopherNolan hits 292.6M Global cume at #BoxOffice. 300M+ TONIGHT! 400M+ on SUN. 500M+ on 3rd weekend.",,2023-07-28T21:50:49,151,30,https://twitter.com/Luiz_Fernando_J/status/1685041489393442816?t=2oy3NEhtSre89b_cfaPPqQ&amp;s=19,Oppenheimer,Oppenheimer
15bu5tt,boxoffice,"#Barbenheimer is a hit! Given both films' performances so far, how much do you think they're gonna make this weekend (Domestic and WW)? Overall? Which do you think will have better legs in the long run?",,2023-07-28T10:57:15,120,13,https://i.redd.it/hfxfqmvtsoeb1.jpg,Oppenheimer,Oppenheimer
15bfgfc,boxoffice,"#Oppenheimer also having explosive this week internationally, added another 16M overseas on WED (just a -0.6% drop from TUE) for a 147.2M cume over 78 markets. Added US 117.9M, #ChristopherNolan hits 265.1M Global cume at #BoxOffice. 300M+ on FRI 400M+ on SUN 500M+ on 3rd weekend",,2023-07-27T22:23:17,71,3,https://twitter.com/luiz_fernando_j/status/1684679737250037761?s=46&amp;t=6NAc4xTUikdL3vQbQZCwAg,Oppenheimer,Oppenheimer
15aso5q,boxoffice,"Consumers aren't ditching theaters, they are just being more selective about what they watch",Source: https://www.cnbc.com/2023/07/26/barbie-box-office-dominates-monday-tuesday.html,2023-07-27T05:15:11,104,36,https://i.redd.it/y4ur8hqvyfeb1.jpg,Oppenheimer,Oppenheimer
15as31d,boxoffice,Can Oppenheimer be the start of a great relationship between Universal and Christopher Nolan?,"With Oppenheimer earning the best review in Nolan’s career and having a solid box office, should Universal become Nolan’s new studio?

I hope this happens because given Universal’s the only major willing to take risks with filmmakers these days, I would love to see Nolan at Universal.",2023-07-27T04:43:35,72,36,https://www.reddit.com/r/boxoffice/comments/15as31d/can_oppenheimer_be_the_start_of_a_great/,Oppenheimer,Oppenheimer
158s9ia,boxoffice,"Weekend Actuals for July 21-23 – 'Barbenheimer' Explodes, 'Mission: Impossible' Falls","&amp;#x200B;

https://preview.redd.it/gq123s9z80eb1.jpg?width=1920&amp;format=pjpg&amp;auto=webp&amp;s=13452af22d1244dc06a8a500ef945427a0dc4798

After very poor and underwhelming weekends at the box office, business finally saw a gigantic and much needed uptick. ***Barbie*** and ***Oppenheimer*** debuted this weekend, and each one overperformed their projections. For the first time ever, two movies debuted with $80+ million on the same weekend.

&amp;#x200B;

The top 10 earned a combined a colossal $307.8 million this weekend. This is not just a massive 148% up from last year, but it's also the fourth biggest weekend ever (for those curious, the other weekends were the release dates for ***Avengers: Endgame***, ***Avengers: Infinity War*** and ***Star Wars: The Force Awakens***). This is a much needed win for the summer after a slate of flops and under-performers.

&amp;#x200B;

In 4,234 theaters, ***Barbie*** debuted at #1 with a gigantic $162 million. That broke so many records, including ***The Hangover: Part III***'s record for biggest debut for a live-action comedy, ***The Hunger Games***'s record for a non-sequel, and ***Captain Marvel***'s record for the highest debut for a movie directed by a woman. It also broke ***The Super Mario Bros. Movie***'s record for biggest debut of the year, although that's an apples-to-orange comparison, given that ***Mario*** debuted on a Wednesday and burned off some demand. As a fun fact, in three days, it became Greta Gerwig's biggest movie ever, passing the combined totals of ***Little Women*** ($108 million) and ***Lady Bird*** ($48.9 million).

&amp;#x200B;

The result is extraordinary given the journey it took to bring it to theaters. The movie started development in 2009, and involved so many actresses for the title role, including Amy Schumer and Anne Hathaway. The role eventually went, obviously, to Margot Robbie. She in turn suggested Greta Gerwig involved as director, who in turn got her partner Noah Baumbach to co-write the script with her. But still, how does that explain such a massive debut?

&amp;#x200B;

There was always a question on who the audience for a ***Barbie*** movie would be. Kids? Adults? Fortunately, the marketing put those concerns away, selling it as a quirky and oriented at those who grew up with Barbie. Even the tagline leaned on it for those skepticals (""If you love Barbie. If you hate Barbie. This movie is for you!""). The involvement of Gerwig and Baumbach also served as a sign that the movie would be well received and that paid off (90% on Rotten Tomatoes, 80/100 on Metacritic). Awareness for the movie also was boosted by an organic interest in social media, where every single update on the movie received coverage. Basically, it's a perfect combination where everything that could have gone right, went right.

&amp;#x200B;

According to Warner Bros., 68% of the audience was female, and 27% of the audience was in the 18-24 demographic. They gave it a strong ""A"" on CinemaScore. There's very little competition on the way and with strong word of mouth, it's unlikely ***Barbie*** falls off a cliff. It will definitely hit $450 million, but don't be surprised if this can make over $500 million.

&amp;#x200B;

Overseas, ***Barbie*** also over-performed projections. It earned $190 million in overseas markets, taking its worldwide debut to $356.3 million (again, a record for a live-action comedy). It was the best WB debut in so many markets. Its strongest markets were the United Kingdom ($24.2M), Mexico ($22.3M), Brazil ($17.6M), Australia ($14.6M), France ($10.2M), Spain ($9.9M), Italy ($8.8M), and China ($8.1M). When she pitched the movie, Margot Robbie joked that the movie could make $1 billion. Yeah, *joked*. Unless...

&amp;#x200B;

Christopher Nolan's ***Oppenheimer*** had to settle for second place, but that doesn't mean it didn't impress. The movie earned a fantastic $82.4 million from 3,610 theaters. This is not only the biggest debut for an R-rated movie this year, but it's also Nolan's non-Batman highest debut, managing to outperform ***Inception*** ($62.7 million), ***Dunkirk*** ($50.5 million), and ***Interstellar*** ($47.5 million). It was also the second highest debut for a movie that didn't hit #1 (behind ***Inside Out*** with $90 million). The fact that it was a 3-hour R-rated drama with minimal action makes it even more impressive.

&amp;#x200B;

This movie is a testament to the strength of Nolan's name. No other director could get a movie of this caliber to open this high. But still, how could it top the previously mentioned movies? Nolan makes it clear that he is an advocate for the cinema experience, and he always delivers on that front. Credit must go to Universal's efficient marketing in selling the movie not as a drama, but as a thriller. The audience knows they'll witness the Trinity test scene, but the movie also promised more story-wise. Reviews confirmed this was worth watching (94% on Rotten Tomatoes and 89/100 on Metacritic) as well as awards buzz. An ensemble cast of well known actors (Cillian Murphy, Emily Blunt, Matt Damon, Robert Downey Jr., Florence Pugh, etc.) helped, but this is first and foremost, Nolan's film and he is the selling point.

&amp;#x200B;

Nolan's appreciation for IMAX was also rewarded. The movie was filmed in a combination of IMAX 65 mm and 65mm large-format film, including, for the first time in history, sections in IMAX black-and-white film photography. Universal reported that 47% of its gross came from PLF and IMAX. The movie will also enjoy a 3-week IMAX exclusivity, as well as a 90-120 days exclusive theatrical window, so don't expect this to drop in digital until mid October at the earliest.

&amp;#x200B;

According to Universal, 59% of the audience was in the 18-34 demographic. They gave it a strong ""A"" on CinemaScore, which is Nolan's best grade outside ***The Dark Knight*** trilogy. With strong pre-sales and lack of adult competition on its way, this movie will have a long run. Nolan's films are known for legging out (***The Dark Knight Rises*** is his only movie to miss a 3x multiplier). For now, a $250 million domestic total is likely, but like ***Barbie***, don't be surprised if it gets higher than that.

&amp;#x200B;

There were questions over whether the rest of the world would really care about J. Robert Oppenheimer and the answer was a resounding YES. The movie earned $98 million overseas, taking the worldwide total to $180.4 million after just one weekend. Its biggest markets were the United Kingdom ($14M), India ($7.2M), France ($7M), Germany ($6.6M), Mexico ($4.5M), Saudi Arabia ($4M), etc. It's unclear on how high it will go, but for now, it's unlikely that it finishes below ***Dunkirk*** ($527 million). Universal chose wisely in accepting Nolan's terms, and now it's getting rewarded.

&amp;#x200B;

***Oppenheimer***'s performance will really make things interesting for ***Killers of the Flower Moon*** this October. Nolan is not involved, but it's an 3+ hour adult drama headlined by Leonardo DiCaprio, one of the most bankable stars today. It's unlikely to match or come close to ***Oppenheimer***'s box office numbers, but maybe it could surprise.

&amp;#x200B;

And of course, there's the inevitable: how much of the grosses were double features? It's difficult to fully estimate the totals, with 79% of tickets sold over the weekend being for the two films. The only figure we have is that AMC reported that 40,000 members bought advanced sales to watch both movies on the same day.

&amp;#x200B;

In third place, ***Sound of Freedom*** continued its fantastic run. Despite ***Barbenheimer***, the movie eased just 27.3%. That's a $19.8 million weekend, which is still above its opening weekend. Through three weekends, the movie has earned $124.4 million and it should still continue holding well.

&amp;#x200B;

The ***Mission: Impossible*** franchise had two interesting stats. Each movie was #1 on its second weekend, and no movie dipped higher than 53.3%, signaling that the franchise was known for holding well. After this weekend, though, we can put those stats to rest.

&amp;#x200B;

***Mission: Impossible – Dead Reckoning Part One*** fell an awful 64.6%, earning just $19.3 million and falling all the way to #4. In the previous weekend, it was said that ***Barbie*** stole its thunder, ***Oppenheimer*** would take its PLF and IMAX screens, and ***Sound of Freedom***'s over-performance in key markets dampened its potential. Despite strong reception, the movie has made just $118.6 million through ten days. It's running $6 million below ***Fallout*** and $12 million below ***Mission: Impossible II*** through the same point. Maybe it can rebound in the following weeks, but at this point, a total below $200 million is looking likely. Overseas, the movie dropped over 60% from last weekend. In some good news, it debuted in Japan (where Tom Cruise is loved), and earned a franchise-best $7.9M. Worldwide, the movie is sitting at $370.7 million. With no markets left, the movie is likely to finish below $600 million, which means it will lose money for Paramount.

&amp;#x200B;

In fifth place, ***Indiana Jones and the Dial of Destiny*** surprisingly held well. The movie dipped just 45.6% for a $6.6 million. That's quite good considering the competition, but with a weak $158.9 million domestic total, that's not kenough. Worldwide, it has grossed $335.9 million, finally passing ***The Temple of Doom*** ($333.1 million).

&amp;#x200B;

In sixth place, ***Insidious: The Red Door*** grossed $6.6 million. That's a 49% drop, which is pretty surprising considering ***Barbenheimer*** and word of mouth was quite bad. Through three weeks, it has made $71.1 million, and it has a slight chance in passing ***Chapter 2*** ($83.5 million). Worldwide, it has made $155.9 million, and will pass ***The Last Key*** ($172.8 million) in the coming days to become the franchise's highest grossing movie.

&amp;#x200B;

In seventh place, ***Elemental*** dipped just 37.1%, grossing $5.7 million. With a $137.1 million domestic total, the movie is over $9 million ahead of ***Elvis*** (a movie that opened around the same date with fantastic legs) by this point, which signals that it will reach $160 million. Worldwide, the movie crossed $350 million. The movie will enjoy another good hold next weekend, and then it will face its first animated competition, ***TMNT*** on August 2.

&amp;#x200B;

In eighth place, ***Spider-Man: Across the Spider-Verse*** was hit by the competition. It dropped 52.4%, earning $2.8 million. But with a $375.2 million, this is already a big hit. Worldwide, it has made $675.4 million.

&amp;#x200B;

In ninth place, ***Transformers: Rise of the Beasts*** had a far worse drop. It collapsed 66.8%, making $1.1 million. Domestically, it sits at $155.6 million. Worldwide, it has made $427.1 million, getting closer to ***Bumblebee***'s total ($467 million).

&amp;#x200B;

***No Hard Feelings*** had the worst drop in the top ten, collapsing 66.9%, slightly worse than ***Transformers***. It added $1 million for a $49.2 million total. By next weekend, it will pass $50 million. Worldwide, the movie has grossed $82.6 million

&amp;#x200B;

\_\_\_\_\_\_\_\_\_\_\_\_\_\_\_\_\_\_\_\_\_\_\_\_\_\_\_\_\_\_\_\_\_\_\_\_\_\_\_\_\_\_\_\_\_\_\_\_\_\_\_\_\_\_\_\_\_\_\_\_\_\_\_\_\_\_\_\_\_\_\_\_\_\_\_\_\_\_\_\_\_\_\_\_\_\_\_\_\_\_\_\_

&amp;#x200B;

This weekend, Disney will release the horror comedy ***Haunted Mansion***. The movie could surprise, but it's unlikely that it makes it past the third spot. With a $157 million budget, the road to profitability looks tough.",2023-07-25T00:28:36,269,101,https://www.reddit.com/r/boxoffice/comments/158s9ia/weekend_actuals_for_july_2123_barbenheimer/,Oppenheimer,Oppenheimer
158mmnk,boxoffice,Will Oppenheimer appear on PVOD in 31 days after premiere (per Universal policy for movies grossing over $50M OW) or did Nolan extract an exception from because he's Nolan?,"Sorry I haven't seen it discussed anywhere else.  Universal is alone among major studios in drastically reducing its theatrical window before putting their movies on PVOD.  Apparently, it's been successful, ([$1 billion additional revenue in the past 3 years](https://www.nytimes.com/2023/06/07/business/media/universal-premium-video-on-demand.html) without supposedly cannibalizing theatrical and subsequent VOD).  Their rule is that movies will go to PVOD after 3 full weekends (17 days) or if it grosses over $50M opening weekend, the window goes to 31 days.

Did Nolan get an exemption or will Oppenheimer be available on PVOD around August 21?",2023-07-24T20:49:31,15,32,https://www.reddit.com/r/boxoffice/comments/158mmnk/will_oppenheimer_appear_on_pvod_in_31_days_after/,Oppenheimer,Oppenheimer
158fzcw,boxoffice,What will be more impressive - Barbie making 1 Billion or Oppenheimer sneaking upto 750M worldwide,"To me, I find it highly possible that Oppenheimer can make 320-330M domestically after reports of $15M Monday. Nolan movies have legs and Oppenheimer is carrying terrific WOM. And Nolan has a rockstar clout in international markets. Below are his Non-batman movies overseas collections -   


Inception - 578M  
Interstellar - 585M  
Dunkirk - 337M  
Tenet - 306M (During peak Covid year!! Pre vaccine!)

Considering the WOM and the fact that people don't have qualms sitting 3 hours long for this movie, I am willing to bet it does more than Dunkirk at the very least and makes 400M+ overseas.   


So it could end up being 750M or even more. In that case, I would rate Oppenheimer to be a much more impressive grosser than Barbie

[View Poll](https://www.reddit.com/poll/158fzcw)",2023-07-24T16:47:30,14,40,https://www.reddit.com/r/boxoffice/comments/158fzcw/what_will_be_more_impressive_barbie_making_1/,Oppenheimer,Oppenheimer
158beiz,boxoffice,"Oppenheimer opened with an insane 360K admissions in Turkey this past weekend, which is by far the biggest opening for a Christopher Nolan movie in the country, surpassing The Dark Knight Rises's 195K launch.",,2023-07-24T13:56:03,19,3,https://twitter.com/boxofficeturkey/status/1683469756412702720,Oppenheimer,Oppenheimer
158al6h,boxoffice,Barbie sold 1.257.645 tickets and Oppenheimer sold 842.867 tickets during their first week-end in France (Wed. through Sun. + previews),,2023-07-24T13:23:26,55,2,https://i.redd.it/7xn7eqvuywdb1.png,Oppenheimer,Oppenheimer
15802l5,boxoffice,"Oppenheimer becomes highest grossing Christopher Nolan movie in India, in just its first weekend.",,2023-07-24T04:25:50,122,52,https://twitter.com/meJat32/status/1683330939554856960?t=i6W4fPSSDDtcLU6j2Smutw&amp;s=19,Oppenheimer,Oppenheimer
157yt9r,boxoffice,"[January 2023, r/boxoffice] Do you think Barbie and Oppenheimer releasing on the same day will impact their box office performances?",,2023-07-24T03:22:22,123,41,https://i.redd.it/ycill2330haa1.png,Oppenheimer,Oppenheimer
157kjux,boxoffice,Is Leonardo DiCaprio the last great movie star of old?,"With Oppenheimer released this weekend, I thought back to Inception and how much I enjoyed that, and how Leo became one of my favorite actors. And then I thought about the actors of the 1980’s and 1990’s: Arnold and Stallone, Hanks, Denzel and Will Smith. It used to be you could throw one of those guys in a movie and that movie was guaranteed to make a profit. People would go to the theaters just to see Tom Hanks.

But, more and more big name actors are in movies that end up flopping these days. 

And yet, I look at Leo, who over the course of his career has done Romeo and Juliet, Titanic, The Man in the Iron Mask, Catch me if you can, The aviator, Blood Diamond, Shutter Island, Inception, the Great Gatsby, Body of Lies, Wolf of Wall Street, Revenant, Once Upon a Time in Hollywood, 

All those films at least made their budget back, and most were hits and profitable. It helps that he works with Nolan, Scorsese, Tarantino etc. 

But, is he the last great actor who people will say “oh shit it’s Leo, I gotta see that”? killers of the flower moon will test that, but it’s Scorsese and has gotten outstanding reviews. 

I thought the Rock was there, but nope. I thought Chris Pratt was getting there, not the case. I thought RDJ might be there post Avengers but not the case, and Tom Hanks and Will Smith’s stars have faded as they’ve aged and changed the types of roles they do,",2023-07-23T17:22:15,14,48,https://www.reddit.com/r/boxoffice/comments/157kjux/is_leonardo_dicaprio_the_last_great_movie_star_of/,Oppenheimer,Oppenheimer
157jmle,boxoffice,2023 proves you don’t need an enormous budget to be successful.,"When looking at mild budgeted films, you can see a pattern of success. There are 7 numbers of movies in between 100-199m that have been released this year. 

1. Dungeons and Dragons: 150m - 208m 

One of the only “Ls” in this list, this film was very poorly budgeted for a first time entry. 

2. Shazam! Fury of the Gods: 125m - 133m 

Mostly caused by the poor reception and the current state of DC, this movie was also a substantial bomb. 

3. John Wick Chapter 4: 100m - 427m 

Big success. Thanks to a low budget, this movie was able to make a good profit and break even easily.  

4. Super Mario Bros. Movie: 100m - 1.34b 

Biggest movie of the year, this film only costs 100m. A shocking profit. 

5. ATSV: 150m: 680-685m

A small, but well used budget. Big success. 

6. Oppenheimer: 100m: 500m-650m  

Probably the most profitable non-dark knight Christopher Nolan films. 

7. Barbie: 145m: 800m-1.2b 

What’s there to say… 

5/7 of these movies were, not only successful movies, but smash hits. A **71% break even rate**. 

*Keep in mind I am using the 2.5x rule to calculate break even or not. 


Now let’s evaluate the big blockbuster movies, which are over 200m+ production budgets. 

1. Quantumania: 200m - 476m 

Came close to breaking even, but failed due to bad WOM and budget. The budget was an enormous step up from the predecessor’s 130m budget. 

2. GOTG:V3: 250m - 844m 

One of the few success stories of the bunch. This film strived off of word of mouth and managed to be a hit despite its big budget. 

3. Fast X: 340m - 705m 

Humongous budget. This movie did not break even, but was closer to than some of the others on this list. 

4. The Little Mermaid: 250m - 556m 

Big budget. This movie wasn’t far from breaking even but is still considered a flop using the 2.5x rule. 

5. Transformers ROTB: 200m: 430-440m

Once again, this film would have broken even if it had a smaller budget. 

6. The Flash: 225m- 270m 

One of the biggest bombs of all time. Even if the budget was smaller, it’s chances of breaking even would be very slim. 

7. Elemental: 200m: 450-475m 

Very close to breaking even…if only the budget for this movies wasn’t so ridiculously expensive…. 

8. Dial of Destiny 330m+: 350-375m 

Might very well end up being the biggest bomb of all time, this movie had a stupidly high budget and might not even make 1x it’s production budget. 

9. MI: DR: 295m: 600-700m 

1/9 of these films broke even. **11%**. Some of you could argue on behalf of some films saying they might break even down the line, but it’s impossible to deny that it would have broken even if it had a more reasonable budget. 


Let me know if I forgot to add a film.",2023-07-23T16:45:00,17,13,https://www.reddit.com/r/boxoffice/comments/157jmle/2023_proves_you_dont_need_an_enormous_budget_to/,Oppenheimer,Oppenheimer
157gitf,boxoffice,"#Oppenheimer also blew up industry’s projections at US #BoxOffice after BOMBASTIC 80M on its 3-day opening weekend. Biggest for a original film in #ChristopherNolan’s career, beating #Inception’s 62.8M! BIGGEST for any R-rated film Post-Covid, beating #JohnWick4’s 73.8M.",,2023-07-23T14:40:14,1101,307,https://twitter.com/Luiz_Fernando_J/status/1683124183583129601?t=UxlZjFb_bc7RDC_1TlCIOQ&amp;s=19,Oppenheimer,Oppenheimer
157av2s,boxoffice,Oppenheimer’ brings Kashmiris back to cinema halls in droves,"&gt; Hollywood writer-director Christopher Nolan's latest opus, 'Oppenheimer', is drawing youngsters in droves and running to packed shows at Srinagar's INOX facility. All shows on Sunday are already booked. And the collections here could surpass Shah Rukh Khan's blockbuster, 'Pathaan'.


https://timesofindia.indiatimes.com/city/srinagar/houseful-kashmirs-familiar-with-the-word-again/articleshow/102050052.cms",2023-07-23T10:02:30,45,11,https://www.reddit.com/r/boxoffice/comments/157av2s/oppenheimer_brings_kashmiris_back_to_cinema_halls/,Oppenheimer,Oppenheimer
156thgb,boxoffice,"A place where #Oppenheimer is bigger than #Barbie at the #BoxOffice? Yes, that place actually exists!!! It’s #India, where the film scored a STRONG 2.1M FRI Opening Day, Hollywood’s #8 biggest Opening Day of all time locally and the BIGGEST in #ChristopherNolan’s career.",,2023-07-22T19:51:39,307,100,https://twitter.com/Luiz_Fernando_J/status/1682786189240041474?s=20,Oppenheimer,Oppenheimer
156de9s,boxoffice,🇹🇭 OPPENHEIMER scored the highest opening day for Nolan movie in 10 years.,,2023-07-22T07:30:32,160,20,https://i.imgur.com/vXKnSHm.jpg,Oppenheimer,Oppenheimer
156bjr1,boxoffice,"🇮🇳 Top Hollywood first days in India: Christopher Nolan's Oppenheimer Eighth ahead of Fast X, Mission Impossible",,2023-07-22T05:49:13,14,1,https://www.pinkvilla.com/entertainment/box-office/top-hollywood-first-days-in-india-christopher-nolans-oppenheimer-eighth-ahead-of-fast-x-mission-impossible-1231376,Oppenheimer,Oppenheimer
155yb7q,boxoffice,"Per Variety, “Oppenheimer” will need to generate at least $400 million at the global box office in order to turn a profit. This number is high due to Nolan’s contractual guarantee that he receives first-dollar gross.",,2023-07-21T19:55:14,514,273,https://i.redd.it/077vjmjbiddb1.png,Oppenheimer,Oppenheimer
155u8tr,boxoffice,[Brazil] Oppenheimer grosses ~$480k USD on opening day in Brazil. Tracking for the biggest non-Batman Nolan opening.,,2023-07-21T17:21:01,34,0,https://forums.boxofficetheory.com/topic/3046-brazil-box-office-thread/?do=findComment&amp;comment=4557991,Oppenheimer,Oppenheimer
155tt66,boxoffice,Christopher Nolan is not super liked in Japan. Which is interesting to me. Tom Cruise is loved in Japan. So I don’t see Oppenheimer doing well at all in Japan(and yes I believe it is getting released in Japan),"Here’s an interesting comparison between Nolan and Cruise. Cruise 

Dunkirk- $14.8M Batman Begins- $12,375,128 The Dark Knight- $14,697,309 Dark Knight Rises- $24,115,087

MI:6- $42,439,160M Rogue Nation- $42,091,079 Top Gun Maverick- $101,667,103

So not great. Tom Cruise is loved in Japan",2023-07-21T17:04:37,16,18,https://www.reddit.com/r/boxoffice/comments/155tt66/christopher_nolan_is_not_super_liked_in_japan/,Oppenheimer,Oppenheimer
155s9ik,boxoffice,"#Oppenheimer $2M (600K admits) OD in India. 2nd Biggest OD for the film in across world in terms of admits after US. In gross, behind UK as well. INSANE start for a film with this subject matter. NOLAN brand value on display.",,2023-07-21T16:06:19,153,24,https://twitter.com/meJat32/status/1682418805883154432?t=BR8aZJ1mKeXjZNLQtYf_IA&amp;s=19,Oppenheimer,Oppenheimer
155pctb,boxoffice,'Barbie' About to Become the Surprise Summer Juggarnaut While 'Oppenheimer' Proving It's No Bomb - Ticket Sales Tracking (7/17-7/20),"Hi,

I've been tracking ticket sales for movies recently at my two local NJ AMCs that do fairly well.

Last week, we saw Tom Cruise jump to arguably ""new heights"" in **Mission: Impossible** **- Dead Reckoning Part 1.**  Releasing on a Wednesday, the seventh outing felt the affect of a mid-week opening with our weekend heavy comps.  Sadly, Tuesday came up shorter than my **$12.69M** prediction as well as Wednesday actuals coming in just under **$9.72M.**  Since Paramount decided to not include the **$2M** Sun+Mon previews into Wednesday, my opening day prediction was actually **$22.41M**, which still was much higher than actuals.  Over the 5-day weekend, MI7 ended up having the highest opening in the franchise, but with a **$291M** budget, I can only expect the studio wanted more, especially with what on the way...

Dread it...run from it...Barbenheimer arrives at your local theater.  With two ""IP"" titles directed by two critically-acclaimed directors, the internet has taken this meme by storm in what is deemed as the must see double feature.  To much surprise, it seems like its working as Christopher Nolan's **Oppenheimer** and Greta Gerwig's **Barbie** have rode the internet attention into some of the highest social awareness current movies have achieved.  The only question is, how high can they go?  For Barbie, ticket sales are beyond almost anything we've seen, reaching under-served women, cinema fans, and even the casual audience.  With presales as insane as these, we have to use **Black Panther: Wakanda Forever** as a comp.  As one of the last blockbuster named directors, Christopher Nolan is back after his Covid release, **Tenet.**  He has now left Warner Brothers, the distributor of Barbie, and ventured over to Universal Studios with **Oppenheimer.**  Known for his high-concept, action films, Nolan is going outside his comfort zone with a 3 hour, star-studded, war period piece.  In this ""post-Covid"" market where adult dramas seem to struggle, it will be interesting to see how far big names, in front and behind the camera, can bring out audiences.  As a 3 hour long, high ticket selling title, we will also be using **Black Panther: Wakanda Forever** as a comp.  I have recorded ticket sales for this Thursday and Friday for 3 Days. The green bars are how much ticket sales increased from day to day.

https://preview.redd.it/6xxif5ldkbdb1.png?width=2344&amp;format=png&amp;auto=webp&amp;s=126cb46f3e779e29075c88481ca6d8570de9f523

https://preview.redd.it/ml0q90lekbdb1.png?width=1706&amp;format=png&amp;auto=webp&amp;s=ab49153ef03364ac394602c381a2015566ec10c0

These are some numbers you see once in a generation.  With pre-sales on the level of the biggest Marvel movie, Barbie was still able to have relatively good growth for a title of this size throughout the week on both days.  At this rate, Barbie will see a Thursday estimate of **$24.05M** compared to BP:WK.  Unbelievable.  The tracking has been heading this way for a while, but it still feels unreal to see.  Even Friday shows no signs of slowing down with a **$61.87M** estimate compared to BP:WF.  **Things to Note:** Barbie had **$2M** early access screenings that will be added later and BP:WK had IMAX and 3D showings, which Barbie does not, which may drag these numbers down a bit.  With Barbie playing on a Summer weekday and BP:WK opening on a holiday weekday, it is not surprising to see each film pretty much reach peak capacity at all theaters on all days.  Not only does Barbie surpass BP:WK in every theater capacity, signifying more demand, but each total attendance on both days is no less than half the total available seats.  This is something no film tracked here has ever achieved before.  With a sub-2 hour runtime, targeting an underserved demographic, and catching the social media hype train, Barbie is looking to be the rare WB record-breaking dynamite.  If played like Avengers: Endgame, with near 24 hour showings + 3D + IMAX, Barbie could've even gone so much higher.

https://preview.redd.it/mnj0f637lbdb1.png?width=2346&amp;format=png&amp;auto=webp&amp;s=ae63221f8d18b273ec9287f88922ba7e512cb950

https://preview.redd.it/ek8pt9e7lbdb1.png?width=2332&amp;format=png&amp;auto=webp&amp;s=8bd3490e54a0c86aa7c597dac3b07de5661899d0

One thing's for certain, never doubt Nolan.  Riding off the goodwill of his name, a great cast, an emphasis on the theatrical experience, and the double feature memes, Oppenheimer is looking to do absurdly well for a 3-hour summer drama in this ""post-covid"" market.  With already strong pre-sales and limited showtimes, tickets were still able to be sold at a strong, consistent pace throughout the week on all days.  At this rate, Oppenheimer is looking at a Thursday preview of **$13.04M** compared to BP:WK.  On Friday, things are still going strong with an estimated **$21.74M** compared to BP:WK.  **Things to Note:** BP:WK had Dolby and 3D showings, which Oppenheimer does not, which can bring these numbers down a bit.  No matter how else the movie plays out, one thing's for certain, and that is how phenomenal this opening day is.  Whether it is due to the 'Barbenheimer' memes or people are just *that* excited about the new Nolan biopic, the demand is there.  With less showtimes, Oppy is able to achieve higher Thursday theater capacities than BP:WK, while Friday is not that far behind.  We can question the exact reason why people are excited about this title more than other recent dramas, but we shouldn't.  The theatrical marketplace is looking strong for non-tentpole blockbusters, and we should all the happier for it.  What is unknown is how the rest of this run will play out.  Because this is a Nolan title, the super-fans may rush out first to see this, giving a front-loaded run, but due to its 3-hour runtime, I wouldn't be surprised if other audiences wait for the right time to fit this in their schedule.  Would Oppenheimer hit this hard if it wasn't for Barbie?  We may never know, but we are sure greatful.

&amp;#x200B;

Overall, this leads Barbie at a Wed+Th+F opening of **$87.92M**. For Oppenheimer, we are looking at a smaller, but still incredible opening Th+F of **$34.78M.**  And these are just the opening days!  If these numbers hold, this weekend is looking to bring in Barbie with a **$209M** 3-day opening and Oppenheimer with **$78M.**  With budgets of **$145M** and **$100M,** these numbers will prove those price tags who's boss.  This double-feature may have been the greatest accident the studios have ever created.  While these numbers may go slightly down, the fact that two ""original"", star-driven, non-superhero titles are arriving at theaters at this size is exciting enough for the future of the marketplace.  If anyone tries to tell you movie theaters are dead, just show them this weekend. 

I have taken some suggestions to help make this post better. Please comment if you have anymore!

TL;DR:

**Barbie:**

Wednesday: **$2M**

Thursday: **$24.05 - maybe higher**

Friday: **$61.87M**

Opening Day: **$87.92M**

&amp;#x200B;

**Oppenheimer:**

Thursday: **$13.04M** 

Friday: **$21.74M**

Opening Day: **$34.78M -** expect overall lower

&amp;#x200B;",2023-07-21T14:18:57,22,2,https://www.reddit.com/r/boxoffice/comments/155pctb/barbie_about_to_become_the_surprise_summer/,Oppenheimer,Oppenheimer
155myaq,boxoffice,"Barbie looking to become the 2nd Biggest 2023 Opening Weekend &amp; the 7th Biggest Opening Weekend since the Pandemic started, Oppenheimer is on track to become the 7th Biggest 2023 Opening Weekend &amp; Chistopher Nolan´s 2nd Biggest Non-Batman Opening Weekend - Germany Box Office","https://preview.redd.it/hjojsk2q2bdb1.jpg?width=495&amp;format=pjpg&amp;auto=webp&amp;s=3645cb5a9ea5eb133666a8237213bf21186910d3

https://preview.redd.it/9hljwf4p2bdb1.jpg?width=864&amp;format=pjpg&amp;auto=webp&amp;s=0e4cc700f64cbe5874239809bf97de749a7eead4

Barbie &amp; Oppenheimer are finally playing in movie theaters and after their first day in German Movie Theaters, Barbie is on course to debut with Ca. 585,000 tickets during it´s Opening Weekend &amp; Ca. 700,000 tickets including Previews.

Meanwhile, Oppenheimer is on course to open with Ca. 400,000 tickets during it´s Opening Weekend.

This would make Barbie the 2nd Biggest Opening Weekend of 2023 and the 7th Biggest Opening Weekend since the Pandemic started.

Meanwhile, Oppenheimer would have the 7th Biggest Opening Weekend of 2023 and the 20th Biggest Opening Weekend since the Pandemic started.

&amp;#x200B;

**Top 10 Biggest 2023 Opening Weekends:**

1. The Super Mario Bros. Movie - 953,696 tickets
2. Barbie - Ca. 585,000 tickets
3. Fast X - 496,000 tickets
4. Guardians of the Galaxy Vol.3 - 474,136 tickets
5. John Wick: Chapter 4 - 412,553 tickets
6. Creed III - 411,581 tickets
7. Oppenheimer - Ca. 400,000 tickets
8. Manta, Manta: Zwoter Teil - 373,253 tickets
9. Indiana Jones and the Dial of Destiny – 333,670 tickets
10. Ant-Man and the Wasp: Quantumania - 283,557 tickets

Dropped Out: Die drei ???: Erbe des Drachen - 253,604 tickets

Dropped Out: Mission: Impossible Dead Reckoning Part One - 233,608 tickets

**Top 20 Biggest Opening Weekends since the Pandemic started:**

1. No Time to Die - 1,194,778 tickets
2. Avatar: The Way of Water - 1,157,409 tickets
3. The Super Mario Bros. Movie - 953,696 tickets
4. Spider-Man: No Way Home - 814,942 tickets
5. Fantastic Beasts: The Secrets of Dumbledore - 723,932 tickets
6. Doctor Strange in the Multiverse of Madness - 638,287 tickets
7. Barbie - Ca. 585,000 tickets
8. Top Gun: Maverick - 530,558 tickets
9. F9: The Fast Saga - 525,093 tickets
10. Fast X - 496,000 tickets
11. Jurassic World Dominion - 492,536 tickets
12. Guardians of the Galaxy Vol. 3 - 474,136 tickets
13. Minions: The Rise of Gru - 452,131 tickets
14. Thor: Love and Thunder - 447,515 tickets
15. School of Magical Animals 2 - 444,745 tickets
16. Black Panther: Wakanda Forever - 436,724 tickets
17. John Wick: Chapter 4 - 412,553 tickets
18. Creed III - 411,581 tickets
19. The Batman - 406,856 tickets
20. Oppenheimer - Ca. 400,000 tickets

Dropped Out: Manta, Manta: Zwoter Teil - 373,253 tickets

Dropped Out: Dune - 340,964 tickets

&amp;#x200B;

Barbie is on track to have the Biggest Opening Weekend from Greta Gerwig, Margot Robbie &amp; Ryan Gosling.

**Top 3 Biggest Greta Gerwig Opening Weekends:**

1. Barbie - Ca. 585,000 tickets
2. Little Women (2019) - 91,068 tickets
3. Lady Bird - 20,193 tickets

**Top 5 Biggest Margot Robbie** **Opening Weekends:**

1. Barbie - Ca. 585,000 tickets
2. The Wolf of Wall Street – 511,652 tickets
3. Suicide Squad – 500,016 tickets
4. Once Upon a Time … in Hollywood – 438,998 tickets
5. Peter Rabbit – 266,939 tickets

Dropped Out: The Legend of Tarzan – 167,248 tickets

**Top 5 Biggest Ryan Gosling Opening Weekends:**

1. Barbie - Ca. 585,000 tickets
2. Blade Runner 2049 - 247,588 tickets
3. La La Land – 138,298 tickets
4. Fracture – 128,674  tickets
5. Crazy, Stupid, Love – 117,994 tickets

Dropped Out: The Big Short – 79,749 tickets

&amp;#x200B;

Oppenheimer is on track to have Christopher Nolan´s 4th Biggest Opening Weekend and Christopher Nolan´s 2nd Biggest Non-Batman Opening Weekend.

Oppenheimer is also on track to become Cillian Murphy´s 4th Biggest Opening Weekend.

**Top 5 Biggest Christopher Nolan Opening Weekends:**

1. The Dark Knight - 868,763 tickets
2. The Dark Knight Rises - 857,332 tickets
3. Inception - 621,050 tickets
4. Oppenheimer - Ca. 400,000 tickets
5. Interstellar - 373,118 tickets

Dropped Out: Tenet - 318,572 tickets

**Top 5 Biggest Cillian Murphy Opening Weekends:**

1. The Dark Knight – 868,763 tickets
2. The Dark Knight Rises – 857,332 tickets
3. Inception – 621,050 tickets
4. Oppenheimer - Ca. 400,000 tickets
5. In Time – 245,849 tickets

Dropped Out: Batman Begins – 218,642 tickets

&amp;#x200B;

Mission: Impossible Dead Reckoning Part One is on track to drop -44.4% in it´s 2nd Weekend, which would make a Final Total below Mission: Impossible III (1,246,368 tickets) very likely.

Meanwhile, Elemental (-24%) &amp; Indiana Jones and the Dial of Destiny (-43%) are getting closer and closer to 1 million tickets sold.

**The Current Projection for the Weekend:**

1. Barbie - 585,000 tickets (700,000 tickets including Previews) (New)
2. Oppenheimer - 400,000 tickets (New)
3. Mission: Impossible Dead Reckoning Part One - 130,000 tickets -44.4% (510,000 tickets total) (2nd Weekend)
4. Ladybug &amp; Cat Noir: The Movie - 90,000 tickets -32.6% (560,000 tickets total) (3rd Weekend)
5. Elemental - 80,000 tickets -24% (880,000 tickets total) (5th Weekend)
6. Indiana Jones and the Dial of Destiny - 75,000 tickets -43% (945,000 tickets total) (4th Weekend)

?. Mon chat et moi, la grande aventure de Rroû - 10,000 tickets (New)

&amp;#x200B;

This is only a projection based on the Thursday numbers for these films, so these numbers can definitely still change in the coming days.

I´ll release a post about the actual Weekend numbers, next wednesday.",2023-07-21T12:42:07,28,5,https://www.reddit.com/r/boxoffice/comments/155myaq/barbie_looking_to_become_the_2nd_biggest_2023/,Oppenheimer,Oppenheimer
155fy9l,boxoffice,'Oppenheimer' Rotten Tomatoes Verified Audience Score Thread,"I will continue to update this page as the score changes.

||**Score**|**Number of Reviews**|**Average Rating**|
|:-|:-|:-|:-|
|**Verified Audience**|94%|1,000+|4.7/5|
|**All Audience**|92%|2,500+|4.6/5|

**Verified Audience Score History:**

* 94% (4.7/5) at 500+
* 94% (4.7/5) at 1,000+

[**Rotten Tomatoes:**](https://www.rottentomatoes.com/m/oppenheimer_2023) Certified Fresh

**Critics Consensus:** *Oppenheimer* marks another engrossing achievement from Christopher Nolan that benefits from Murphy's tour-de-force performance and stunning visuals.

||**Score**|**Number of Reviews**|**Average Rating**|
|:-|:-|:-|:-|
|**All Critics**|94%|307|8.70/10|
|**Top Critics**|96%|75|8.70/10|

[**Metacritic:**](https://www.metacritic.com/movie/oppenheimer) 89 (63 Reviews)

**SYNOPSIS:**

Written and directed by Christopher Nolan, *Oppenheimer* is an IMAX®-shot epic thriller that thrusts audiences into the pulse-pounding paradox of the enigmatic man who must risk destroying the world in order to save it.

**CAST:**

* Cillian Murphy as J. Robert Oppenheimer
* Emily Blunt as Katherine “Kitty” Oppenheimer
* Matt Damon as General Leslie Groves Jr.
* Robert Downey Jr. as Lewis Strauss
* Florence Pugh as Jean Tatlock
* Josh Hartnett as Ernest Lawrence
* Casey Affleck as Boris Pash
* Rami Malek as David Hill
* Kenneth Branagh as Niels Bohr

**DIRECTED BY:** Christopher Nolan

**WRITTEN BY:** Christopher Nolan

**BASED ON:** *American Prometheus: The Triumph and Tragedy of J. Robert Oppenheimer* by Kai Bird and Martin J. Sherwin

**PRODUCED BY:** Emma Thomas, Charles Roven, Christopher Nolan.

**EXECUTIVE PRODUCERS:** J. David Wargo, James Woods, Thomas Hayslip

**DIRECTOR OF PHOTOGRAPHY:** Hoyte Yan Hoytema

**PRODUCTION DESIGNER:** Ruth De Jong

**EDITED BY:** Jennifer Lame

**COSTUME DESIGNER:** Ellen Mirojnick

**MUSIC BY:** Ludwig Göransson

**RUNTIME:** 180 Minutes

**RELEASE DATE:** July 21, 2023",2023-07-21T06:47:16,125,54,https://www.reddit.com/r/boxoffice/comments/155fy9l/oppenheimer_rotten_tomatoes_verified_audience/,Oppenheimer,Oppenheimer
155cffr,boxoffice,"‘Barbie’ &amp; ‘Oppenheimer’ Box Office Mania Begins: Doll Eyes Around $20M, Nolan Epic $9M In Previews",,2023-07-21T03:44:44,471,136,https://deadline.com/2023/07/box-office-barbie-oppenheimer-barbenheimer-1235443828/,Oppenheimer,Oppenheimer
155c1sk,boxoffice,🇮🇩 Oppenheimer is doing great in Indonesia.,,2023-07-21T03:25:55,37,1,https://i.imgur.com/pcxC6jZ.jpg,Oppenheimer,Oppenheimer
1553rgf,boxoffice,MI: Dead Reckoning’s performance is like War for the Planet of the Apes,"MI: Dead Reckoning's run is eerily similar to War for the Planet of the Apes. Sequels following extremely well received predecessors and received very good reviews and buzz but Apes ended up being massively crippled by being sandwiched between Spider-Man Homecoming and Dunkirk with Baby Driver still going strong while MI is being destroyed by Sound of Freedom, Barbie, and Oppenheimer. Hell, DR opened on the exact same weekend on the same calendar configuration and is also facing a Nolan film next weekend",2023-07-20T21:24:24,211,71,https://www.reddit.com/r/boxoffice/comments/1553rgf/mi_dead_reckonings_performance_is_like_war_for/,Oppenheimer,Oppenheimer
154ygq6,boxoffice,"#ChristopherNolan is back at #BoxOffice as his #Oppenheimer kicked off Global rollout on WED, grossing 2.4M over first 10 markets. As mentioned this morning, #France’s 1.4M WED Opening Day was the stand out, followed by Nolan’s biggest opening day ever in #Indonesia with 451k.",,2023-07-20T18:07:44,63,0,https://twitter.com/Luiz_Fernando_J/status/1682085324166406144?t=G1BeZiwMAEvAIqCT8bFmdQ&amp;s=19,Oppenheimer,Oppenheimer
154g4v7,boxoffice,Oppenheimer (2023) is now certified fresh as well with 92% Critics score with 146 reviews.,,2023-07-20T03:52:42,677,117,https://i.redd.it/13vdukesl1db1.jpg,Oppenheimer,Oppenheimer
1544mb5,boxoffice,‘Oppenheimer’ Will Be the Biggest Test of Christopher Nolan’s Box Office Power,,2023-07-19T19:35:46,196,87,https://www.thewrap.com/oppenheimer-box-office-preview-nolan/,Oppenheimer,Oppenheimer
15420pb,boxoffice,"#Barbenheimer is almost here! What are your predictions for each film (OW, Domestic and Worldwide totals)? How do you think the Barbie/Oppenheimer double feature memes will affect their box office performances?",,2023-07-19T17:55:28,573,161,https://i.redd.it/4eyvidl8nycb1.jpg,Oppenheimer,Oppenheimer
153z3n8,boxoffice,'Oppenheimer' Review Thread,"I will continue to update this post as reviews come in.

[**Rotten Tomatoes:**](https://www.rottentomatoes.com/m/oppenheimer_2023) Certified Fresh

**Critics Consensus:** *Oppenheimer* marks another engrossing achievement from Christopher Nolan that benefits from Murphy's tour-de-force performance and stunning visuals.

||**Score**|**Number of Reviews**|**Average Rating**|
|:-|:-|:-|:-|
|**All Critics**|94%|307|8.70/10|
|**Top Critics**|96%|75|8.70/10|

[**Metacritic:**](https://www.metacritic.com/movie/oppenheimer) 89 (63 Reviews)

**Sample Reviews:**

Cillian Murphy, with a thousand-yard beam, the half-smile of an intellectual rake, and a way of keeping everything close to the vest, gives a phenomenal performance as Oppenheimer, making him fascinating and multi-layered. - Owen Gleiberman, Variety

This is a big, ballsy, serious-minded cinematic event of a type now virtually extinct from the studios. It fully embraces the contradictions of an intellectual giant who was also a deeply flawed man. - David Rooney, Hollywood Reporter

Elevated by Cillian Murphy’s exacting performance, Nolan’s biopic on the father of the atomic bomb is majestic and morally complex. - Tomris Laffly, *TheWrap*

Christopher Nolan’s Oppenheimer is a kinetic thing of dark, imposing beauty that quakes with the disquieting tremors of a forever rupture in the course of human history. **4/4** \- Jake Coyle, Associated Press

Cillian Murphy turns in a haunting career-best performance as theoretical physicist J. Robert Oppenheimer, and Robert Downey Jr. astounds in a way we haven’t seen in quite some time. **3.5/4** \- Brian Truitt, USA Today

One of the many satisfactions of Oppenheimer, Nolan’s intellectually thrilling and morally despairing new film, is that it succeeds in locating some of those conventions within another of his ingeniously constructed narrative labyrinths. - Justin Chang, Los Angeles Times

\[Nolan\] has brought to life not just J. Robert Oppenheimer, but the still-crucial arguments he both started and tried to end. Oppenheimer boldly posits that those arguments are still worth having, in a film of magnitude, profundity and dazzling artistry. **4/4** \- Ann Hornaday, Washington Post

“Oppenheimer” is a great achievement in formal and conceptual terms, and fully absorbing, but Nolan’s filmmaking is, crucially, in service to the history that it relates. - Manohla Dargis, New York Times

Oppenheimer is a movie that makes you say “Oh my God” over and over again -- in awe and in terror. **4/4** \- Johnny Oleksinski, New York Post

Magnificent. Christopher Nolan’s three-hour historical biopic Oppenheimer is a gorgeously photographed, brilliantly acted, masterfully edited and thoroughly engrossing epic that instantly takes its place among the finest films of this decade. **4/4** \- Richard Roeper, Chicago Sun-Times

This is a film about terrible risks and a planet likely destined to destroy itself someday. And we see it, and feel it. **3.5/4** \- Michael Phillips, Chicago Tribune

The acting is uniformly brilliant, with Murphy, Downey and Blunt simply astounding. **5/5** \- Bill Goodykoontz, Arizona Republic

Rarely have the highs and lows of politics been so astoundingly charted. **4.5/5** \- Richard Whittaker, Austin Chronicle

That rare summer movie with ideas as big as its ambition and budget...But ""Oppenheimer"" isn't a movie that is dependent on special effects for its power. In a film aimed squarely at adults, Nolan keeps the focus as much on the man as the magic. **4.5/5** \- Cary Darling, Houston Chronicle

Oppenheimer is a movie with power, texture and grace. By the end, we begin to understand its subject, even if we remain baffled by a genius who somehow divorced himself from the damage his theoretical project would do. **3.5/4** \- Chris Hewitt, Minneapolis Star Tribune

Murphy’s eerily handsome face, made up of angles and shadows and eyes that always seem to be telling a story that’s different from the one he’s speaking, is the film’s foundation, and his layered performance is its anchor. **3.5/4** \- Moira MacDonald, Seattle Times

This is the big bang, and no one could have made it bigger or more overwhelming than Nolan. **4/5** \- Peter Bradshaw, Guardian

Nolan taps the full sensory potential of moviemaking, pushing picture and sound to meet the scale of the story: clever lines dot the script; the whole project is admirably willing to wrestle with matters of great weight through cinema. **4/5** \- Danny Leigh, Financial Times

It’s at once a speeding roller-coaster and a skin-tingling spiritual portrait; an often classically minded period piece that only Nolan could have made, and only now, after a quarter-century’s run-up. **5/5** \- Robbie Collin, Daily Telegraph (UK)

Large swathes of the film play out as political thriller, the fuel in its engine being Downey Jr’s titanic colouring of Strauss, all boorishness and manipulative charm. **4/5** \- Clarisse Loughrey, Independent (UK)

The movie around Murphy is simultaneously breathtaking and mind-melding. **4/5** \- Ed Potton, Times (UK)

The simultaneously old-school and new-school gorgeousness of Oppenheimer can’t be overstressed. **5/5** \- Charlotte O'Sullivan, London Evening Standard

Nolan's best film to date and a spectacular achievement for cinema. **5/5** \- Linda Marric, The Jewish Chronicle

The filmmaker’s technique generally counterpoints any caveats and script imperfections. The ensemble cast is starry and strong. ... “Brilliance makes up for a lot,” Murphy’s Oppenheimer tells us. It sure does. **4/5** \- Tara Brady, Irish Times

Christopher Nolan has done it again. He’s taken a historical story we know a bit about and turned it into an edge-of-the-seat, heart-in-the-mouth drama. **4/5** \- Stephen Romei, The Australian

\[An\] often laborious yet genuinely strange and gripping movie -- a grand spectacle inspired by some of the grimmest events in human history, and itself an invention meant to blow us all away. **3.5/5** \- Jake Wilson, The Age (Australia)

This is dense material that’s thoroughly engrossing and by its end, shattering. - Esther Zuckerman, Bloomberg News

Downey is the crucial supporting player, and he gives a shrewd, dynamic performance as the wily, insecure, powerful Strauss. **5/5** \- Caryn James, BBC.com

Though they may seem disparate, the many elements of Oppenheimer refract and reflect each other, like a bunch of atoms creating a chain reaction or a group of scientists building off each other's ideas to forge something new. **A** \- Christian Holub, Entertainment Weekly

Either despite its intense craft or because of it, Oppenheimer works. - Stephanie Zacharek, TIME Magazine

Any filmmaker can create a cinematic universe. (Many have. Too many, some might say.) Very few can show you how a genius perceives the building blocks of our universe, right before that same person imagines something that threatens our existence in it. - David Fear, Rolling Stone

Oppenheimer is a mainstream offering of uncommon resonance, sending the viewer out of the theater head-spun and itchy-eyed, ears ringing from all its sophisticated, voluble explosion. - Richard Lawson, Vanity Fair

Its scope comes from Murphy’s haunted performance, and the way that the movie (with help from Ludwig Göransson’s panic attack of a score) submerges you in the mindset of its protagonist as though it can create a psychic connection to the past. - Alison Willmore, New York Magazine/Vulture

A masterfully constructed character study from a great director operating on a whole new level. A film that you don’t merely watch, but must reckon with. **5/5** \- Dan Jolin, Empire Magazine

Nolan demonstrates his usual prowess for impeccable visuals and stunning craftsmanship within a deeply despairing portrait of an arrogant genius who, too late, realised the impact of his monstrous creation. - Tim Grierson, Screen International

Only Nolan could make this potentially forbidding subject matter so thrilling. **5/5** \- Philip De Semlyen, Time Out

A divided epic of awe and horror, fission and fusion. It’s simultaneously a unified portrait of a conflicted man and a singular achievement for Hollywood’s reigning blockbuster auteur. - Nick Schager, The Daily Beast

It’s more impressive for how the director has made such a personal narrative feel epic, not just in visual breadth but in dramatic sweep, presenting a story from the past that feels knotted to so many present anxieties about nuclear annihilation. - David Sims, The Atlantic

“Oppenheimer” offers an indelible portrait of the age when people began wielding power they couldn’t necessarily control, and few movies have so disturbingly crystallized the horror of opening Pandora’s box. **B** \- David Ehrlich, indieWire

It’s Christopher Nolan’s best film so far, a step up to a new level for one of our finest filmmakers, and a movie that burns itself into your brain. **A** \- Matthew Jackson, AV Club

Oppenheimer joins the ranks of Christopher Nolan’s best work not for preserving some essential inexplicability of nuclear physics but by undermining the idea of science’s objectivity. **3.5/4** \- Jake Cole, Slant Magazine

Oppenheimer is a tour de force. An unmatched director at the top of his game throwing off the shackles of science fiction and superheroes to tell the raw story of one man’s transformation into something both more and less than a human being. - Jake Kleinman, Inverse

Simultaneously a biography, a mystery, a polemic, and a dense character study, Oppenheimer feels like the film Christopher Nolan has been preparing to make his entire career, and it may very well be his best work. **4/4** \- Dylan Roth, Observer

My patience wore thin as the director gave into one of his favorite indulgences: a bleeding soundscape. - Kristy Puchko, Mashable

Like its protagonist, Oppenheimer is a work in constant conflict with itself, with most of its problems rooted in Nolan’s screenplay. - Alonso Duralde, The Film Verdict

Its best moments stand out as some of the most original and exciting filmmaking of the year, highs that do a lot to counterbalance the sequences which dive back into bureaucracy and comparatively petty rivalries. **B** \- Liz Shannon Miller, Consequence

A juggernaut historical biopic that you'll want to see again asap, even if it doesn’t all work on the first sweep. **5/5** \- David Jenkins, Little White Lies

Intelligent non-IP-driven filmmaking on a scale we simply don’t see in movie theaters anymore. **8/10** \- Matt Singer, ScreenCrush

The most breathtaking film of the year. **9.2/10** \- Jordan Hoffman, The Messenger

For all we learn about the creation and execution of the atomic bomb and its aftermath, the story could and should be told in a more digestible form. Instead, we have an overlong narrative that isn’t revelatory or surprising. - Leonard Maltin, leonardmaltin.com

As a physical experience, ""Oppenheimer"" is something else entirely—it's hard to say exactly what, and that's what's so fascinating about it. **4/4** \- Matt Zoller Seitz, RogerEbert.com

**SYNOPSIS:**

Written and directed by Christopher Nolan, *Oppenheimer* is an IMAX®-shot epic thriller that thrusts audiences into the pulse-pounding paradox of the enigmatic man who must risk destroying the world in order to save it.

**CAST:**

* Cillian Murphy as J. Robert Oppenheimer
* Emily Blunt as Katherine “Kitty” Oppenheimer
* Matt Damon as General Leslie Groves Jr.
* Robert Downey Jr. as Lewis Strauss
* Florence Pugh as Jean Tatlock
* Josh Hartnett as Ernest Lawrence
* Casey Affleck as Boris Pash
* Rami Malek as David Hill
* Kenneth Branagh as Niels Bohr

**DIRECTED BY:** Christopher Nolan

**WRITTEN BY:** Christopher Nolan

**BASED ON:** *American Prometheus: The Triumph and Tragedy of J. Robert Oppenheimer* by Kai Bird and Martin J. Sherwin

**PRODUCED BY:** Emma Thomas, Charles Roven, Christopher Nolan.

**EXECUTIVE PRODUCERS:** J. David Wargo, James Woods, Thomas Hayslip

**DIRECTOR OF PHOTOGRAPHY:** Hoyte Yan Hoytema

**PRODUCTION DESIGNER:** Ruth De Jong

**EDITED BY:** Jennifer Lame

**COSTUME DESIGNER:** Ellen Mirojnick

**MUSIC BY:** Ludwig Göransson

**RUNTIME:** 180 Minutes

**RELEASE DATE:** July 21, 2023",2023-07-19T16:03:00,872,798,https://www.reddit.com/r/boxoffice/comments/153z3n8/oppenheimer_review_thread/,Oppenheimer,Oppenheimer
1529kzx,boxoffice,Christopher Nolan's OPPENHEIMER drops the bomb on 750 IMAX screens in 75 markets this weekend. Will also be presented in IMAX 15/70mm film in 30 IMAX locations around the world.,,2023-07-17T18:18:36,24,1,https://twitter.com/ERCboxoffice/status/1681005291733925889?t=bCRSl7JgRx96NELrbIycyA&amp;s=19,Oppenheimer,Oppenheimer
14zups9,boxoffice,"Oppenheimer: “A representative for the film reached out to clarify that Nolan's original quote was misreported. The director referred to the film being 180 minutes long, not costing $180 million to make.”",,2023-07-14T22:49:32,261,36,https://collider.com/oppenheimer-budget-christopher-nolan-comments/,Oppenheimer,Oppenheimer
14xdey2,boxoffice,Christopher Nolan allegedly tried to stop Barbenheimer from happening. He wanted his film to have a release date to itself. How much do you believe that Oppenheimer’s box office has been helped by the Barbie factor? How well would Oppenheimer have done with a solo release date,"[Source](https://www.insider.com/christopher-nolan-warner-bros-feud-oppenheimer-barbie-2023-7)

[View Poll](https://www.reddit.com/poll/14xdey2)",2023-07-12T04:03:58,10,57,https://www.reddit.com/r/boxoffice/comments/14xdey2/christopher_nolan_allegedly_tried_to_stop/,Oppenheimer,Oppenheimer
14x8so7,boxoffice,Rest of Summer predictions,"Mission Impossible Dead Reckoning-$95 Million 5-day
$280 Million domestic 
$910 Million WW

Should have good WOM and play throughout the summer but losing premium screens after one week probably keeps it from A Billion 


Barbie 
$105 Million 3-day
$275 Million Domestic 
$675 Million WW

Could go higher if it also does Great internationally as domestically it will be big


Oppenheimer 
$50 Million 3-day
$175 Domestic
$410 Million WW

I don’t feel that Oppenheimer will have wide appeal but Nolan’s fan base and Having IMAX screens for 3 Weeks will help it perform solidly 

Haunted Mansion 
$40 Million 3-day
$150 Million domestic 
$350 Million WW

Horror movies have been doing Great recently and The Haunted Mansion ride is well known so it do better then predicted or it could flop opening after Barbie and Oppenheimer I’m leaning towards it doing decently.

Tmnt Mutant Mayhem 
$70 Million 5-day
 $225 Domestic
  $475 WW

Feel like this will be the breakout of the August movies as It’s the first Big Animated movie to release since June and TMNT is pretty popular and could have Great legs with no competition for the rest of the summer 

The Meg 2: The Trench

$30 Million 3-day
$120 Domestic
$400 WW

Feel like it will do slightly worse Domestically than the 1st one opening against TMNT but it could breakout overseas and preform on par with the first Meg.

Gran Turismo 
$12 Million 3-Day
$45 Million Domestic
$120 WW

I don’t think the game is popular enough for it to draw an audience and it doesn’t stand out against the competition.

The Last Voyage of the Demeter
 $10 Million 3-day
  $32 Million Domestic
  $75 Million WW
  
Probably performs similarly to Renfield don’t think audiences are into Dracula films right now.

Blue Beetle
$15 Million 3-day
$65 Million domestic
$145 Million WW

Some DC fans might go and watch it but it looks too generic and it’s based off an unknown character so I don’t see a lot of people going to see it",2023-07-12T00:37:31,9,11,https://www.reddit.com/r/boxoffice/comments/14x8so7/rest_of_summer_predictions/,Oppenheimer,Oppenheimer
14x4ofs,boxoffice,Oppenheimer First Reactions Following The World Premiere in Paris,"
After the premiere tonight the first reactions on social media have dropped in , Here is a sample :


Totally absorbed in OPPENHEIMER, a dense, talkie, tense film partly about the bomb, mostly about how doomed we are. Happy summer! Murphy is good, but the support essential: Damon, Downey Jr &amp; Ehrenreich even bring gags. An audacious, inventive, complex film to rattle its audience


Christopher Nolan’s #Oppenheimer is truly a spectacular achievement, in its truthful, concise adaptation, inventive storytelling and nuanced performances from Cillian Murphy, Emily Blunt, Robert Downey Jr., Matt Damon and the many, many others involved —- some just for a scene.


Oppenheimer left me stunned: a character study on the grandest scale, with a sublime central performance by Cillian Murphy. An epic historical drama but with a distinctly Nolan sensibility: the tension, structure, sense of scale, startling sound design, remarkable visuals. Wow

Oppenheimer is, for me, the best Nolan. Striking, dense, intense. The film, via the main character, does not let go of you, from the first to the last second. A powerful rise and an incredible last hour. Cillian Murphy is absolutely stunning.


OPPENHEIMER could only please me, it's Nolan who does JFK x THE SOCIAL NETWORK. The story of a prophet who wanted to realize his visions of a world beyond ours but turned them into a nightmare. A meditation on power


Sacred piece Oppenheimer, biopic saturated with information and sensory effects that tell the story of a cracked hero. If academicism sometimes threatens to strike, Christopher Nolan comes out with honors thanks to an original and sharp historical point of view.


From Lawrence of Arabia to JFK, Christopher Nolan is inspired by the great classic cinema. A real success, without downtime for 3 hours, which offers what cinema should be: a work that respects it


OPPENHEIMER is...incredible. The word that keeps coming to mind is ""fearsome."" A relentlessly paced, insanely detailed, intricate historical drama that builds and builds and builds until Nolan brings the hammer down in the most astonishing, shattering way.


A sign that French audiences loved #Oppenheimer is that they stayed in front of the Grand Rex theater long after the film ended to debate about it!


Blown by #Oppenheimer!
More classic in appearance, but which fits perfectly into Nolan's work by distilling his motives according to the story: a hectic biopic on the inventor of the atomic bomb, which turns into a captivating thriller in his last crazy hour.


ChristopherNolan's #Oppenheimer is incredible. Every aspect of the film is worth talking about from the brilliant performances, to #HoytevanHoytema's amazing work behind the camera, to the way Nolan tells the story. The 3 hour run time flies by. See it in @IMAX 70mm if you can.


Christopher Nolan’s #Oppenheimer is fantastic - big &amp; bold w/ electrifying performances &amp; an incredibly visceral pacing to it. It’s both quietly intimate &amp; also a ferocious moviegoing experience at the same time. See it in IMAX 70mm &amp; it’ll be among your favorite watches of 2023 


OPPENHEIMER is one of if not Nolan’s best work. And that comes from a huge Nolan admirer. I’ve see it twice. Impeccable immersive filmmaking of the highest order. Cillian Murphy gets the role he deserves. In love with Downey’s work. This one demands your attention.


I was skeptical, but Oppenheimer has stuck with me since seeing it last week. Yes, it's 3 hours, but in a dense-Scorsese way and the last 20 minutes (why Emily Blunt clearly took the role) bring its three narrative threads to a moving conclusion.


#Oppenheimer is powerful stuff. Cillian Murphy’s flawless awards worthy performance is next level. Every player in this rich ensemble cast is at the top of their game. Christopher Nolan’s haunting opus is remarkable and Hoyte van Hoytema‘s execution of his vision is breathtaking.


#Oppenheimer Review: CHRISTOPHER NOLAN’S MASTERPIECE. A bold, tragic look inside humanity’s darkest hour. Riveting, world-class performances &amp; breathtaking imagery that blows a load of emotion inside you. Not just another biopic, it’s the best historical movie ever! A fitting end


Will Update with more to come",2023-07-11T21:49:16,362,258,https://www.reddit.com/r/boxoffice/comments/14x4ofs/oppenheimer_first_reactions_following_the_world/,Oppenheimer,Oppenheimer
14tghmd,boxoffice,oppenheimer might not air in China,"Mission Impossible is secured to open. There’s no news for Oppenheimer. No rumor of rejection either. So it’s possible this r rated movie didn’t even bother to submit for evaluation. 

Nolan is a big name in China. Might have to lower global sales expectations guys. Hard core fans are going to Taiwan, but that’s the minority",2023-07-07T19:15:29,73,42,https://www.reddit.com/r/boxoffice/comments/14tghmd/oppenheimer_might_not_air_in_china/,Oppenheimer,Oppenheimer
14sip79,boxoffice,Upcoming movies (US theaters) — July 2023,,2023-07-06T19:10:48,2,4,https://i.redd.it/wztrael98eab1.jpg,Oppenheimer,Oppenheimer
14oh3jt,boxoffice,How much will the month of July 2023 do at the domestic Box Office? An estimate,"**Holdovers**

Spider-Verse is at 331, I think it can get to 380m in total or so, so 50m for July

Mermaid is at 277m, I think it can get to over 300m in total, so 20m

Rise of the Beasts is at 130m, I think it can do 155m, so 25m

Flash is at 95m, I think it can do 110m, so 15m roughly

Elemental is at 81m, I think it can do 135m, so 55m seems good

GOTGV3 has another 5m in the tank, but maybe closer to 10m

Boogeyman also 5-10m left

Fast X and Mario are done domestically

Past Lives is A24 so it's been expanding nicely, could do more but I'll say another 5-10 million as well

Indy 5 had a 24m OD, and around 58m OW. B+ CS and Holiday weekend so probably 160m finish, so let's say 130m for July.

Ruby Gillman had a 2.3m OD and probably 7m OW. Could have decent legs as it's a low opening family animation but will get booted off theaters quickly so let's say 22-24m, so 15m for July.

Asteroid City has made 16m so far, let's say it finishes under 40m so 20m for July

No Hard Feelings has made 24m, let's say it legs out to 50m so 25m for July

Adding all these holdovers up gets holdovers to 370-390m total

**New Releases**

Insidious: Red Door will have 25 days of release during July (July 7 to 31). Insidious: The Last Key made 64m during it's first 25 days. Insidious chapter 3 made 50m. Insidious chapter 2 made 75m. Insidious 1 made 45m. Averaging it all up gets us to about 60m.

Joy Ride I have no clue, let's say 30m for June, could be wildly off.

Dead Reackoning: Part 1 will have 23 days in July (July 9 to 31). Fallout made 178m, Ghost Protocol 175m and Rogue Nation 154m. That averages to 170m. Let's just say 200m to account for a possible small Top Gun boost.

Oppenheimer will have 11 days in July. 11-day totals for Nolan movies include Interstellar (99m) Inception (149m) and Dunkirk (105m). That averages out to 120m.

Barbie also has 11 days in June. It has clear breakout movie ingredients. It has 11 days in July. Other female skewing titled include TLM (192m) Beauty and the Beast (326m) Captain Marvel (270m) and Wonder Woman (213m). Average is 250m.

Haunted Mansion let's say 20m, only 4 days in July.

Adding all these major releases up gets us to roughly 680m. All the other July movies not listed above could do a combined 30-70m. So 710-750m for new releases. Adding that to the 370-390 for the holdovers gets us to 1.08-1.14b in domestic gross, which is on par with previous July months.

&amp;#x200B;",2023-07-02T06:32:12,24,2,https://www.reddit.com/r/boxoffice/comments/14oh3jt/how_much_will_the_month_of_july_2023_do_at_the/,Oppenheimer,Oppenheimer
14o0x8v,boxoffice,Who will win the July box office,,2023-07-01T17:40:09,360,298,https://www.reddit.com/gallery/14o0x8v,Oppenheimer,Oppenheimer
14mfik2,boxoffice,Christoper Nolan's 'Oppenheimer' Japan Release Not Finalized - The situation in Japan is complicated given the film’s subject matter and the devastation the bombs wrought on the country,,2023-06-29T20:26:49,316,260,https://variety.com/2023/film/box-office/oppenheimer-christopher-nolan-theatrical-release-japan-1235645752/,Oppenheimer,Oppenheimer
14mb57d,boxoffice,Could Haunted Mansion miss the Top 3 in it’s opening weekend?,"**Contenders:**

Mission Impossible: Dead Reckoning (3rd weekend) 

Barbie (2nd weekend) 

Oppenheimer (2nd weekend) 

Haunted Mansion (Opening Weekend) 


**My prediction:** 

1. Barbie - 30m

Currently tracking at about a 70m opening weekend, it will be hard for it to fall off hard enough where it misses the #1 spot . I’m predicting it to over perform and hit a 75-80m opening weekend. I doubt this movie will hold that well in the following weekends tho considering the nature of the movie and it’s target audience. I’m predicting a 60% drop, but would love to be proven wrong. 

2. Oppenheimer - 27m 

Currently tracking at about 40m debut, I’m also willing to see it will over perform and get to at least 45m. Seeing historic patterns for Christopher Nolan films, this movie is probably going to have a sub 50% drop. I’m going to guess a 40% drop, lower than Dunkirk. 
 

3. Mission Impossible DR P.2 - 23.2m

Tracking at about 75m for its opening, this movie will almost certainly hold well when comparing its previous outings. Fallout had racked in 31% of it’s opening weekend in it’s 3rd weekend. Surprisingly, Ghost Protocol also had 31% of it’s opening weekend in it’s 3rd weekend. 


4. Haunted Mansion - 23m&lt; 

With little to no traction for this movie and the “I’ll wait till Disney+” sentiment, this movie isn’t looking like it’s going to do well. Maybe with a 1 in front of it… 


Hopefully I can be proven wrong but considering it’s enormous budget of 157m, this film is looking like a substantial flop.",2023-06-29T17:35:00,7,11,https://www.reddit.com/r/boxoffice/comments/14mb57d/could_haunted_mansion_miss_the_top_3_in_its/,Oppenheimer,Oppenheimer
14m9b32,boxoffice,"'Barbie’ Tracking for $70M- $80M Opening, Christopher Nolan’s ‘Oppenheimer’ Targets $40M",,2023-06-29T16:21:53,1715,578,https://www.hollywoodreporter.com/movies/movie-news/barbie-box-office-tracking-oppenheimer-1235526172/,Oppenheimer,Oppenheimer
14jzspe,boxoffice,"It’s interesting that #Barbie got a release date in #China’s #BoxOffice while #Oppenheimer which has been promoted locally since early MAY hasn’t, despite #ChristopherNolan’s popularity. #Universal still waiting for local regulators blessing, while #Barbie has JUL 21 slot locked.",,2023-06-27T01:37:20,130,93,https://twitter.com/Luiz_Fernando_J/status/1673503997854900226?t=goDfsVnQ6WadYboupSEUyQ&amp;s=19,Oppenheimer,Oppenheimer
14bv1o0,boxoffice,2023: A really bad year for big budget films,"Let’s just get to the point. I can't be the only one thinking this.

So far this year, the big budget (over 100 million dollar budget) films have only had a few success stories. Aside from Avatar and Puss from last year, the other 100M+ budget films this year look likely to underperform.

Let's look back for a second through the year so far through the 100M+ budget films:

Ant-Man 3: A pretty notable underperformer, Ant-Man 3 isn’t a massive bomb but it is likely a substantial disappointment for Disney and will still lose some money.

Shazam 2: Absolutely horrendous showing, but self inflicted by DC after announcing Gunn was rebooting DC. A sacrificial lamb in the long term.

John Wick: A good film, a true success story and a nice release window, no adult competition, solid run with solid legs

Dungeons and Dragons: Honor Among Thieves: Unfortunately wedged right between John Wick and Mario, as well as following bad PR by Wizards of the Coast. Heavy underperformer.

Mario: Success story of the year, everything except word of mouth among critics and Chinese performance was good, with a good release window giving it all of April to itself as a family film.

Guardians 3: Exceptional word of mouth and a pretty good opening put this one in the green by a considerable margin, and Gunn really did a good job.

Fast X: With a 340 million dollar budget, this one is absolutely in the red. Insane to me how this budget was greenlit, probably will lose over 100M.

The Little Mermaid: Still early, but a lackluster performance so far relative to expectations. Needs 600-720M to break even, I think it’s gonna fall short (probably by around 50-100M)

Spider-Man: Across the Spiderverse: Likely to be the second most profitable film of 2023 behind Mario, due to the exceptional writing and art direction behind this one as well as a good budget. High hopes for Beyond the Spiderverse next year as well.

Transformers: Likely also going to underperform and lose money off of its budget for all its special effects. A shame because it’s probably one of the best Transformers films too.

Elemental: This is looking really bad given the 200M budget and mixed reception with a relatively weak cast and no IP attachment. Rough for Pixar who has been on a losing streak, could leg out for a while but I personally think it’s fate is sealed being in the top 10 box office bombs of all time.

The Flash: You’ve heard it, I’ve heard it, everyone has heard it. Given the 200+M budget and massive advertising campaign this one has sunk like a stone and will likely be somewhere on the top 10 biggest box office bombs of all time as well.

Indiana Jones: Very difficult to guess at this point but given the budget is large and word of mouth is mediocre I think it will end up slightly in the red by 50-100M

Mission Impossible: This one is pretty expensive, I’d say it probably passes its break even point of around 725M given Tom Cruise and the longstanding nature of this IP but it could go either way.

Barbie: 100M budget on the cheaper end, I think this one can pull around 250M-300M it needs to break even for sure given its family friendly nature.

Oppenheimer: 100M budget as well, Nolan might be able to pull this one to the 250M-300M finish line it needs to break even although less likely than Barbie. I’d say 50/50.

Haunted Mansion: 150M budget on a Disney horror flick in the middle of a crowded summer? Why not push this to September or October Disney? What’s wrong with you guys? This is gonna lose money for sure.

TMNT: Mutant Mayhem: Probably on the cheaper end, if it’s 100M or less it can probably make around the 250M it needs as it’s break even point. 

The Meg 2: Likely going to bomb, the first film opened in a much more favorable box office environment and had poor word of mouth. I think this film sinks.

Gran Turismo: I felt like they gave too much away in the trailer. We don’t know the budget for this one so it’s a “wait and see” situation.

Blue Beetle: Yeah no, this is probably going to make less than the flash and also be a bomb for DC.

So, out of the 21 100M+ budget movies that will be released by the end of Summer 2023, only 4 are safely in the green (John Wick, Mario, Guardians 3, and Spiderverse 2). A few others will likely be close to or slightly above break-even point, but there are many flops, bombs, and underperformers this year that will certainly have studio heads scratching their heads and asking “What went wrong?”

Well, let me put in my two cents. The first problem is the overstuffing of the box office during the summer when there were 6 months on the board this year without 100M+ openers, mostly in the beginning of the year and in September/October. The overstuffing of the summer cannibalized many of these big releases because movie-goers didn’t have the spare change or spare interest to see multiple.

The second major issue is really overinflated budgets, which is partially an issue as many of these films were filmed during Covid which complicated their productions, so this issue might naturally dissolve for future production cycles, but also could likely be associated with big name actors asking for too much on their paychecks for some of these films.

The third major issue I feel is that the Chinese box office is in decline for Hollywood films, which shut off a major source of revenue for filmmakers that was an effective safety cushion against their films losing money. Thus to account for the Chinese box office underperforming, filmmakers will have to search for other cultures to reach out to (notably, Latin America has had very promising growth in the box office this year).

If anyone has anything else to add or say about the subject, please let me know below what you have to think. It’s just been a pretty bad year for the box office.",2023-06-17T16:17:58,220,222,https://www.reddit.com/r/boxoffice/comments/14bv1o0/2023_a_really_bad_year_for_big_budget_films/,Oppenheimer,Oppenheimer
149ie9p,boxoffice,Here's my take on July 21-23,"The thing people need to know is that Barbie and Oppenheimer are geared toward much different audiences. Barbie is geared mostly toward young women and Oppenheimer is geared toward adult audiences. Nolan has had competitive weekends like this where both movies did successfully like Interstellar releasing same weekend as Big Hero 6 and Dark Knight releasing same weekend as Mamma Mia. Don't say the three-hour runtime and R rating will keep Oppenheimer from being successful because they said the same thing about Wolf of Wall Street and that was very successful. The strong marketing is also a factor for sucess because the trailer for Oppenheimer showed before Guardians 3 and Fast X and many people who saw the trailer before both movies will most likely see Oppenheimer in July. 

My take is that both Barbie and Oppenheimer will be very successful at the box office, I'm just mentioning why people shouldn't doubt certain movies like those two films especially being geared toward different audiences.",2023-06-14T20:35:16,7,19,https://www.reddit.com/r/boxoffice/comments/149ie9p/heres_my_take_on_july_2123/,Oppenheimer,Oppenheimer
143gcj6,boxoffice,"With six weeks to go before release, The Quorum is projecting a $30M-$35M opening for OPPENHEIMER","The big July 21st showdown between OPPENHEIMER and BARBIE is now only six weeks away, which means it’s time for [The Quorum](https://www.thequorum.com) to make its initial box office projection. As of today, we are projecting an opening weekend of $30M-$35M for OPPENHEIMER.

Here are the variables behind the projection:

**Low Awareness:** Back in February, [we reported](https://thequorum.com/universal-has-been-pushing-oppenheimer-so-why-havent-the-tracking-numbers-improved/) that awareness for OPPENHEIMER was surprisingly low, despite the fact that the first teaser trailer came out in July of last year. Today, six weeks away from release, awareness is still low at 24%.

**Non-Superhero Openings** – It’s worth noting that outside of his BATMAN trilogy, Christopher Nolan’s largest debut is $63M for INCEPTION (see below). In other words, we tend to equate Nolan with enormous openings when that’s not necessarily the case. It’s also worth noting that Nolan’s films are not about the opening weekend, but rather the total gross, as nearly all his movies have multiples well above 3.0. In fact, it’s not uncommon for his films to reach a 4.0 multiple.

https://preview.redd.it/302m41vj6m4b1.png?width=1120&amp;format=png&amp;auto=webp&amp;s=a1928e80bca586ba2aa8b350bebaa551637d799c

**Premium Large Format** – As PUCK [first reported](https://puck.news/the-tom-cruise-vs-oppenheimer-movie-theater-smackdown/), OPPENHEIMER was shot using IMAX cameras and given an unusual three-week run on IMAX screens, much to the dismay of Tom Cruise. These premium large format screens will boost the total gross.

**The Box Office Universe** (BOU) – The BOU for OPPENHEIMER (below) ranges from a high of $50.5M to a low of $17.0M. What is the BOU? It is a list of comp titles based on various factors, including the month of release, rating, genre, theater count, etc. The variables used in selecting the BOU can change from film to film. For OPENHEIMER, these are larger budget, non-sequel, non-superhero movies that opened in July between 2013 and 2022.

&amp;#x200B;

https://preview.redd.it/q9k0cv2n6m4b1.png?width=1202&amp;format=png&amp;auto=webp&amp;s=05a5ddca2af8d26a179a96745e1a52af54da63fa

The BOU provides context on how OPPENHEIMER might perform at the high and low end of the box office. It’s also helpful in identifying the sweet spot where most of these films perform.

Currently, OPPENHEIMER is tracking in line with both ELVIS ($31M) and BULLET TRAIN ($30M). At the same distance from release, awareness for OPPENHEIMER (dark yellow) is just shy of BULLET TRAIN (light yellow) and several points behind ELVIS (brown).

https://preview.redd.it/lw5h8xro6m4b1.png?width=1536&amp;format=png&amp;auto=webp&amp;s=efd9dd6d6de3198d2d0dba0122cab534284838fb

It’s a similar story on the interest side where OPPENHEIMER (dark blue) is just behind ELVIS (light blue) and BULLET TRAIN (black).

&amp;#x200B;

https://preview.redd.it/vb75drsr6m4b1.png?width=1532&amp;format=png&amp;auto=webp&amp;s=cc5b1358c425221a409f6ef11c1fcd6bef17db0d

If this forecast seems low, perhaps it is. With six weeks to go before release, there is time for that projection to rise, but based on where the film is today, we are forecasting an opening between $30M and $35M. Note, we update our forecasts each week. 

For more check out [www.thequorum.com](https://www.thequorum.com)",2023-06-07T15:30:52,148,190,https://www.reddit.com/r/boxoffice/comments/143gcj6/with_six_weeks_to_go_before_release_the_quorum_is/,Oppenheimer,Oppenheimer
142y8zr,boxoffice,"Presale tickets for standard, non-premium screenings of Oppenheimer begin on Thursday. Listen up, WB! Now’s your chance to line up the Barbie presales for the same day!",,2023-06-07T00:30:29,10,10,https://i.redd.it/iss7tgliqh4b1.jpg,Oppenheimer,Oppenheimer
13y4arv,boxoffice,IMAX screens for Oppenheimer and MI7,"Barbie may not have the absolute need for IMAX. 
But OPPENHEIMER and MI7 which is a week apart are involving two industry giants,  Nolan and Cruise who are huge lovers of the IMAX format.  

With IMAX deeply collaborating with Nolan for past few films,  how will it share IMAX screens with MI7 as every theater has mostly 1 IMAX screen. 
And do you see the lack of IMAX screenings for any of the 3 films effecting their box office?",2023-06-02T05:46:25,34,33,https://www.reddit.com/r/boxoffice/comments/13y4arv/imax_screens_for_oppenheimer_and_mi7/,Oppenheimer,Oppenheimer
13y2zqx,boxoffice,Is there something holding back Mission: Impossible Dead Reckoning Part One from moving its release date up to July 7th?,"A recent article stated Tom Cruise was upset with how the IMAX release schedule was setup in July because Oppenheimer (Nolan) got a 3 week deal securing IMAX screens, which would cut off Mission Impossible's IMAX window to 9 days without a possibility of getting IMAX screens for basically another month.

My question is, can the movie still move up its release date even after it moved up to July 12th from the 14th? Is Paramount under some locked contract, that it would cost money for the studio to move up the release date? Why doesn't Paramount move MIDR up to weekend before?",2023-06-02T04:31:11,30,26,https://www.reddit.com/r/boxoffice/comments/13y2zqx/is_there_something_holding_back_mission/,Oppenheimer,Oppenheimer
13y0k6o,boxoffice,The Tom Cruise vs ‘Oppenheimer’ Movie Theater Smackdown - Cruise has been forcefully pushing exhibitors to put ‘Mission: Impossible’ ahead of Chris Nolan’s film on large-format screens after he lost three weeks of IMAX exclusivity in the first truly competitive summer for blockbusters since Covid.,,2023-06-02T02:23:17,367,171,https://puck.news/the-tom-cruise-vs-oppenheimer-movie-theater-smackdown/,Oppenheimer,Oppenheimer
13xt2bo,boxoffice,"The final runtime on Christopher Nolan’s 'Oppenheimer' is 180 minutes, or 3 hours, making it his longest film to date",,2023-06-01T20:54:24,853,328,https://twitter.com/ErikDavis/status/1664370867197845510,Oppenheimer,Oppenheimer
13x81hg,boxoffice,Will Oppenheimer be released in China?,"Since it's a movie about WWII times America, I would imagine it's a sensitive subject since the relationship between China and America are so strained right now.

China usually love Nolan movies so I wonder if it would hurt his box office numbers if it's not released but again I think I saw Chinese posters of Oppenheimer. Not sure if that means it's going to be released.",2023-06-01T04:25:48,12,13,https://www.reddit.com/r/boxoffice/comments/13x81hg/will_oppenheimer_be_released_in_china/,Oppenheimer,Oppenheimer
13nvlx8,boxoffice,Christopher Nolan Confirms ‘Oppenheimer’ Is His Longest Movie and ‘Kissing Three Hours’: ‘Slightly Longer’ Than ‘Interstellar’,,2023-05-21T13:55:59,1096,175,https://variety.com/2023/film/news/christopher-nolan-oppenheimer-longest-movie-3-hours-1235620387/,Oppenheimer,Oppenheimer
13eyo1g,boxoffice,Oppenheimer vs mission impossible,"Looking  oppenheimer trailer views and amount of viral tweets it has more hype than mi7 oppenheimer first trailer has over 40m views and the new one nearly 15m compared to mi7 teaser and its been out long and only has 15m also the amount of viral tweets i see about it compared to dead reckoning could beat it which would he crazy
3 hour biopic could be a pg action film nolan might have more power than tom cruise atm",2023-05-11T20:17:06,5,30,https://www.reddit.com/r/boxoffice/comments/13eyo1g/oppenheimer_vs_mission_impossible/,Oppenheimer,Oppenheimer
1354k7j,boxoffice,DISCUSSION: Summer Movie Season 2023 - Top Tens and More,"Hello everyone! Hope you're all doing well.

It's the most wonderful time of the year for us box office nerds: Summer Movie Season.

Between the first weekend of May and the last weekend of August, studios will be hurling everything they've got at the multiplexes to capitalize on people's free time.

With this post, I'm hoping we can talk about our top tens, and our overall preconceptions of the summer.

Without further ado, let's jump into this.

# A Look Ahead

**Box office projections aside, what's a movie you're looking forward to? A movie that you're hoping breaks out and does well?**

Personally, I'm looking forward to *Transformers: Rise of the Beasts*. I've always been a big fan of the franchise, and with it being five years since *Bumblebee*, we're due for another big screen adaptation. With Michael Bay's absence, I'm hopeful that this new movie ushers in a new golden era for the series, and with Unicron being the main villain, I'm hoping this means that we get to see more exploration of the lore.

# Top Ten

**These are my placements and predictions, each ranked by domestic gross.**

**1.** ***The Flash***

This is probably my most controversial take and I'm fully prepared for this to age like milk, but I think *The Flash* is gonna bring home the gold this season. One habit that DC has developed over recent years is pulling a win right when they need one.

For example:

* The critical reception to *Wonder Woman* after the dismal reviews of *Batman v. Superman* and *Suicide Squad,* as well as having the highest-grossing domestic box office for a superhero movie in 2017 with $417 Million.
* *Aquaman* hitting $1 Billion WW a year after the mess that was *Josstice League*, while also becoming the second-highest-grossing movie in Warner Bros history.
* *The Batman* making $177 Million in profits after *Wonder Woman 1984* and *The Suicide Squad* both lost $100 Million each.

With the recent failures of *Black Adam* and *Shazam: Fury of the Gods*, DC finds itself back on the ropes, taking a beating from both the critics and the box office. Warner Bros has been pushing heavy with this movie, there's been a lot positive buzz surrounding it, and the studio will be pulling out all the stops with the marketing to ensure it becomes a massive hit. It's also worth mentioning that it will be the second movie of the summer - after *Guardians of the Galaxy 3* \- that will have IMAX and Premium Large Formats (PLF) screens for more than a single weekend.

Having this movie take the summer crown will make it the don't-call-it-a-comeback story of the year.

**OW: $125-140 Million**

**DOM: $415-450 Million**

**WW: $900-1.1 Billion**

&amp;#x200B;

**2.** ***Indiana Jones and the Dial of Destiny***

*Indiana Jones* is a name that needs no introduction. The original trilogy is considered one of the best in movie history, the look of the character and the theme music are instantly recognizable, and the ride at the Disney parks are incredibly popular. It's safe to say that Henry Jones Jr. has secured his place as a timeless hero, one whose adventures will be remembered for years to come.

That being said, Disney has not had the best history with Lucasfilm, as the perception of the *Star Wars* brand has been on a downward slope since *The Last Jedi*. With *Indy* being under the same subdivision, there's cause for concern that this movie will get a similar treatment, that it will be a polarizing movie that divides fans and taint the franchises' legacy. Not to mention, the last time Harrison Ford donned the fedora, we got ""nuking the fridge"".

My prediction is that it opens big, but trails off. If it turns out to be great and it gets a lot of repeat business, then it has a clear path to at least $400 DOM. But if it stinks, it's looking at a steep drop.

**OW: $155-175 Million**

**DOM: $360-400 Million**

**WW: $835-910 Million**

&amp;#x200B;

**3.** ***Guardians of the Galaxy Vol. 3***

There's a lot more hesitancy with this one, given the recent track record of the MCU. The franchise is a point now where it needs to bounce back with a truly great movie and prove to fans that it's still worth their time and money. If it doesn't, then it needs to do some serious course correction.

I'm confident in James Gunn's ability to deliver an effective finale and close out his Marvel career with a bang. He single-handedly made these characters into household names, so it would be disappointing if it was anything less than spectacular.

I think it will be sizable hit for Disney, it will give Marvel a hand up right when they need it, but if I was a gambling man, I wouldn't place all my chips on this movie.

**OW: $115-130 Million**

**DOM: $315-340 Million**

**WW: $790-830 Million**

&amp;#x200B;

**4.** ***Mission Impossible Dead Reckoning Part One***

The Mission Impossible franchise has been on a hot streak ever since it made a return with *Ghost* *Protocol* in 2011, and it reached a new height in 2018 with *Fallout*. Tom Cruise is one of the last big movie stars whose name alone brings in the audiences, and with the juggernaut from last year that was *Top Gun: Maverick*, his star power has reached a new height.

That being said, it faces an uphill battle to reach the $1 Billion mark, as its IMAX screens will be immediately taken away and given to *Oppenheimer* in its second weekend. I think that the one-two punch of *Barbie* and *Oppenheimer* will eat into its legs a bit, which is why I think that it might not perform as crazy as *Maverick*.

This could be the movie that goes higher, maybe even cracks top three, but I'll be playing it safe with my prediction and only put it above the previous movie in the franchise.

**OW: $90-110 Million**

**DOM:$275-310 Million**

**WW: $820-860 Million**

&amp;#x200B;

**5.** ***The Little Mermaid***

The Memorial Day weekend has always been a bit of a gamble for Disney. Their most recent offerings on that slot were *Aladdin (2019)*, *Solo: A Star Wars Story*, *Pirates of the Caribbean: Dead Men Tell No Tales*, and *Tomorrowland*.  It's a complete wildcard not only for Disney, but for any summer blockbuster really. You could get the biggest hit or the biggest flop of the summer on that weekend.

What will really do this movie in though, is the legs. Looking ahead we have:

* *Spider-Man: Across the Spider-Verse* \- Coming out in *TLM's* 2nd weekend
* *Transformers: Rise of the Beasts* \- 3rd weekend
* *The Flash* \- 4th weekend
* *Indiana Jones and the Dial of Destiny* \- 6th weekend

All these movies are gunning for the same four-quadrant appeal - and nostalgia baiting- that *TLM* is hoping to cash in on. Chalk this up to Disney having bad luck, but I think this will fall short of expectations.

**OW: $110-125 Million**

**DOM: $240-260 Million**

**WW: $675-720 Million**

&amp;#x200B;

**6.** ***Oppenheimer***

There's always one prestige/award-bait movie that sneaks its way into the top ten of the summer, in the same way we had *Elvis* from last year, *Once Upon A Time in Hollywood* in 2019, or *Dunkirk* in 2017.

I do think there is a lot that will prevent this movie from really hitting blockbuster status - it's a three-hour long somber drama about the making of the nuclear bomb, not exactly a rip-roaring grand time - but Christopher Nolan gets butts in seats. With the cast he's managed to put together, which includes rising stars Florence Pugh and Jack Quaid, as well as the enticing marketing, it's shaping up to be another hit.

It has the IMAX and PLF screens for the better part of a month until *Blue Beetle* shows up, so if there's positive word-of-mouth, it could end up garnering some strong legs and climb up the list.  For now though, I think putting it in the same range as *Dunkirk* is the smarter move.

**OW: $50-65 Million**

**DOM: $190-210 Million**

**WW: $540-600 Million**

&amp;#x200B;

**7.** ***Transformers: Rise of the Beasts***

Even though I'm rooting for this movie, I know it's gonna end up near the bottom of the list. The *Transformers* franchise was in a rough spot last time we saw them on the silver screen. *The Last Knight* performed drastically worse than the previous two movies, becoming the lowest of the Michael Bay entries, and *Bumblebee* became the first in the franchise not to hit $500 Million WW.

That being said, I think the performance of *Bumblebee* can be chalked up to the overwhelming negative reception to *The Last Knight*, much in the same way *Solo* bombing could be attributed to *The Last Jedi* having split fan reactions.

I think enough time has passed that general audiences are yearning for another entry, just without the Bay-isms, and that seems to be what the movie is offering. However, it's in a crowded June, and it will be battling it out with other blockbusters, so I don't expect it to be the next ten-figure hit Paramount is hoping for.

**OW: $55-70 Million**

**DOM: $165-180 Million**

**WW: $590-650 Million**

&amp;#x200B;

**8.** ***Fast X***

The *Fast and Furious* saga is a dying franchise, Vin Diesel and company can see the writing on the wall. What remains to be seen is whether they close it out on a high note or if they just drag it over the finish line.

That being said, *F9* managed to hold its own, being number five at the worldwide box office, and it was the only non-Marvel movie of 2021 to make it into the top five domestically, beating out Daniel Craig's final outing as James Bond. On the note of finality, *Fast X* is being advertised as the first half of a two-parter that closes out the series, which could give it a small boost.

With a hefty price tag of $340 Million (although that could be the combined budget of *X* and *Fast 11*), it needs to get within striking range of $1 Billion to break even. That's not gonna happen off of international numbers alone, it needs a strong domestic haul, which I don't think this movie will get. The numbers have been dwindling since *Furious 7*, and I think this trend will continue. If I thought *The Little Mermaid's* legs looked bad, *Fast X* will have its own butchered and slaughtered as it enters its second weekend.

**OW: $60-75 Million**

**DOM: $135-160 Million**

**WW: $730-755 Million**

&amp;#x200B;

**9.** ***Spider-Man: Across the Spider-Verse***

*Into the Spider-Verse* was a massive win for Sony Animation and a groundbreaking entry in the superhero genre. Although it was overshadowed by *Aquaman* and - to a lesser extent - *Bumblebee*, it managed to co-exist along the other blockbusters and pull in nearly $400 Million WW.

This is a similar challenge that *Across the Spider-Verse* faces, it's sandwiched between *The* *Little* *Mermaid* and *Transformers: Rise of the Beasts*. I'm hoping it does a repeat of 2018 and holds its own against the competition, but it's coming out in a busy season, as opposed to last time when it was a dry January and there were a couple long weekends to give it a boost.

I think it will perform on par if not a little below the original, or it could have strong legs throughout the whole summer, we'll see.

**OW: $35-50 Million**

**DOM: $130-150 Million**

**WW: $320-365 Million**

&amp;#x200B;

**10.** ***Blue Beetle***

I thought it would be poetic to put this at the bottom, having my list start and end with a DC movie. The trailer seems to be garnering some mixed reactions, and the overall consensus is that it could either be really good or really suck. I think that it being one of the last tentpole movies of the summer and having IMAX screens for two weekends is definitely gonna help.

However, it seems that any DC movie released in the 2020s that doesn't feature Batman as a prominent character struggles to make money. If it's lightning in a bottle, it could make *Shazam!* numbers, but the likelihood is that it will perform closer to *Fury of the Gods*.

It will also be the fifth and final movie of the summer to spend more than one weekend in PLF screens, would could help give it a leg-up as the season winds down.

**OW: $30-40 Million**

**DOM; $110-125 Million**

**WW: $220-260 Million**

&amp;#x200B;

# Some Other Movies

***Barbie***

It's getting a lot of buzz online through memes and such, but I think this is a case where it appears more popular than it actually is. A bit like *Morbius* where jokes were mistaken for genuine interest, and the movie was rereleased and became a bigger flop than it already was.

If it turns out to be surprise hit, then it could easily crack top ten. There's a strong cast, this is Greta Gerwig's first crack at a more quote unquote mainstream movie, and I imagine that it could break out and do some strong numbers. There's not a lot of options for parents to take their kids to the movies this summer, so I think *Barbie* definitely could fill that void.

&amp;#x200B;

***Gran Turismo***

Between *The* *Last* *of Us* garnering higher ratings than *House of the Dragon* earlier this year, and *Mario* hitting $1 Billion, video game adaptations are on the upswing. What better way to continue this new trend than with another adaptation near the end of the summer?

Now *Gran Turismo* doesn't have the name recognition as the previously mentioned titles, but it's shaping up to be a fun racing movie that's coming out in the end of August, and I think it could be the shot in the arm that Neil Blomkamp's career needs.

It won't set the box office on fire, but it could do well enough to certify a spot on the top ten.

&amp;#x200B;

***Insidious: The Red Door***

Horror has always been a strong contender for summer, especially with James Wan's name attached to it. It's got the cast from the first two movies back, Patrick Wilson is making his directorial debut, and it seems to - hopefully - be the final entry in the series.

In recent years, it seems that any movie that makes in the range of $100-120 Million DOM has a shot of being in the top ten. Even though none of the *Insidious* movies have reached that threshold, there's not a whole lot of options for horror outside of this movie and *Meg 2*, which doesn't arrive until August.

It will definitely have its thunder stolen in its second weekend by *Mission Impossible* but I think this has strong holdover potential.

&amp;#x200B;

***Joy Ride***

Before Covid, every summer would see a comedy break out and nearly crack the top ten, maybe even make it in. *Girls* *Trip*, *Crazy* *Rich* *Asians*, *Trainwreck*, *Ocean's Eight*, all titles that did really well despite the crowded summer and limited buzz, and I think this movie fits the bill.

Now, this is a new era of moviegoing, and comedies are not the box office draws that they once were. I think that's the likely case for this movie, it will flop in theaters but it will get a second life on streaming.

&amp;#x200B;

***Meg 2: The Trench***

Everyone loves a good shark movie, and with this one coming out as the summer winds down, it could attract the thrill seekers after a dry season for horror. It depends on whether this leans into the dumb fun of the first movie, or if it will try too hard to lean into self-awareness.

The big question is whether or not it gets a China release, as the first one made $153 Million from the country, a significant contribution to its $530 Million WW take. Without China, the sequel will suffer a significant drop. It could be fun, or it could completely jump the shark.

&amp;#x200B;

***Teenage Mutant Ninja Turtles: Mutant Mayhem***

In my eyes, there's only one animated movie that's making the top ten this summer. However, this one could sneak up there, the Turtles are a nostalgic property and - much like *Transformers* \- enough time has passed that the Michael Bay movies don't hurt its prospects as much. The only problem is that I haven't seen a lot of buzz, it seems to be a movie that Paramount is gonna quietly release and then forget it even existed.

There's an argument to be made that it could become a late-summer hit, that parents choose to take their kids to this movie instead of *Blue Beetle*, but I think it's gonna be a case of too little too late.

&amp;#x200B;

# Surprises - Great and Terrible

**What's a movie that would shock you if it bombed? What's one that would shock you if it succeeded?**

For me, I think it would be if *The Little Mermaid* bombed - not flopped, BOMBED. It has a perfect storm going against it in terms of release date, online reaction to the movie, Disney's reputation going down the drain. Will it actually bomb? Other than *Mulan*, the history of Disney's 'reimaginings' says no, but if general audiences collectively said ""no, we don't want any more remakes"" then I could see it doing terrible. I highly doubt it, but if it were to happen, I'd be caught off-guard.

On the complete opposite end, if *Oppenheimer* ends up becoming bigger than what we think it is and becomes one of the top three movies of the summer, I will be completely shocked. Christopher Nolan's original projects - *Inception*, *Interstellar*, *Dunkirk*, and *Tenet* \- have steadily declined at the box office, with each movie making less than the one that came before it. *Oppenheimer* will definitely buck the trend because *Tenet* came out in the midst of Covid, but I will be surprised if it does better than *Inception*.

**What are your top ten picks for the summer? What surprises are we in store for?**

**Looking forward to seeing your thoughts and discussing with you in the comments down below!**",2023-05-01T23:16:27,27,43,https://www.reddit.com/r/boxoffice/comments/1354k7j/discussion_summer_movie_season_2023_top_tens_and/,Oppenheimer,Oppenheimer
16uu2wq,movies,What is your favorite depressing/sad quote from a movie that isn’t sad?,"(SPOILERS FOR “Barbie” AHEAD!)

I think one of my favorite quotes is from “Barbie” and it is a perfect example of this. While the movie has plenty of sad moments, it is a comedy film at the end of the day. But one of my favorite lines comes near the end of the film when Ruth is walking with Barbie. After Ruth tells Barbie that she had always hoped for Barbie as she did for her own daughter, she says:

“We mothers stand still so our daughters can look back and see how far they’ve come.”

The true meaning of this line has been debated and everyone has their own meaning for it. But when I first heard it, it made me think long and hard on the sacrifices that my own mother has made for me throughout my life. To me, the line isn’t made to be a representation of anything but political or feminism-related, but rather focuses solely on motherhood.

I think its talking about how mothers tend to give up things like politics or careers in order to become a mother. In devoting their time to becoming a mother, they give their daughter the ability to do what they might’ve been able to do, had they not given up everything to have children.

As I said before, it’s a pretty powerful quote that made me think long and hard about how my mom gave up a lot of her time to help me become successful. Here I am 18 years later with multiple scholarships up my sleeve and a dream to become a veterinarian.

Anyways, what is a perfect example of this for you?",2023-09-28T22:37:32,0,7,https://www.reddit.com/r/movies/comments/16uu2wq/what_is_your_favorite_depressingsad_quote_from_a/,Barbie,Barbie
16rdspd,movies,"What performance by an actor/actress, that was short, left a strong impact/sold you?","I just watched Asteroid City last night, and it was amazing how even if Margot Robbie was on-screen for less than 5 minutes, she made a lasting impression on me. That brief performance sold me more on her than Barbie did imo. I think Wes Anderson really has a way with utilizing actors for only a short period of time but can create a lasting impact. Hong Chau was also in the movie for less than 5 minutes but her performance was such a bittersweet highlight. I'd love to hear your thoughts",2023-09-25T00:39:02,1486,1068,https://www.reddit.com/r/movies/comments/16rdspd/what_performance_by_an_actoractress_that_was/,Barbie,Barbie
16o9z9l,movies,The Umbrellas of Cherbourg (1964),"Hearing that the movie was one of the influences of this year's blockbuster Barbie, I decided to watch the classic French musical. 

The colourful set-pieces was the first thing I noticed, and I can clearly see why Greta Gerwig mentioned this as one of the movies that formed the 2023 blockbuster. The gorgerous set gave a distinctive flair to the movie, which makes it stand out from the rest. 

Add to that thebrilliant costume design and excellent camera work, you have a movie that is a treat to your visual senses. The costumes can easily be your inspiration for vintage costume parties as the characters.

I also liked the performance of Catherine Deneuve. She brings a sympathetic approach to the character, which makes you emphatize with her predicament. While being sympathetic, she is also charming and likeable in the role.

The editing of the film was also impeccable. The transitions were extremely innovative, which we don't even see in recent movies.

The script albeit being a musical is still a sad one, with moments that will make you feel for the couple. The film also ends on a sad note. However, I do have grievances with the decision to implement the entire scene in musical format, which made some scenes appear as comical. But it should be commended for its risk and experimental approach.",2023-09-21T08:02:27,4,3,https://www.reddit.com/r/movies/comments/16o9z9l/the_umbrellas_of_cherbourg_1964/,Barbie,Barbie
16lygvo,movies,Movies that are genuinely positive,"I showed a friend Happy Death Day last week. I'd seen it before, but had forgotten how tight the script was and how on point the pacing was. More than that, I'd forgotten how much positivity there is in the movie, especially for horror.

As she loops through the same day, Tree begins to see herself for who she really is and realizes that she needs to change for the better, which is the diametric opposite of most horror arcs. The day where she makes amends is a great sequence, and the scene when she finally talks to her dad is unexpectedly poignant. (Jessica Rothe kicks ass, both literally and from a performance standpoint, throughout this movie. I really wish her career could've taken off.) Most importantly, nothing seems forced or ersatz in terms of her growth as a character. Oh, and the love interest element doesn't feel shoehorned in. It feels like a natural progression. Everything works so damn well that I can't sum up how much I love this movie.

Aaaaanyway, what movies can you recommend that are this wonderfully positive?

I loved Barbie too, if that helps.",2023-09-18T15:23:13,42,88,https://www.reddit.com/r/movies/comments/16lygvo/movies_that_are_genuinely_positive/,Barbie,Barbie
16lu39p,movies,What recent movies could be considered too problematic to show unedited in the future?,"What popular movies released in the last 10-15 years could have scenes or even in its entirety be considered ""problematic"" or at least outdated by critics or audiences because of changing sensibilities, potentially limiting future unedited airings?

*Toy Story 3* could be one example as some could find Buzz's ""Spanish mode"" offensive or take issue with the bookworm's disgusted reaction to thinking Ken was wearing Barbie's heels.",2023-09-18T12:22:36,0,11,https://www.reddit.com/r/movies/comments/16lu39p/what_recent_movies_could_be_considered_too/,Barbie,Barbie
16dbe5n,movies,What movies are you REALLY excited for in coming times ?,"I have stopped watching trailers of movies long ago. Like 6 years back. It has its own benefits and disadvantages. Major disadvantage would be that i have stopped getting overhyped for movies. However I prefer it this way. I still remember watching watchemen trailer way back in 2008 ? (The smashing pumpkin one) and man i got so fucking hyped I read the whole graphic novel in single sitting. Got hyped again as i loved the novel. Watches moviemin theatre and wasn't disappointed either.                   
I think you may call it burn out issues i don't find movies that exciting now a days. Yes they are good but nothing which really make me go WOW. recently in summer among mi/Oppenheimer and Barbie. MI was my favorite and Oppenheimer was good one time watch. Still none of these movies were extraordinary. I have never watched Marvel movies.DC i have watched few here and there. This year i am waiting for The killer , dune 2 (delayed) and Killers of the flower moon. But i know these movies will be a good watch but I am not excited that I will take leave and go watch first day first show. What movies which have a realease date or are announced in any form you guys are excited for in near future.",2023-09-08T14:00:06,5,48,https://www.reddit.com/r/movies/comments/16dbe5n/what_movies_are_you_really_excited_for_in_coming/,Barbie,Barbie
169mpso,movies,Ranking Highest Grossing Top 20 Movies by Their Letterboxd Ratings,"Barbie - 4.1 (1.67M Members)

Top Gun: Maverick - 4.0 (1.1M Members)

Avengers: Infinity War - 3.9 (2.43M Members)

Avengers: Endgame - 3.9 (2.31M Members)

Spider-Man: No Way Home - 3.9 (2.11M Members)

Harry Potter and the Deathly Hallows: Part 2 - 3.9 (1.62M Members)

Titanic - 3.8 (1.99M Members)

Black Panther - 3.6 (2.27M Members)

The Avengers - 3.6 (2.05M Members)

Avatar: The Way of Water - 3.6 (1.13M Members)

Avatar - 3.5 (1.93M Members)

Star Wars: Episode VII - The Force Awakens - 3.3 (1.71M Members)

The Super Mario Bros. Movie - 3.3 (774k Members)

Furious 7 - 3.2 (386k Members)

Avengers: Age of Ultron (1.64M Members)

Frozen II - 3.1 (635k Members)

Star Wars: Episode VIII - The Last Jedi - 3.0 (1.44M Members)

Jurassic World - 3.0 (1.09M Members)

The Lion King - 2.7 (596k Members)

Jurassic World: Fallen Kingdom - 2.5 (619k Members)",2023-09-04T08:47:58,0,2,https://www.reddit.com/r/movies/comments/169mpso/ranking_highest_grossing_top_20_movies_by_their/,Barbie,Barbie
169eeld,movies,Extremely pink movies?,"The most obvious answer is Barbie, but I was also thinking “What a Way to Go”. With the amount of pinkish-orange, I would also count “The Thing” and maybe Suspiria. Marie Antoinette is also very pink, but more of a pastel shade. What other movies can you think of that fit the mold of featuring heavily pink color palettes?",2023-09-04T01:30:14,25,42,https://www.reddit.com/r/movies/comments/169eeld/extremely_pink_movies/,Barbie,Barbie
168735l,movies,What are your predictions for the Best Picture nominees at the 2024 Oscars?,"Dune Part Two being delayed is a massive bummer because that was one of my choices and one of my most anticipated movies of the year. As is though, here are the ones I'd say have a pretty decent chance of getting a nomination for Best Picture:

* **Anatomy of a Fall** (*Anatomie d’une chute*)
* **Barbie**
* **The Color Purple**
* **Killers of the Flower Moon**
* **The Holdovers**
* **Maestro**
* **Oppenheimer**
* **Past Lives**
* **Poor Things**
* **Saltburn**

(Edit: Swapped out The Killer for Poor Things)",2023-09-02T16:37:25,0,11,https://www.reddit.com/r/movies/comments/168735l/what_are_your_predictions_for_the_best_picture/,Barbie,Barbie
167g29f,movies,Whats your favourite movie scene talking about love or relationship ever?,"So everyone knows Greta Gerwig now after Barbie but she also started in a little known movie called Frances Ha'. I love that movie, its a indie art house type movie so cant blame people for not watching or hearing about it. It has Adam Driver in it as well tho, its basically the story of a struggle balle dancer who is trying her best to make ends meet and struggling with love and relationships and friendships. Yet still trying her best to survive and flourish.

There is a scene in it where Gretas characher 'Frances'. She talks about what she wants from love or her partner. Its such an endearing and beautiful monologue. She says in the lines of  
' what i want is that imagine you are in a room full of people, and your partner is on the opposite side. You both are talking to different people and socialising with your own little groups. But for a split second you both look at each other, your eyes meet. And you know at that moment that this is your person. And no one else in the room matters apart from them. And you can cross every realm and boundary for them. Thats what i want'. I cant tell you how much i relate or adore the scene or that monologue. Not the most glamorous scene, but its real to its core.",2023-09-01T19:09:19,0,4,https://www.reddit.com/r/movies/comments/167g29f/whats_your_favourite_movie_scene_talking_about/,Barbie,Barbie
167c0m7,movies,Margot Robbie is the movie star Gal Gadot was supposed to be,"Gal Gadot came out in the Fast series and everyone said she was the next beauty that could also act. And Wonder Woman was the verification point. Until the last few movies that kind of cooled audiences on her. She’s still good but it seems like she’s not going to rise above Red Notice/Fast type roles. 

Meanwhile every man (and some women) aged 13 and up had the same awakening to Margot Robbie in Wolf of Wall Street a few years later. And she was good in it but easily overlooked. Until she followed it up. Birds of Prey wasn’t a well LOVED movie but it’s good  (hot take I think it’s probably the best modern post-Nolan DC besides The Batman) and she was phenomenal in it. Babylon was panned but, again, she was really solid. And of course now she’s punched her ticket with Barbie. She’s versatile and always charismatic and brings it all to the screen. 

In short. More Margot please",2023-09-01T16:35:14,0,35,https://www.reddit.com/r/movies/comments/167c0m7/margot_robbie_is_the_movie_star_gal_gadot_was/,Barbie,Barbie
1602xp1,movies,"Hypothetically, Margot Robbie and Cillian Murphy star together in next summer's blockbuster...","Tell me what the movie is. Genre? Basic plot? Anything.

DCEU (i.e., Harley Quinn and Scarecrow) not allowed.

Try to be more original than ""a Barbie-Oppenheimer crossover"", unless you can somehow make it sound actually viable.

Personally, I think a buddy cop action comedy with those two would be awesome.

(Oh just as a disclaimer, I haven't seen either Barbenheimer movie 😂).",2023-08-24T14:06:30,0,12,https://www.reddit.com/r/movies/comments/1602xp1/hypothetically_margot_robbie_and_cillian_murphy/,Barbie,Barbie
15wdsoz,movies,Appreciation post: Gosford Park (2001),"With the spate of Kenneth Branagh Poirot films coming out, I've started to go back and look for compelling whodunnits. If you like lavish murder mysteries set in bygone eras, do not sleep on Robert Altman's [Gosford Park](https://www.imdb.com/title/tt0280707/?ref_=nv_sr_srsg_0_tt_6_nm_2_q_gosford)! 

Like most Altman films, it's an ensemble cast places in a constrained location with a ton of overlapping dialog between characters. A group of British aristocrats, their servants, and some odd men out (like an American film director played by Bob Balaban) gather at a country estate for a hunting party. There's gossip and snide looks (Maggie Smith way ahead of her Downton Abbey game, here) and eventually a murder. 

The script packs so much characterization into the tiny details that you find yourself realizing that it's a lot like Murder on the Orient Express: *Everyone* had a good reason to kill the victim!  But it's not a movie about catching the killer. Our detective, Stephen Fry, is so comically bad at the job he comes off as an anti-Poirot. 

Instead, as you come to the denouement with some knockout performances from Kelly Macdonald and Helen Mirren, you realize it's a story about the nuance of people. Nobody being everything that they seem. 

On rewatch, I am so struck by the sound design. Not just the overlapping dialog, in which even the seemingly banal stuff plays into the plot, but the little details like the sound of rain or the clatter of silverware after someone makes a statement at the dinner table. I miss movies like this where you're enveloped by all the choices the director made. Maybe I'm just grumpy after the Barbie hype hangover, but I really miss movies that don't spoon-feed you the answers. ",2023-08-20T15:06:15,157,44,https://www.reddit.com/r/movies/comments/15wdsoz/appreciation_post_gosford_park_2001/,Barbie,Barbie
15udnp7,movies,"27 Years Later, The Director Of A Groundbreaking Disaster Thriller Insists “It’s A Movie That Cannot Be Remade” - Jan de Bont wasn’t consulted about the Hollywood sequel to his 1996 disaster movie, ‘Twister’, but he’s cautiously optimistic that 2024's ‘Twisters’ could be the next Barbie.",,2023-08-18T07:36:40,4,9,https://www.inverse.com/entertainment/twister-movie-sequel-twisters-jan-de-bont,Barbie,Barbie
15thvp6,movies,Dan and Drey in Half Nelson,"So, with the recent hit of Barbie, I decided to binge watch Ryan Gosling movies and came across Half Nelson. 

I watched the movie and while Ryan Gosling is charming-as-all-hell in this movie, am I the only one who thought his relationship with Drey was a little inappropriate at times? 

Like that dance scene at the high school club/party? Not sure if you guys remember but he gets way way too close to Drey while dancing with her. Just.. .what the hell was that!? I was scratching my head the whole time and trying the figure out what the director was trying to imply or where he was going with that 🤷‍♀️

Then there was his whole possessiveness around her when it came to Frank. Again.... what *was* that? Is he possessive because he simply doesn't want her hanging out with the wrong crowd or.....? 

Not to mention the scene where he almost forces himself on his girlfriend. 

And since Drey's mom a cop, I kept thinking when the shoe would drop and he'd go to prison for being inappropriate with a teenager or something 😕

Any thoughts or different perspectives would be appreciated.",2023-08-17T09:02:27,2,4,https://www.reddit.com/r/movies/comments/15thvp6/dan_and_drey_in_half_nelson/,Barbie,Barbie
15sw5hi,movies,That’s the name of the movie!,"Watching the barbie movie, it’s insane how many times the name of the film “Barbie” is spoken. I haven’t counted because I don’t have the time, patience or money to watch it again and again but it got me thinking about which theatrically released films say their own name the most times. Any ideas on one that beats Barbie?",2023-08-16T17:24:45,0,21,https://www.reddit.com/r/movies/comments/15sw5hi/thats_the_name_of_the_movie/,Barbie,Barbie
15sdui2,movies,So many damn trailers,"Ok so I haven’t been to a non-imax movie since before Covid. My wife and I went to Barbie today and there was 30 minutes of freakin ads and trailers before the movie started.

They played:
Dumb Money
Paw Patrol
Wonka
Trolls
Door Dash ad
Hunger Games
Blue Beatle 
Wish
Migration
Cinemark ad
Another Cinemark ad
Coke ad
Movie starts 

Is this the new norm or a Cinemark theatre thing? Me and my wife kept looking at each other as another trailer played. I thought it would never end.",2023-08-16T03:11:51,0,36,https://www.reddit.com/r/movies/comments/15sdui2/so_many_damn_trailers/,Barbie,Barbie
15rwxut,movies,Barbie? Titanic? Jurassic Park? What is the best $1bn movie ever?,,2023-08-15T16:09:06,0,42,https://www.theguardian.com/film/2023/aug/15/barbie-billion-dollar-movie-which-one-is-best-titanic-jurassic-park,Barbie,Barbie
15nvy0o,movies,Canadian Movie Theatres Rant,"I've heard that some American theatres make attendees lock up their phones before sitting down. I wish Cineplex, the big theatre company here in Canada, would adopt this practice. I just started getting back into going to theatres after COVID lockdowns. Saw the Barbie movie and the girl seated next to me took, not one, but TWO phone calls during the movie. She literally ignored me and continued talking while I was raising my voice, telling her to hang up. Just tried to watch The Last Voyage of the Demeter this evening. I chose a seat at the very back of the theatre, so I could avoid people who would kick my seat or put their feet up on the back of it (unrelated to the phone issue, I know). Directly to the left, right, and ahead of me were three people on their phones throughout the movie; the guy on the right was watching videos on his phone! 

Solution: lock people's phones up and kick them out if they don't comply.",2023-08-11T02:19:16,10,7,https://www.reddit.com/r/movies/comments/15nvy0o/canadian_movie_theatres_rant/,Barbie,Barbie
15mvj5v,movies,Isnt it crazy how well theatrical movies are doing compared to the past years?,"
I dont remember the last time we had so many movies being talked about in one year. We had mario, barbie, the little mermaid, etc. its crazy! And what's even crazier is these movies are theatrical releases. The past few years popular movies were straight to streaming only but now? It looks like theaters are doing so well again. Is it just some coincidence or did everyone change their minds about streaming? Cause I clearly remember people avoiding theatrical releases and waited for movies to stream.",2023-08-09T23:38:40,0,9,https://www.reddit.com/r/movies/comments/15mvj5v/isnt_it_crazy_how_well_theatrical_movies_are/,Barbie,Barbie
15mrtbm,movies,Please help me find a Ryan Gosling movie to watch!!,"So lately, I’ve been very curious about Ryan gosling, but mostly about his movies from mostly his memes. I know there’s a lot of golden movies of his including Blade Runner 2049,Drive &amp; even more recently the Barbie movie. But I want to see what most people would find the movie that most people liked &amp; Upvoted.  

For any of you who are curious, one movie which I have been curious about since 2016 ,Was The Nice Guys. Although I haven’t gotten around to watching it.

I would like to also hear why you think that this film should be seen.",2023-08-09T21:16:15,1,46,https://www.reddit.com/r/movies/comments/15mrtbm/please_help_me_find_a_ryan_gosling_movie_to_watch/,Barbie,Barbie
15maary,movies,Film Studies Ideas for Middle Schoolers?,"Okay, so I am a middle school drama teacher and teaching drama is one of the funnest things I do in my job! One of the things I have done to try to modernize the drama program at my school is to do film studies that focus on important themes and major film concepts. Each year I try and have a revolving wheel of which movies we do film studies on so that a student can take my class multiple years and get new content, so I'm wondering what are some good movie suggestions for middle schoolers that they would enjoy and also have a decent theme or character study.

Here are the ones I have so far! Also, I have edited the PG-13 movies on this list to be PG for the students, so no worries there, but ideally the movies would be G rated or PG, or a very soft PG-13 like the ones on this list that would be easily edited...

\- The Devil Wears Prada (focusing on the Ingenue character type)  
\- Sky High (characterization in filmmaking - their colors and attitudes represented on screen)  
\- Cruella (camp in film)  
\- High School Musical (the mediocre lead)  
\- High School Musical 2 (elements of movie sequels)  
\- Shrek 2 (subverting expectations)

A part of me wants to add the new Barbie to the mix and edit it for children and have it focus on how to do messaging in a movie, but I was curious if there were any other suggestions for classic movies that would be great for kids to study for my drama class! Some other ideas I had were the Disney movies You Again, Freaky Friday, Confessions of a Teenage Drama Queen, but I'd love some other examples that ya'll can recommend! ",2023-08-09T09:29:20,0,11,https://www.reddit.com/r/movies/comments/15maary/film_studies_ideas_for_middle_schoolers/,Barbie,Barbie
15ka53h,movies,Lars and the Real Girl,"An unexpected movie from an even more surprising actor, well the dude is in 'Drive', 'La La Land' more recently 'Barbie' and then i find this, Ryan is really full of surprises. I started cringing over the scenes at the beggining but as it developed i became very connected with the plot, the ending was so satisfying to watch, to see this guy finally get rid of at least a bit of his problem with people. I related heavily with Lars as a Loner, not delusional yet :)",2023-08-07T04:22:21,272,62,https://www.reddit.com/r/movies/comments/15ka53h/lars_and_the_real_girl/,Barbie,Barbie
15hx4il,movies,studios are already trying to recreate barbenheimer.,"barbie and oppenheimer are two of the biggest movies out right now and part of that is because of barbenheimer. movie studios have taken note of this and are trying to recreate the success of it. the new paw patrol movie is coming out the same day as the new saw movie and paramount is trying to get #sawpatrol to start trending(which it's not as far as i know). i wonder what we can expect going forward. if dune part 2 gets released next year, will they release it the same day as deadpool 3 for #dunepool? or, since kung fu panda 4 and a quiet place day one will be releasing the same day, maybe we can expect #aquietpanda. or since the animated garfield movie and kingdom of the planet of the apes will be releasing the same day, maybe we'll get #planetofthegarfields. or since sonic the hedgehog 3 and thunderbolts come out the same day, we should brace for #sonicthethunderbolt. ",2023-08-04T11:09:04,0,36,https://www.reddit.com/r/movies/comments/15hx4il/studios_are_already_trying_to_recreate/,Barbie,Barbie
15gaf2a,movies,What is the Best Film You Watched Last Week? (07/26/23-08/02/23),"The way this works is that you post a review of the [best film](https://i.imgur.com/l0IiGrm.jpg) you watched this week. It can be any new or old release that you want to talk about.

{**REMINDER:** *The Threads Are Posted Now On Wednesday Mornings. If Not Pinned, They Will Still Be Available in the Sub.*}

**Here are some rules:**

**1. Check to see if your favorite film of last week has been posted already.**

**2. Please post your favorite film of last week.**

**3. Explain why you enjoyed your film.**

**4. ALWAYS use SPOILER TAGS:**   [**\[Instructions\]**](https://imgur.com/a/4kUk33C)

**5. Best Submissions can display their** [**\[Letterboxd Accts\]**](https://letterboxd.com/) **the following week.**

**Last Week's Best Submissions:**

|**Film**|**User/\[LBxd**\]|**Film**|**User/\[LB/Web***\]|
|:-:|:-:|:-:|:-:|
|[“Oppenheimer”](https://www.reddit.com/r/movies/comments/15a7eh4/comment/jtjucq6/)| [[An_Ant2710]](https://letterboxd.com/an_ant2710/)|[“A Mighty Wind”](https://www.reddit.com/r/movies/comments/15a7eh4/comment/jtmb90i/)|super_unthoughtknown|
|[""Barbie”](https://www.reddit.com/r/movies/comments/15a7eh4/comment/jtu3ea8/)|SgtBaxter|[“Training Day”](https://www.reddit.com/r/movies/comments/15a7eh4/comment/jtj1z3f/)|[[ManaPop.com*]](http://manapop.com)|
|[“Joy Ride”](https://www.reddit.com/r/movies/comments/15a7eh4/comment/jtwxfp4/)|crudedrawer|[“O Brother, Where Art Thou?”](https://www.reddit.com/r/movies/comments/15a7eh4/comment/jtk6b3f/)|SnarlsChickens|
|[“The First Slam Dunk”](https://www.reddit.com/r/movies/comments/15a7eh4/comment/juc95be/)|CustodialApathy|[“Heavyweights”](https://www.reddit.com/r/movies/comments/15a7eh4/comment/jtzxmpx/)|[[bas781]](https://letterboxd.com/bas781/)|
|[“Lola” (2022/23)](https://www.reddit.com/r/movies/comments/15a7eh4/comment/ju2mc0s/)|Winged_Pegasus|[“Bram Stoker’s Dracula”](https://www.reddit.com/r/movies/comments/15a7eh4/comment/jtj6z5t/)|Non-NewtonianSnake|
|[""Babylon”](https://www.reddit.com/r/movies/comments/15a7eh4/comment/jtjlygu/)|Slartibartfast102|[""The Untouchables”](https://www.reddit.com/r/movies/comments/15a7eh4/comment/jtsosy2/)|Puzzled-Journalist-4|
|[“One Cut of the Dead”](https://www.reddit.com/r/movies/comments/15a7eh4/comment/jtnn442/)|[[BringontheSword]](https://letterboxd.com/BringontheSword/)|[“The King of Comedy”](https://www.reddit.com/r/movies/comments/15a7eh4/comment/ju5aggs/)|[[avguser117]](https://letterboxd.com/avguser117/)|
|[“Our Souls at Night”](https://www.reddit.com/r/movies/comments/15a7eh4/comment/jtrflnd/)|TheProdigalMale|[""One Flew Over the Cuckoo’s Nest”](https://www.reddit.com/r/movies/comments/15a7eh4/comment/jub1jad/)|hardrocker61
|[“Silence”](https://www.reddit.com/r/movies/comments/15a7eh4/comment/jtmukwa/)|Affectionate-Fig-438|[“Nizhalattam”](https://www.reddit.com/r/movies/comments/15a7eh4/comment/jtq9owz/)|LeafBoatCaptain|
|[“This is the End”](https://www.reddit.com/r/movies/comments/15a7eh4/comment/jtje5z8/)| [[DavidJohnsonVG]](https://letterboxd.com/davidjohnsonvg/)|[“Easy Rider”](https://www.reddit.com/r/movies/comments/15a7eh4/comment/jtke24t/)|[[Cw2e]](https://letterboxd.com/cw2e/)|",2023-08-02T14:30:04,29,127,https://www.reddit.com/r/movies/comments/15gaf2a/what_is_the_best_film_you_watched_last_week/,Barbie,Barbie
15zio68,TrueFilm,on Ken Masculinity in Barbie (2023),"first post, first time publicly posting media analysis. took a course on this before and i've done some school essays, but whatever. i know this movie's a dead horse now, but i felt that it resonated with me to a level that i just needed to get out. hope this place can appreciate my takes. 

##### Ken and the crisis of masculinity as possession.

“you  have to figure out who you are without me. you’re not your girlfriend,  you’re not your house, you’re not your mink … you’re not even beach.”

Ken  masculinity is a very cleverly midpoint between patriarchal masculinity  and inverted patriarchal femininity. on one hand, Kens show demure  behaviour, being clumsy and shy. they are second class citizens in  Barbieland, and need to depend on Barbies to find meaning. the movie  makes it very clear at the start that Ken’s existence and value is  defined by the way Barbie looks at him. they’re also very clearly  oppressed, as they can’t choose the way they want to do their hair or  dress.

at the same time, they follow the rules of a classical  patriarchal masculinity as well. the first beach scene is typical  masculine peacocking behaviour (look how fit i am and how well i can  perform. i hope this grants me your attention). they’re chasing after  love in a way similar to patriarchal masculinity. “go out there, reach  out to her. make the first move.” and they suffer emotionally from a  similar rejection / friendzoning phenomenon. however, this position is  not threatening for the Barbies. they also suffer from a sense of lack  of attention (you can see this in the “Hey Barbie! hey ken.” scene, but  also later when Ken makes a huge deal out of a woman asking him about  the time). they are objectified, but rather than struggling against a  romantically smothering oppressor class, they suffer against one that’s  cold and distant to their advances.

so, what does Ken do in  response to the Real World patriarchy that he sees? he’s enamoured by  wealth, fitness, cars, horses, liberation from women, presidency,  historical relevance, beer, and more repetitions of the same. this is  not very different from what a young boy might imagine. of course having  relevant figures of social prominence helps you to ground your gendered  identity into a meaningful position (a privilege that historically  women have not had, and one that’s difficult to perceive when you have  it). the rest are symbols of machismo and brotherhood. these are what  Ken wants to take back to Barbieland. quite frankly a lot of his  “patriarchy” business doesn’t really involve subjugating women, but they  do get in his way. we can read Kendom as a sort of a slave revolt.

but  Ken doesn’t just bring back aesthetic symbols of patriarchy. he also  brings back the obligation to power. there’s the derisive phrases that  he calls Barbie like “mini-baby”, but we shouldn’t be reading this as a  Machiavellian desire for power. later we see him try to make her his  “low commitment long distance girlfriend”, pretends to be reading books  to impress her, flexes his muscles, etc. we can very clearly see that  these aren’t his true feelings. what he has included here is *distance*.  patriarchy teaches men that distance is attractive, and being overly  affectionate (often equivalent with expressing one’s romantic feelings)  is effeminate. at the same time, they have to get out there and present  themselves, balancing availability with manufactured distance.

and  the culmination of all of these sentiments comes in the Just Ken song.  the word that i like to use to describe this collection of issues is *hyper-subjectivity*,  unrequited life. the individual is nothing but their actions and  choices. while possessing perfect agency, the world becomes immediately a  quiet and lonely place. there is no one to respond back. feelings are  invalid, because feelings possess you, not the other way round. value  comes in possession, both of material and people. the world can be bent  to the individual’s will, and while it is an extension of their will it  is *just that*. the outside world itself becomes a lie because  all that’s worth observing is that which one can possess and exert power  over. and if you do not exert power, you’re left in silence because  possessors are aplenty and that which cannot be your property will  eventually be someone else’s. the compulsion to possess makes life a  competition, where one must have more or less than the other. the  possessors cannot ever be victims, because in the moment they accept  victimhood they have admitted that they do not have agency. that they  were weak. and the weak will never be able to possess. one’s value as a  possessor is not defined by any personal traits, because the identity of  a possessor strips a person of their personality. while the world is an  extension of the will, the ego becomes equivalent to the person’s  material presence. your value is what you own, you must present what you  own. everything you are is measurable, and the measure of your  possession is the measure of your value. true intimacy is not possible,  because one is forever busy in the pursuit of possessing. hobbies and  clubs are a waste of time. love is expressed in the number of people you  have once possessed. the number suddenly becomes more relevant than the  quality of love, and sexuality is perceived not as bonding and mutual  intimacy but as a conquest of the other. the greatest conquerers are  then looked up to, and their principles are taken for granted as truth.  for to be a successful man, one must be a successful conquerer. this is  what i have, after much speculation, deciphered as the mental plague  that affects men (of course, to varying degrees of pathology). one can  argue it’s a symptom of capitalism moreso than patriarchy. i think the  two structures work hand in hand. possession is the only way for the  patriarch to legitimise his power.

so, how does this tie into the  song lyrics? Just Ken is not the war cry of the dominant “alpha”  oppressive possessing powerful male. it’s the cry of the man who *cannot*  be that. of that who has the will to possess forced upon him and is yet  lacking the power to possess. he cannot be a valuable person because he  does not possess, and at the same time the will to possess forces him  to hide his feelings towards Barbie. because he’s not allowed to share  love with her, only to do love onto her. he rues that he cannot be the  “alpha” (“i’m always number two”), that the world’s rules are rigged  against him (“anywhere else i’d be a ten”), that he’s been nice his  whole life (which he has), but patriarchy has given him the compulsion  to fight alone and distance himself from his love. he experiences a  distance from reality, a self-doubt that he’s not able to stand up to  his macho ideals. the whole purpose behind this is the pursuit of value  and meaning. but this meaning is eventually found.

the end of Just  Ken is very meaningful. he thought that to be given value he would have  to possess the property, material, and women around him (“when i was  walking on the streets, the people valued me just for who i am”). he  perceived patriarchy as giving him inherent value, but he was wrong. the  value given to him was a power that he had to uphold, and one that he  didn’t like upholding. at the end of the song, this sentiment is fixed.  “i’m Just Ken, and that’s enough.” value no longer needs to be in  possessing, it can be achieved only by being oneself. the immeasurable unquantifiable personality is returned to its deserving seat of value.  he’s “great at doing stuff” and doesn’t need to give an explanation  beyond that. by quashing competitive possession he has laid the way to a  new, more sincere brotherhood. the next scene puts this renewed value  system to the test.

Ken has now lost the possessions that gave him  patriarchal power. what does he do? he’s frustrated, he runs into bed  and cries. he’s not a power-hungry lunatic, he acknowledges that it was  something he felt forced upon him. what he wanted was love,  togetherness, mutual intimacy with Barbie. maintaining the appearances  of patriarchy was a headache, but he felt compelled to do it. she had  cut him off, even more distant than one would keep a friend. she  apologises, rightly so. but what does he do?

he jumps to kiss her.  it’s Ken’s last bastion of externally acquired meaning, one that  existed even outside the realm of power. to love and to be loved. the  knight must rescue the princess to be a valuable night. the prince must  find Cinderella, or kiss the Sleeping Beauty, or any of the other things  that a good man does. love is a prerequisite to any successful man. one  must look only to their parents to see this. but he can’t have that  love. “i only exist within the warmth of your gaze.” this is both  showing him in the form of a stereotypical heroine who must only abide  by the desires of the male gaze, and the male lover who must go to the  ends of the earth to woo his beloved.

Barbie tells him he needs to  rediscover his meaning, and Ken again elopes with her. when he’s told  he’s wrong, he slaps himself down. there is no further needed proof that  love is far more of a compulsion for him than a choice. it’s something  he has to back off from but doesn’t know how. and he internalises guilt  about it. i’ve seen quite a few men who stay utterly silent about their  romantic feelings because of the guilt that it makes them feel, although  of course it isn’t a distinctly manly problem. the next sequence is a  reinforcement of what i just described. Ken is told that he should  perceive his value internally, not in his possessions or conquests. this  is Ken’s resolution, and he accepts it with open arms.

i hope we  all recognise that Ken is not made as a punching bag of a character.  while he is melodramatic like most other things in the movie, both his  suffering and foolishness are largely humanised. he’s given due  apologies, chances to express his resentment, and a solid redemption.  just because he’s made as an unintelligent character doesn’t mean he’s  not human. he’s not there to just be the butt of jokes. i think we can  almost all recall some fictional character who’s lovable precisely  because of their unintelligence. it’s a raw, naive, childish, yet  entirely human medium of expression. anyone criticising his presentation  as “anti-male” either doesn’t understand men, is utterly lacking in  empathy, or entirely media illiterate.",2023-08-23T22:17:18,54,30,https://www.reddit.com/r/TrueFilm/comments/15zio68/on_ken_masculinity_in_barbie_2023/,Barbie,Barbie
15w7jw4,TrueFilm,Dan and Drey’s relationship in Half Nelson,"So, with the recent hit of Barbie, I decided to binge watch Ryan Gosling movies and came across Half Nelson.

I watched the movie and while Ryan Gosling is charming-as-all-hell in this movie, am I the only one who thought his relationship with Drey was a little inappropriate at times?

Like that dance scene at the high school club/party? Not sure if you guys remember but he gets way way too close to Drey while dancing with her. Just.. .what the hell was that!? I was scratching my head the whole time and trying the figure out what the director was trying to imply or where he was going with that 🤷‍♀️

Then there was his whole possessiveness around her when it came to Frank. Again.... what *was* that? Is he possessive because he simply doesn't want her hanging out with the wrong crowd or.....?

Not to mention the scene where he almost forces himself on his girlfriend.

And since Drey's mom a cop, I kept thinking when the shoe would drop and he'd go to prison for being inappropriate with a teenager or something 😕

Any thoughts or different perspectives would be appreciated.",2023-08-20T10:06:53,25,42,https://www.reddit.com/r/TrueFilm/comments/15w7jw4/dan_and_dreys_relationship_in_half_nelson/,Barbie,Barbie
15o67bb,TrueFilm,Barbie and patriarchy,"I'm going to post my write-up about Barbie here, which was initially intended for an Instagram audience. So, while my write-up isn't going to break any new ground or be as in-depth as it could be, I think it's a still fruitful topic to think about and discuss. 

While Barbie is a movie for women first and
foremost (and I don't mean to take away from that in any shape or form) I do appreciate that Barbie still offers something quite important and interesting to the discourse of masculinity as subtext. And since I am a man, I thought I would comment on what I know.

So Ken, for all intents and purposes, is a stand-in for boys (edit: by boys, I'm referring to male children, not men as a whole). Like literally a manchild. He's immature, he's jealous, etc. He basically acts like the stereotypical primary (elementary) school boy. But more importantly, he feels disempowered, stemming from the fact that he is pretty much rejected romantically. When he goes to the real world, he is promised a solution in the patriarchy. That is the only thing he has to look up to in terms of images of male success. Thus, his idea of success is now skewed by a system he doesn't realise yet is literally built on sexism.

This patriarchal society basically radicalises him. It tells him that if he performs masculinity in the way the world wants, he will be rewarded with whatever he wants. He brings that mindset back to his world and tries to emulate all of what he's seen.

But the patriarchy doesn't work in helping him get what he wants because, of course, it doesn't. Him trying to be this controlling alpha male, and disenfranchising all the women in Barbieland only brings distress and sadness to Barbie. And all of this macho masculinity stuff he thought was so cool doesn't really end up filling the hole within himself that he was trying to fill with Barbie. He's alone in a (stolen) house with nothing.

This is basically the same arc that many men (especially incels) basically go through. There's a disconnect between what's promised of traditional patriarchy and what the actual results are. Just because you do everything ""a man does"" doesn't mean you'll be rewarded with the typical rewards patriarchy portrays: a beautiful wife, expensive house, or even general respect, etc. Even if you are rewarded with the things patriarchy tells you you should want, it doesn't guarantee that any of this will offer any fulfilment or contentment. It's this disconnect that drives dangerous men towards committing mass shootings as an act of reclaiming power at its worst, and at its best, leads to a philosophy of ""nothing matters"" AKA passive nihilism.

Obviously, in the Barbie movie, Ken didn't go to those lengths (it would be a very different movie if he did). But you can still see this disconnect playing out in the movie.

The line that Ken is ""enough"" becomes very important in this context since many boys aren't really told that when they are younger. He can't find happiness in Barbie, nor can he find it in pretending to be something he's not. He can only find it in himself. In the end, he let go of all the self-help alpha male redpill bullshit and just decided that he should be himself, and that should be enough.

It's a lesson for all men, really. Too many men try to define themselves in their relationships or in how well they perform masculinity. And that mindset is damaging not only to everyone around these men but to the men who subscribe to this thinking themselves. It is an unnecessary self inflicted burden. More men and boys need to realise that they are enough, and they can be happy.

Sidenote: it's this reason why the idea that Barbie is anti-men really pisses me off because it's nowhere close to that. Barbie is anti-patriarchy. There is a difference. To equate men to patriarchy is to equate men to a system that also hurts them. Patriarchy hurts everyone. So, if anything, an anti-patriarchy (or feminist) message is inherently pro-men, not anti-men. It places that men not as the whole system but as individual actors who are capable of rejecting patriarchal hegemony. IE men can (emphasis on can) be awesome... if we let them. 

Sidenote 2: A lot of my thoughts on this movie come from [this video](https://youtu.be/s1FkO7Tr70A) by FD Signifier. He talks about the manosphere in general, but a lot of what he covers can also be applied to Ken. He is an amazing video essayist, I recommend you check him out if you're interested.

Edit: linking [this comment](https://www.reddit.com/r/TrueFilm/comments/15o67bb/barbie_and_patriarchy/jvqs7d3?utm_source=share&amp;utm_medium=android_app&amp;utm_name=androidcss&amp;utm_term=1&amp;utm_content=2) because I think it's a really excellent extension of what I talked about

Edit 2: linking [this video](https://youtu.be/tZ6yQme46Ew?si=cMJYLJqHA7azKy4D) because it's awesome",2023-08-11T11:22:16,224,142,https://www.reddit.com/r/TrueFilm/comments/15o67bb/barbie_and_patriarchy/,Barbie,Barbie
15mk3oy,TrueFilm,What Barbie Taught Me About Mattel,"What I learned about Mattel from the Barbie movie is that they are very good at capitalism. The best capitalists are willing to exploit any and every resource they can get their hands on, and that includes themselves. 

Mattel exploited the resource of their own brand identity by allowing it to be used as a form of self-critical mass media. 

They were willing to reckon with the discourse around the history of Barbie because in doing so, they create another way for the public to engage with it, and consume more of it through film, merch, and other Barbie related IP. 

It’s a calculated risk on their part - on the one hand you’re publicly endorsing a strong criticism of your own history, product and brand, which, if the film was received poorly, could lead to long term damage to Mattel’s profit potential. 

On the other hand, if it goes well, you’re creating a product with mass appeal and billion dollar revenue potential while resetting the perception of an American icon and expanding its profitability for decades to come. 

This was the part of the movie with which I had the most difficult time reconciling my thoughts. 

The commentary on commercialization and over-consumption felt authentic and well-delivered, but a part of me couldn’t let go of the fact that the capitalist entity the movie was criticizing was also the film’s key stakeholder and financial beneficiary; it’s a lot like “eat the rich” films that are backed and distributed by the very rich people the film satirizes, who in turn become even richer from said film. What made this dissonance even more apparent in Barbie is that the large part of the second act where Barbie comes face to face with the corporate overlords pulling her strings is bookended with the most hilariously in your face product placement for Chevy (the chase sequence that went on way too long). It didn’t negate the film’s very sharp commentary on capitalism, but that was the one part of the movie where I was pulled out of it a little…it was just a little jarring. But to be fair, the relationship between art and commerce is always jarring. Finding the right balance is a moving target at best, a logical paradox at worst. Depends on how cynical you’re feeling. 

With all that said, I absolutely loved Barbie and I felt that its exploration of structures of power, feminism, and existentialism were incredibly well crafted, insightful and personal. As much as it felt with larger themes, Barbie felt like a deeply personal expression of Greta, showing us her own ideas and experiences of what it’s like to be a woman in modern society. That just feels like such a difficult thing to do in a pop movie about a plastic doll that also earns 1 billion in revenue. The fact that Greta and team were able to bring their vision to life like this while also appeasing the commercial side of the equation is so freaking remarkable.

Edit: thank you for the gold!",2023-08-09T16:28:50,308,99,https://www.reddit.com/r/TrueFilm/comments/15mk3oy/what_barbie_taught_me_about_mattel/,Barbie,Barbie
15mgnc4,TrueFilm,Broey Deschanel made the best piece I've seen about Barbie Discourse™,"The main point is that it’s fair to critique consumerism, commercialism and capitalism, even though it’s a cliché of sorts. From Gerwig’s decision to work with Mattel, the unabashed mass instrumentalization of feminism to sell toys, to the weird imperative to just enjoy Barbie and not criticize it. I think that it’s a good movie, even if a bit verbose.

These days I assumed a position to just enjoy silly things, without thinking too much. I felt that there wasn’t any point to it, because it wouldn’t change anything. I sort of reserved my thoughts to “real politics”: material (instead of “cultural”) analysis in order to understand reality. I guess I’m sort of tired of the“culturalization” of every political problem, almost like everything was just empty “woke” discourse without any stakes. But I think I’ve underestimated the importance of cultural analysis, and I wonder about it's place in the world.

Anyway, here’s Deschanel thoughts. What do you think?

“If we are past being critical of corporations trying to sell us stuff though art then we may as well give up. To be able to identify when you are being manipulated is a tenet of media literacy and I don’t think we should ever throw that away just because someone you like made the propaganda — propaganda can be well made, but we still should point out that it’s propaganda.”[https://youtu.be/-2vE-hFCpLc](https://youtu.be/-2vE-hFCpLc)",2023-08-09T14:18:14,727,312,https://www.reddit.com/r/TrueFilm/comments/15mgnc4/broey_deschanel_made_the_best_piece_ive_seen/,Barbie,Barbie
15kzs0x,TrueFilm,Barbie Movie hot take on Allan...he is not the man you are looking for,"I have a totally different take than what I've been seeing everyone else say about Allan. For context, I'm seeing a lot of ""Be like Allan"" commentary on TikTok and other places, as Allan being held up as the individual man who defends Barbieland and defeats toxic masculinity. And/Or him being broadcast as some kind of queer identity character.

I don't think he's a queer take because that's just how Michael Cera always plays his characters. ~~And also there is an actual trans actress in the movie who kind of takes care of that role for us.~~

I do agree with some that he doesn't fit the stereotypical role of toxic masculinity that we see in the other Kens, but I also don't think Allan exists outside of patriarchy. He is perhaps an Ally, but I don't think he's someone to aspire to. In some ways, I think he's reflective of Barbie. Let me explain.

Barbie wants to take the heel (blue pill) from Weird Barbie and later explicitly says she doesn't want to fix patriarchy and wants leaders to fix the problem. During her breakdown, she is very much like white woman turning a blind eye to social ills because it's too hard and in part because she largely benefits from the system until it changed and ruined everything. The same way that patriarchy works for some women and men in the real world, matriarchy works for Barbie. Faced with a paradigm shift, everything gets too hard and Barbie collapses. Barbie is forced by women of color (who also flee) to face and fix their problems.

Allan similarly is running away from Barbieland with America Ferrera and Sasha. He benefits from both the matriarchy and the patriarchy but doesn't really want to change it on his own because it doesn't really hurt him either way. He exists outside the system because he's different, he's not a toxic guy but he actively removes himself, like so many of us do. He can live with it.

During Barbie's meltdown argument with Ken (where he's standing on the Hummer), Allan is deliberately placed in the background of the Dojo Casa House with his back turned away from them. If he was the character folks think he is (i.e. Be like Allan), he would've said something, but he didn't. Other characters are pantomiming in the background, but he is conspicuously present but inactive.

I think to answer the question, ""What is Allan's purpose in this movie?"" I say, his purpose is to show us with complacency looks like. Ultimately, Allan's character doesn't grow. It is actually Ken who grows: ""I'm a liberated man now, I know crying isn't weak."" Ken now has an active role in evolving their society. Allan is maybe already there internally or perhaps he's not quite aware yet. He's more of an ally, but I don't see him as someone to be like.

What did you get from watching Allan?

**Edit:** I'm striking out my dismissive comment above. I didn't mean for it to come off as tokenizing, more just kind of trying to pass on that argument altogether without much explanation. I think this TikTok explains better what I would say about Allan being viewed as queer [https://www.tiktok.com/t/ZT8LGGKkU/](https://www.tiktok.com/t/ZT8LGGKkU/) . While it makes sense that people see themselves in him, I don't think it's an exclusively queer experience, though that doesn't mean people shouldn't see themselves in that character either. 

&amp;#x200B;",2023-08-07T22:47:55,65,27,https://www.reddit.com/r/TrueFilm/comments/15kzs0x/barbie_movie_hot_take_on_allanhe_is_not_the_man/,Barbie,Barbie
15iadg5,TrueFilm,The Barbie Movie Ending Doesn't Sit Right,"Okay first off, a lot of the conservative talking points about the Barbie movie are that it's anti-men are intuitively false. The messaged clearly conveyed throughout the film, i.e. Ken's arc, is that the patriarchy is damaging to both women and men, overtly so for women, while it forces men into the toxic-masculinity we now associate with being unable to express emotions and forced into sort of hyper-masculine displays, which is clearly parodied in the film to draw attention to how it distracts from one's individual identity. However, could anyone explain how the ending of the film isn't misandrist? Not referring to stereotypical barbie and her conversation with Ken, which drew attention to the aforementioned points, but more so to how, throughout the entire movie, Barbies treat Kens as second-class citizens, they subjugate them to their own lesser part of town that they haven't even heard of, and they do not hold any positions within society. The ending of the movie is a return to this status-quo, with president barbie essentially saying, 'no, you cannot have any position of power \[the supreme court\], but you can still be subordinate in a more meaningful capacity'. So essentially all is well again in Barbieland as the constitution enshrining oppression of the Kens is reinstated but at least they can wear judge robes now? To be fair the Kens were essentially just insurrectionists, but the previous status-quo was the equivalent just opposite. Why could the movie have not just ended with, ""let's enfranchise all members of Barbieland so everyone can work towards the betterment of society""? To be clear, I think pretty much all claims of Barbie movie being anti-men are unfounded and I quite enjoyed most of sub-text, but the ending does not sit right with me, but perhaps I am missing something?",2023-08-04T20:08:25,481,648,https://www.reddit.com/r/TrueFilm/comments/15iadg5/the_barbie_movie_ending_doesnt_sit_right/,Barbie,Barbie
15eq975,TrueFilm,"How Ron Pearlman and ""The Baker"" ruined my Sunday"," 

When my friends invited me out to see ""The Baker"", my expectations were already pretty low, but nothing could have prepared me for how terrible this movie and performance was.

From the premise of the film, *An elderly baker must do everything he can to save his missing son and protect the granddaughter he never knew existed from mob hitmen,* I could tell this was going to be nothing more than a ""Taken"" rip off. How a slightly above average action movie like ""Taken"" can pretty much create a whole genre of movies looking to recapture it's success is beyond me, but here we are.

Despite the low expectations, I was blown away with how bad this film was. The best part of this film, was the acting by Joel David Moore, who unfortunately dies 20 minutes into the movie. The rest of the film is plague by Ron Pearlman attempting to perform convincing action scenes where he takes out multiple skilled hitmen, and by his lack of range despite the circumstances that he's in. The monotone, stoic, emotionless acting by Pearlman is almost made worse when you pair him with a mute little girl as his co star.

Aside from the acting, this movie does absolutely nothing to keep you engaged. No back story, no character development, no reason to care at all. The little girl in the movie does have some good moments, where you find yourself caring slightly about her as a character, but the fact that she doesn't speak and has no back story essentially, diminishes any investment you have in this character.

With all of these negatives,(bad acting, bad story) you would HOPE that the action would be good. However, it is VERY underwhelming. Pearlman is unconvincing in this role, and not once did any of these encounters of killing multiple hitmen at once make any sense. There's a part where he's being jumped outside of a night club, and the scene ends with him killing a guy buy just kicking him somewhere. I only say it like this, because I have no idea where he kicked the guy. Like most of the action scenes in this film, low lighting was used, that made the overall scenes very hard to see. This was probably done because of how old Pearlman looked doing these scenes, but regardless I think it was pretty bad.

After wasting almost 2 hours watching this nonsense, an old man killing multiple hitmen, connecting them by loose clues over the course of 2 days, all to eventually figure out the person behind his sons death was a guy he used to work for LOL. I don't get why he never once thinks his old drug kingpin boss could be behind killing his son for the large amount of drugs he had. Not once, until the very end when someone mentions his old boss by name coincidently, does he even think to put 2 and 2 together. SMH, and finally the movie ends with Pearlman returning the drugs, and going on his way with almost no words (or acting) involved at all.

Please do yourself a favor, and skip this film by all means. Even if you're a Regal Unlimited member like me, it is not worth the points. See Barbie instead.

You'll thank me later haha.",2023-07-31T19:56:31,4,26,https://www.reddit.com/r/TrueFilm/comments/15eq975/how_ron_pearlman_and_the_baker_ruined_my_sunday/,Barbie,Barbie
15ep55f,TrueFilm,Analysis of Wes Anderson's oeuvre in the context of Godard and Peter Wollen.,"In the 1950s, when film critics Francois Truffaut, Jean Luc Godard and others became fed up with the production line quality of movies, they decided to take things into their own hands. After writing polemical pieces about the erstwhile state of French cinema for years, Truffaut changed cinema forever with his famous ‘The 400 Blows’. Before this however, Truffaut also wrote about the filmmaker as an author in Cahiers du Cinema which later began to be called “Auteur theory” by Andrew Sarris. 

Auteur theory, although lowkey controversial and very broad in its definition of who qualifies as an auteur, can be interpreted as any artist- be it the director or actor or any other cast or crew of the film, who has a significant style and leaves their own impression on their films. By this definition, Wes Anderson very much qualifies as an auteur. Wes Anderson makes very distinctive choices in terms of the colour palette in his movies, the soundtrack, his actors, and also, his narratives. At first glance, Wes Anderson embodies the definition of an auteur; but there’s more to the theory than just the definition.

In his book Signs and Meanings in the Cinema, notable film theorist Peter Wollen talks in detail about auteurs by considering the body of work of the film director Howard Hawks. Wollen points out that one of the differences between an auteur and a metteur-en-scene is that while a metteur-en-scene’s work can be analysed and understood within the context of that single film itself, an auteur’s work is a small part of a larger whole of their oeuvre. An auteur leaves their impression on a whole range of works through style, tempo and narrative choices. Wes Anderson’s movies have a distinctive style that one can easily identify as his own. His usage of pastel colours, whether it be the vivid pinks of The Grand Budapest Hotel or the muted yellows of Moonrise Kingdom, evokes nostalgia and affection for not only the characters on the scene but also the sets as a whole. He works with the same actors- Jason Schwartzman, Bill Murray, Adrian Brody, and Tilda Swinton are all constants in his films who have exactly internalised the slapstick acting style that Wes Anderson expects of them in his films. His soundtracks are dreamy and obscure. Peter Wollen’s definition of an auteur’s work applies to Anderson; his style spreads across all of his films. But perhaps, it spreads too thin.

Although Wes Anderson’s filmmaking is very distinctive in its style, his films do not have the recondite layer that Wollen seeks in an auteur's work. Godard said it best that cinema must be divorced from its bourgeois origins. In an interview with Jean-Pierre Groin, Godard says that the French filmmakers are militants working with cinema. Films must have a clear political message and the body of work of an auteur must have identifiable political motifs; the feminist motifs in Agnes Varda’s oeuvre for example. Gorin notes “He (Godard) was quite aware that movies were used by the ruling class which invented them for the rest of us; that the movie was the ideological expression of the bourgeois.” Taking Peter Wollen’s own lone-standing film ‘Friendship’s Death’ into consideration, this theory can be tested.

Friendship’s Death stars Tilda Swinton as an extraterrestrial being who goes by the name of Friendship and Bill Patterson as Sullivan- a war journalist in Amman during Black September. Friendship is sent to Earth to land on the MIT campus to talk to academicians and warn them about the ever nearing self-destruction of the human race. Machinery failure leads her to land in Amman in the middle of the war where she meets Sullivan. The film is deeply political and philosophical, ruminating on the nature and definition of life, why wars happen, Nazism, Islamophobia and many other themes. Mostly set in one room and between two actors, Wollen makes the film interesting to the audience by employing a variety of techniques and tools such as overhead shots when Friendship and Sullivan are discussing how humans will end up destroying themselves; perhaps symbolising the outsider’s perspective on issues of the human race- the perspective of a higher species if you will. His zoom in and zoom-outs are very dated- for a film shot in 1987, his close-ups and lean-outs have a very 1950s aesthetic. The lighting is dim, often in the dark for bringing into effect the darkness of war. By the end of the film, Friendship is no longer interested in talking to academicians at MIT. She is convinced that it is impossible to persuade humans not to fight. The film has a very clear political message and distinctive stylistic choices, perfectly passing the critic filter of Jean Luc Godard. Even though Peter Wollen has directed only one film, it is not hard to estimate what his films would be like, had he directed more of them. This is true even as one doesn’t know what stylistic choices he would have employed in any future works.

By these standards, Wes Anderson qualifies as little more than a metteur-en-scene. Although his films have a distinctive style, it is stagnant. One can always make an estimate about the kind of acting, the kind of colour scheme that any of his upcoming films would feature. They are almost always coming-of-age stories of characters placed in dysfunctional settings. The characters are not frivolous, they have extensive dialogue, but the dialogues themselves lack any depth. His films don’t have a political message, and it is safe to say it is bourgeois filmmaking for entertainment. He fails not only to stand up to Godard’s expectation from the film as an art form but also arguably falls short of having enough philosophy to qualify as an auteur in Wollen’s lens. In short, his films are heavily stylistic but lack substance. This being said, I also must acknowledge the fact that while Wes Anderson’s films lack the substance a militant film-viewer would seek, they qualify as a formidable film tool. There are directors who are inspired by his art and while they may elevate that tool by adding their own philosophy, when I see their films, I would identify the said film as Wes Anderson-esque. A case in point is Barbie. Greta Gerwig adopts the vivid pink schemes reminiscent of Wes Anderson's settings but adds substance with her own philosophy of feminism. In this sense, the Wes Anderson style acts as a cinema tool that other filmmakers may adopt in their own works, partly or wholly, and create magic. This is why Wes Anderson’s films still remain relevant in the context of other filmmakers’ works. Like every other filmgoer, I love watching his movies, I love watching pretty pictures on the screen and I love his characters.",2023-07-31T19:13:42,6,4,https://www.reddit.com/r/TrueFilm/comments/15ep55f/analysis_of_wes_andersons_oeuvre_in_the_context/,Barbie,Barbie
15e325d,TrueFilm,My thoughts on barbie as an asian woman,"So i just watched Barbie and as an asian woman from asia, I'm not sure if I enjoyed Barbie or not.

On one hand, I loved Barbie's portrayal of the struggles women go through and still resonated strongly with America Ferrera's speech and Margot Robbie's bit about not feeling like she's enough. (Although that throwaway line of haha margot robbie's the wrong person to cast bc she's pretty so she doesn't have these struggles is a little iffy to me but that's another conversation)

I think that also shows at the very least that women across the world have enough shared experience that we can relate to the feminism depicted. In fact, everything in the movie about the female experience, I agreed with and resonated with, and feel Greta Gerwig did a great job potraying.

On the other hand, I'm not sure I like the way the Kens are portrayed and I'm not sure if there was really any reason to have them in the movie at all if their only role is to be satire or the butt of the joke.

Annoyingly, on the surface I have a lot of the same comments as men who dislike the movie simply because they were uncomfortable with how they were portrayed - I didn't like that the men were just dumb idiot incels when they're supposed to represent women in the real world given the flipped universe that Barbie presents. I didn't like that they didn't get real roles in Barbie congress at the end and were basically voted out again, distracted by their dicks because duh men are dumb. I didn't like how little demonstrated growth Ryan Gosling Ken had (a marketable hoodie with cute designs are not kenough to show the Kens understood the message). There's more but that's the main gist.

I like to think that my opinions come from a different place from these men and I'm crossing my fingers that they do lmao because if not, rip.

Anyway, after reading more opinions, I think I understand better now that the Kens were never supposed to be vehicles for men to identify with. They are supposed to be a satire of how the patriarchy makes men want to act and I understand that it's meant to be a joke on society and toxic masculinity. If a man truly sees themselves in Ken and doesn't see why that's bad, they really need to check themselves.

But I still don't feel that the distinction between real men and the kens were made clear, because the real men we see are also idiots. The businessmen are basically sexist but also not, because they represent mattel and we can't have sexist mattel!!!! But they still come off as weird, incompetent and most likely at least closet sexists. Gloria's husband is a dumb white guy who's stuck on duolingo and doesn't have more to add than bad spanish. I didn't even realise Gloria's kid had a dad for 80% of the movie lol. Every other man that Barbie meets is a non-named character and sexist. (Thinking about the construction workers and people at the beach)

The only man that non-asshole males can viably identify with is Alan but I don't think his role is big enough to serve as a good vehicle either. And it seems he's gay coded which slay but still doesn't give straight men, the cause of patriarchy, a clear role model to follow.

I understand the argument that a movie is not obliged to make every audience member feel seen or even to fix some big abstract issue like sexism, but for a movie touted as the feminist movie of the decade, I thought it could do more for teaching people how they could dismantle the patriarchy as opposed to simply F the patriarchy, F men.

I think my criticisms come from the difference between the kind of feminism I wished Barbie portrayed vs the one they did. While I wished for a movie that would prompt actual change, the Barbie movie feels more like a call for introspection about self and about gender's role in society. Not a bad thing at all, and hopefully the conversations that have been sparked have helped more people understand the issue.

But I do wonder if maybe, at least part of the reason my experience of the movie is the way it is, is from my experience as a woman. 

My country is not outwardly sexist and I don't personally experience sexism day to day, especially not with people of my generation. People in older generations of course still have hold out expectations of women having kids, etc but as a whole I don't experience everything american women do, like catcalls, unnecessarily sexual behaviour from other people, outwardly unequal treatment, etc. 

From that lens, the simple F the patriarchy message of the movie seems less satisfying and productive than one that shows real change, perhaps because I don't have enough of those same experiences (although i do love the I am barbie you are ken thing, and it's definitely a step in the right direction but not a clear enough message because the Kens don't seem like they really got it, outside of some hoodies and sudden newfound interests in fur)

But i also acknowledge any solution Greta Gerwig would have pushed, would have felt insufficient and oversimplified given the limitations of the movie, so perhaps the ending it had was the best it could have hoped for.

So I'm curious how everyone thinks their culture, gender and experiences affected their viewing of Barbie, and whether any of my criticisms resonated with anyone!

I'm especially curious about how an american woman's views of the movie might differ from mine and how trans, non binary and other queer people viewed Barbie in general.

EDIT: woah, thanks for all the insightful comments and award!!! I'm probably not going to be able to reply to everyone, but I'll still read through everything!

I've also changed my thoughts on a lot of things, eg my viewing of Ken and really appreciate the discourse. I'm definitely due for a second viewing of Barbie to pick out more details!",2023-07-31T01:54:12,187,248,https://www.reddit.com/r/TrueFilm/comments/15e325d/my_thoughts_on_barbie_as_an_asian_woman/,Barbie,Barbie
15dho0y,TrueFilm,Barbie feels nihilistic to me,"I'm writing this to better understand my reaction to this movie. I was actually really looking forward to it but left the cinema slithly disappointed (it being dubbed didn't help). I think that this movie is at the end of things somewhat nihilistic or defeatest. Aside from Ken having to find himself (which I loved!) it doesn't offer any solution or even ideas on how to free women and men from the claws of patriachy or other power structures. It seemed quite blind to them actually. The feminism was very explicit and a bit flat but I didn't hate that because on one hand a lot of people still need to hear explicitely how women suffer in everyday western life and also because it fit the simple barbieland but it didn't go beyond or further. Apropos simple barbie land: I liked that the real world was much more complex and that barbie decision to become a person meant excepting conflicting emotions and such. I was actually afraid that the last scene might be a job interview at Mattel but luckily it was a doctors visit instead. But still I couldn't shake the empty feeling. The real world is just as bad as before and barbieland mimick their power structures. Mattel still is a bunch of dudes selling problematic images to girls and all barbie does is trying to survive as a women in the real world with no fighting spirit. I know that this is realistic, right? Barbie didn't create these power strctures and she can't tear them down. But for all the talk about feminism and hardships of women's life the movie seems to just except that as inevibitale and the world goes round.

&amp;#x200B;

sorry for rambling at the end I still enjoyed myself and really appreciated the creativity at play",2023-07-30T09:53:09,54,49,https://www.reddit.com/r/TrueFilm/comments/15dho0y/barbie_feels_nihilistic_to_me/,Barbie,Barbie
159vfdf,TrueFilm,Individualism and Barbie (2023),"This is easily as much ""lore"" or my experience of playing with the dolls as a child, but the fundamental tradeoff Barbie offers in exchange for ""empowerment"" is a loss of individuality. Barbie can be anything, and Barbie is everything, but the hat trick that lets Barbie be a doctor and an astronaut and a mom and not a mom and President and and and is that the Barbie which does any of these particular accomplishments is not the same ""individual"" that accomplishes another. The fact that some ""other"" Barbie accomplished something has to be enough for every Barbie. I think this core concept of Barbieland is really fundamental to a lot of where the writing struggled in this movie and also to probably the most fundamental critique I have of the brand.

There are no individuals in Barbieland. Ken talks about this a bit when he talks about ""but it's Barbie and Ken, there is no just Ken."" He is ultimately an accessory to her just like her house and her car and her clothes are. His plot-convenient level of agency (and lack thereof) ultimately needs to be hand-waved away as too weak or well-meant for him to face the consequences of any of the scary psycho stuff he does, he needs to be forgiven so that at the end they can continue to be codependent accessories to each other.

The movie alluded to the significance of individuality in the real world in a few places. It talked about how real people only have one ending, but how ""Barbie"" can be anything. You'll also notice how a lot of the advice the Barbies gave each other that snapped them out of their brainwashing was around how to relate to other distinct people and the expectations and baggage they place on you.

Ultimately Barbieland can not have individuals and still be compromise-free. If somebody else accomplishing something isn't as good as you accomplishing it yourself, the choices of how you spend your time matter. More critically, when there are individuals in this world there has to be compromise between them. The movie (very reasonably) doesn't seem ready to unpack the fraught intersection of femininity and the expectation of compromise.

Unfortunately, I think the way the movie settled on two conflicting ideas about individuality is a lot of what made the ending feel so strange and disjointed. On the one hand, individuality was ultimately not necessary to solve the problems of Barbieland (the weird coordinated million dates being mean at once thing is very anti-individualism). On the other, Sterotypical Barbie still desires to become an individual by becoming a human. I think an ending with a more expressly coherent view of the desirability of individuality would have been more satisfying.",2023-07-26T04:28:06,15,2,https://www.reddit.com/r/TrueFilm/comments/159vfdf/individualism_and_barbie_2023/,Barbie,Barbie
158gx2a,TrueFilm,I hate how movies are starting to state their message out loud,"Compare a movie like *The Menu* to *Parasite*. Both are a criticism on capitalism but I think that one does it better than the other.  

Why ? Because Parasite didn't explicitly state it's message. It let the metaphors and the scenario speak for It.  

I found the menu pretty vapid because the lines never hit with me. I mean there was obviously metaphors with the kitchen crew etc... But, I disliked lines like *""Student Loans ?"" ""No"" ""Then you're dying"" .*

Where Is the subtety in this ? Another movie that fits this trend is Glass Onion. And as much as I loved the movie Barbie, It suffered from this exact problem too.

What do you guys think about this ? Did you notice this trend ? ",2023-07-24T17:21:16,801,411,https://www.reddit.com/r/TrueFilm/comments/158gx2a/i_hate_how_movies_are_starting_to_state_their/,Barbie,Barbie
156zt07,TrueFilm,The Barbie movie to me seemed to be supportive for BOTH men and women. I do not understand the backlash.," 

Let me know if I am overthinking. A lot of people are calling the movie as man hating, but I came out thinking it had a really good message. The Kens were all competing against each other, in this toxic struggle that I feel like a lot of men struggle with. Societal expectations often pushes men to want to be better than other men. It's like a constant struggle to need to get validation by competing against other guys. It seems men more often than women struggle with finding importance in their life and feeling valued. Part of that is feeling the need to find a beautiful woman to feel validation, that's something I felt as well. Then you have Barbie tell Ken he isn't defined by his girlfriend, he is defined by who he is. Same with the choreography dance of the ken battle. It was hilarious but at same time I feel like the message was obvious. There is no need to keep trying to compete against each other, be happy with who you are, and have a brotherhood akin to what a lot of women have in how they support each other.

Anytime time I went out with my girlfriend or an ex they would always get so many compliments from fellow women randomly throughout the day on their outfits or appearance. As men we really don't have that. No, women are not ALL nice, but in comparison to men there definitely seems to be more of a sense of sisterhood. Whereas me for example, if my friend tells me his salary and its well above mine , internally I feel bad. I feel like I need to have a salary as high as him or higher. I don't understand it, but from other guys I've talked to they also feel something similar. I should feel happy for my friend, yet I'll feel like I am inadequate. As funny as ""I am Kenough"" is, it really does address an issue we have in society. Its often why young men who feel inadequate seem to stray towards people like Andrew Tate who tell them how to be a ""Top Man"". We definitely would do better by just being happy with ourselves.

A couple other points I want to address. People say its sexist because the women in barbie land have all the great jobs and the Kens are idiots. Part of that is because no one cares about a Ken doll as opposed to Barbie so it gives the plot a good opportunity to dissect into men's feeling of self worth. Second, it is just meant to show women empowerment. People forget that in many countries women can't have a profession and even in America it wasn't long ago where you'd be shocked to see a woman doctor.

And one more thing the scene where the Kens do not get put on the supreme court. That was simply to show a parallel to the real world on how women had to go through same thing. It wasn't meant for you to think it was the correct thing to do, it was meant for you to go ""hey that's unfair! Oh wait, ah"".

Yet I see the opposite take from a lot of guys. Am I misreading the movie or was that not the obvious theme in regards to the Kens?

TLDR; The Kens showed something many men go through in society, feelings of inadequacy and needing to compete with other men. The scenes were meant to show that one should feel validation with who they are, not what woman they can win over or what other men are doing.",2023-07-23T00:17:15,2313,1010,https://www.reddit.com/r/TrueFilm/comments/156zt07/the_barbie_movie_to_me_seemed_to_be_supportive/,Barbie,Barbie
156x186,TrueFilm,"To the Shock of No One, Barbie is the Gayest Film of the Year","And I thought Nimona was going to be the gayest film I saw this year...

I saw Barbie earlier today in a theater packed with every single white woman and gay man that live in my city. I haven't seen a crowd this hyped up for a movie since Endgame. The audience fucking loved this movie and I was right there with them. Barbie as a film is doing so much that it's hard to really take it in. The film is clunky at times especially towards the middle of the film but this actually works to it's benefit in a weird way. Barbie is so flamboyant and over the top that it instantly falls into camp. So the awkward delivery of its central films works because everything else is so direct and in your face, why not this? I have so many thoughts on the film so I'll try to organize them as best as possible here:

-The Kens collective journey in the film feels like a coming out story. In the beginning, they distilled their identities into obtaining affection from women and then being noticed by other men for having the women. There is this undercurrent of sexual angst and confusion the Kens seem to collectively have that results in them constantly competing for each other or meekly craving for another Ken's approval in the background. Ken bringing patriarchy to Barbieland is the campiest most over the top portrayal of masculinity. It very much feels like what a closeted gay man trying to fit into heterosexual society thinks straight men are like.  Kingsley Ben-Adir's shy twink character always holding sports balls but having zero idea what they're for heightens this affect. Finally the Kens give into their feelings for other Kens, demonstrated by rage that turns into the erotic. Kens are now doing ballet with each other and embracing one other. Stereotypical Ken finally stops tying his worth to possessing women and resolves to discover who he really is. He bequeaths the symbol of the patriarchy to another man, the Ken not so secretly obsessed with him. This is not the only reading of the film and I'm quite sure other people will have less queercentric takes on this, those are valid too. But damn this movie was really gay. 

-The homoeroticism was inherent to the Kens, both in the movie and the actual doll, from the start and honestly has always been a part of Ken's public image so it would seem strange not to include it. The Kens make threats to 'beach' each other off. One Ken is constantly cowering behind and silently adoring Stereotypical Ken. The Kens seem to care more about showing off for each other and winning the approval and attention of other Kens at times than Barbies. It very much reminded me of the boys in high school who weren't quite sure who they were and couldn't explain why they were inexplicably drawn to other men. The most self-aware Barbie that isn't played by Margot Robbie is played by comedic genius and noted lesbian Kate  McKinnon. She doesn't shy away from not so subtly flirting with Stereotypical Barbie and shows her the path to happiness outside of trying to live up to an unattainable level of perfection. She's the only Barbie who embraces living outside of traditional femininity and she offers up her home as a play for other Barbies off the beaten path and those incredibly gay discontinued Kens. She literally creates a safe space for queerness. 

-This film feels like 'But I'm a Cheerleader' on steroids. When the Kens were doing their dream ballet on a glowing surface of baby blue and carnation pink, I couldn't help but think of how stereotypical and distilled gender roles were portrayed in the former film. In fact, this film owes a lot to New Queer Cinema in it's exploration of gender roles and male socialization. When the Kens are fully liberated they dress in a way that wouldn't be too off from fashions I've seen at Pride weekends. Their short shorts and crop tops that adorn all of their perfectly sculpted bodies coupled with their outlandish portrayal of masculinity felt like something John Waters would do. The three Kens looking like they just came from a really fun circuit party discussing what they should against the other Kens felt like me and my gay friends deciding what we're doing for the weekend. The queer energy was so strong and it makes entire sense why it's that way. There has always been this undercurrent of homoeroticism that belies ideals about masculinity and the praising of said masculinity. I kept waiting for one Ken to declare his love to the other Ken. Maybe in the sequel. 

-For as much as the film dissected the male gaze in the real world, I thought it was very interesting how a lot of the sexualized comments delivered to Barbie weren't actually just delivered to her. If you pay attention the lecherous men are absolutely looking at Ken too. He didn't notice it for what it was because of course he wouldn't but I do like how ambiguous it was. You could and I did read it as showing how the male gaze can objectify men too. I've long said if you wanna observe masculinity and men in a vacuum just go to any gayborhood and grab some popcorn. After all, Ken is perfect. He's a chiseled blonde, blue eyed Adonis that many men wish they could be and many men want to be with. There is a lot to say about how our society also promotes unrealistic beauty standards for men as well. Every superhero film actor gently skirts around the topic of PEDs and steroids when asked about their transformations and proport to be completely natural. This film doesn't delve too deeply into that but it would've been interesting to see Ken meet men in the real world who had a negative view of what he represented. Ken has a great arc as it is but I think there was a scene missing where Ken sees that a male dominated world means a lot more is expected of men too. Also I bet the Asian and Black Kens would have had WILDLY different experiences than Stereotypical Ken and I would've been very interested in seeing how they reacted to that. Imagine going from a world where you don't even know what race is to 'put your hands behind your back, you fit a description'. You could've played it for camp but it would've been interesting commentary. The film largely sidesteps race as it relates to gender and I get it. It was written by two white people who probably felt like it wasn't their place to speak for non white men and women. I was definitely satisfied with what we got. 

-America Ferrera is going to be nominated for Best Supporting Actress at the Oscars which I am not upset by and I'll be glad if she wins. I was not expecting her to be the heart of the film nor to be the one who consistently brought the house down with her speeches. My audience literally burst into applause near the end of her first monologue. Was it about as subtle as a kick to the balls? Yes. Was it preachy? Also yes. Did it fit the tone of the film? Absolutely! Like I said earlier, almost nothing else in this film is shy nor subtle. It is screeching everything at you at all times. Everything presented is its most heightened, exaggerated and distilled version of itself. So why wouldn't the way it communicates its main thesis be this way? I can absolutely understand if you didn't vibe with the way her character was handled. It was very on the nose and in your face, but I thought having Gloria be the one to deprogram the Barbies was a great twist. Her presence in the film helped anchor it emotionally because I really do think that Barbieland is something to be digested in bites. If the third act was Stereotypical Barbie and the other Rogue Barbies doing this alone, it may have gotten very old very fast. Ferrera brought a humanity to the last third of the film that it desperately needed. 

-Speaking of maximalism, this film wouldn't work at all if the production design, costume design and hairstyling and makeup weren't on point. The first fifteen minutes of the movie where it's just pure 100% cheese was perfection and the look of Barbieland has everything to do with that. They made you want to live in Barbieland which made it all the more disturbing when Ken brings all of that to its knees. The costuming was god-tier. Many of the outfits Barbie wears in the film are inspired by actual outfits the doll has debuted. The costumes also tell a story though. In the beginning, the Barbies are dressed modestly yet still as traditionally feminine as possible. Every Barbie is hyper competent but also still hyperfeminine and none of them stray from that. Kendom sees them lose the modesty but keep the exaggeration of womanhood. After the Barbies are deprogrammed, their costumes are much more casual. We see more Barbies in jeans and sensible shoes. The actual presentation of Barbieland is a neon washed dreamland that has a hint of darkness to it. Parts of it felt like a flash game from the early 2000s. The cartoonish sparkles and dust that appeared whenever the characters did anything, the way they flung through the air like a child playing with dolls, the way Barbie falls over when she's absolutely at her lowest and Weird Barbie's entire existence was a marvel of great effects and editing. The editing in this film did wonders for selling the concept of Barbieland but also Barbie herself. In particular, I'm thinking of the moment where Barbie finally finds Sasha and introduces herself. Barbie is highly saturated and brightly colored yet the real world around her is shades of brown, grey and black. Her hyper realized form of womanhood visually clashes with the down to earth vibe of women in the real world. We see plenty of attractive women in the real world, but none of them are presented as overly glamorous. Only Barbie struts around as a manifestation of unrealistic beauty standards. The film itself pokes fun at this with Helen Mirren's narrator pointing out the folly of casting Margot Robbie as a woman who doesn't represent idealized perfection.

-The music for this movie was top notch in every respect. The actual score bounced between campy and cartoonish with accented 'aah's' and 'la's'  in the score and the eerie and reflective. Ken had a musical motif that was very unsettling but felt appropriately childish at the same time. As his character began to become distorted by the real world, so did his motif until it exploded into his own rock ballad. The music actually written for this film was equally fantastic. The Lizzo song that goes from fun dance party to existentialist nightmare was glorious. I've heard Dance the Night a lot this summer but seeing it in context was something else to behold. This film did the impossible by getting me to like a Billie Eilish song. And of course, I'm Just Ken is a fun glossy emotional bop that I'm sure will get nominated for an Oscar. 

-Ryan Gosling has deservedly gotten much praise for playing Stereotypical Ken but the other actors playing Ken deserve equal praise. Simu Liu plays an excellent jockish bro who has an obsession with another Ken for reasons he can't quite explain. Seeing Kingsley Ben-Adir go from playing the very ruthless and coldblooded Gravik in Secret Invasion to a super bottomy Ken doll hopelessly in love with another Ken doll was a wild ride. Michael Cera was the perfect accent to the sickening sweet performance of traditional gender roles. Also I cannot believe they got Sugar Daddy Ken and Magic Earring Ken into the movie. It was interesting how the Kens that were queer coded the most were the ones to instantly side with the Barbies. It makes sense because the patriarchy doesn't really serve them much if they want to be themselves.  Alan is the only one of him because he knows who he is and thus doesn't want to be a part of Kendom. Alan is essentially what it felt like to be the only openly gay guy in high school in 2005. He even wears a mesh top to the dance party. The Kens fighting on the beach had so many lustful shots of men's perfect muscular bodies heaving against one another and committing acts of athletic prowess. It was so sanitized and childlike yet so inherently horny that it brought me back to being that confused gay boy in the locker rooms back in '04.

-I appreciated how diverse the Barbies themselves were but they did something interesting with the idea. There's Barbies of every race and ethnicity but this is never brought up nor is race much of a focus at all in this film. There's a trans Barbie but she's treated no differently than any other Barbie. There's a fat Barbie who is treated as if she's just as perfect and beautiful as the other Barbies. There's a wheelchair bound Barbie but she's not relegated to being in the background or on the margins of society. Her disability will never actually be an issue in Barbieland. Each woman while representing a different type of woman is still the most perfect version of that woman. I was expecting us to be in for a real bad time when Ken took over but to my surprise the Barbies of different races, gender identities and disabilities were not treated any different from the white able bodied Barbies in that they were all treated like mindless objects. Kendom was actually quite progressive in that regard although had the Kens continued to rule who knows how that would've eventually shook out. It also underscored how Stereotypical Ken was less malicious but was moreso acting out due to not really knowing his place in the world and still craving Barbie's attention. 

-Margot Robbie and Ryan Gosling were perfect castings for this film and so much of it works largely due to how invested in it they were. Margot Robbie gets to show off every tool in her acting toolbox for the first time since I, Tonya. It's hilarious that a Barbie film is probably her best and most fleshed out role to date. Ryan Gosling as adorable himbo Ken was one of the many highlights of the movie. They knew exactly what they were doing getting this very masculine and muscular man to act like an immature closeted frat boy while his body was on display for two hours. Ken making me feel all the feels while a bunch of Kens campishly shout 'Boy's Night' was quite an experience. Margot Robbie has been called a human Barbie doll before in her career so casting her as  'the Barbie you think of when you think Barbie' was sublime. She gives a performance that bounces back between pure camp to existentialist horror to straight dramatic on the dime and sometimes within the same scene. 

-The film's tone was incredibly disjointed and this actually worked for me but I can see how it wouldn't for others. Some people feel as if the story itself was disjointed and I'm gonna pushback on them there. If you view the story in vacuum, all of the beats make absolute sense. How these beats are executed is where things get a little dodgy. The campiness of the first fifteen to twenty minutes juxtaposed with the emotional rollercoaster of the last third of the film was brilliant. It unpacked everything that was set up in the first part of the film and the ending felt satisfying. The middle portion is where it dragged a bit. My personal head cannon is that the board of executives is all Kens that escaped into the real world. These portions in a vacuum work fine but the problem is they're sandwiched between touching moments of Barbie discovering the beauty of life and the symbol of Barbie defending herself from the criticism the brand has received for years. That last portion also feels very much like Mattel slipping the screenwriters some notes because it reads exactly how I'd expect a multinational corporation to defend itself. It's poking fun at consumerism and unrealistic standards for women, both of which it aides and abets, but it's also going to make money hand over fist by selling Kenough sweaters. It's the classic game of playing both sides against the middle to ensure they win no matter what. The intense presentation of the film helps me ignore this problem but I never truly forgot it. There is a lot to be said about how capitalism creates unhealthy beauty standards and portrayals of gender roles. This film respectfully tips its hat to that school of thought but never applies it in earnestness. But why would it? It's still a film about Barbie after all.

-I did find it somewhat disappointing that the film dropped the plot point about Barbie distraught that she actually hasn't done as much for women as she thought. She never brings this up to the other Barbies nor do they interact with the real world. This was actually disappointing to me. I feel like the various Black Barbies would've definitely had a much different experience than Stereotypical Barbie. President and Writer Barbie might find the Real World to be a much harsher place on multiple levels than Stereotypical Barbie. Doctor Barbie is also an interesting case because the actress is trans but no one addresses that in-universe. Were they a Ken that decided to become a Barbie? Does this imply the existence of transmasc Ken? I wonder how she or Lawyer Barbie would view the real world. That's something worth exploring and showing how while sexism affects all women, there are definitely curves and bends to this. These are all hooks for the sequel I'm quite sure we'll be getting in about four years or whenever the strike ends. 

-The segments with Ruth Handler's ghost were a great idea that had even better execution. The harsh cut from this girl power theme blaring over Barbie outwitting a small army of businessmen was very well done. The genuine touching moment of Barbie meeting what is essentially God to her kept the film from feeling too cartoonish. It reminded you that this film is still about something at the end of the day. Barbie choosing to be a real woman with all that entails instead of just being an idea was incredibly moving and I did not expect to cry at a Barbie movie. Rhea Pearlman gives probably the best performance of her entire career, again in a fucking Barbie movie. This film surprisingly had a lot to say about humanity and self worth and what it means to be alive. It's hard to believe that touching scenes like this are preceded by Will Ferrell giving us exactly what he's been giving for twenty years and succeeded by Barbie proudly going to a gynecologist. Again that tonal shift will not be everyone's cup of tea, but it was very much mine. 

Overall, I found Barbie to be a film that was much better than it honestly had any right to be. The performances were top notch. The production value was INSANE, the music was distinct and fun, the messages were timely and also very direct. It has flaws like some unneeded padding and tonally it could've been a lot smoother. But those issues didn't really bring down my experience as a whole. I do wonder about the scores of parents who brought their kids to this only for Barbie to have an existential crisis and loudly declare she doesn't have a vagina. There's gonna be a lot of kids asking their parents about 'what happens when we die?' and 'why are we born?' Good luck y'all. I give it a 9/10. Instant classic.",2023-07-22T22:17:20,45,18,https://www.reddit.com/r/TrueFilm/comments/156x186/to_the_shock_of_no_one_barbie_is_the_gayest_film/,Barbie,Barbie
16twdjh,movies,Mattel Films Tapped Robbie Brenner As President Following The Massive Success Of Its Live-Action Smash Hit Barbie,,2023-09-27T21:17:59,542,114,https://deadline.com/2023/09/robbie-brenner-mattel-films-1235557672/,Barbie,Barbie
163uwee,movies,What's the best opening scene of the year so far?,"I have a couple good candidates:

**Oppenheimer** is of course a no-brainer here, though in this regard it's more of an opening montage, with the establishment of the two-platform Fission storyline and the simultaneous creation of the Fusion storyline at the same time, with three different events in 1926, 1954 and 1959 playing out before our eyes in essentially mixed succession. It's all excellent, though: it provides enough background on the key players, Julius Oppenheimer and Lewis Strauss, and is coupled with some great cinematography, as well as a fantastic music track ""Fission"", which serves as an audio background for the first of the two storylines, and the first of three themes for Oppenheimer himself, the other two being ""Can You Hear The Music"" and ""American Prometheus"".

**Barbie** is just pure fun, and a great deal of top-notch technical execution. Sprinkle in some quality acting, and add an absolutely killer track ""Pink"" with Lizzo giving it her all on the vocals, and you got yourself an introduction to a modern classic.

**Guardians of the Galaxy Volume 3** is a yet another lovely departure from the peppy, bombastic Marvel fanfare usually opening the film. The logos' sequence is still present, but this time John Murphy's ""Kits"" takes over as a dread-filled background piece of audio. Regardless of how long do we consider this scene to stretch (I see it all the way up to Adam Warlock's defeat), it is still compelling. A great deal of dread, character, worldbuilding, fun, emotion or action.

**John Wick: Chapter 4** is probably the best shot cold open out of all these, coupling glorious lighting with Lawrence Fishburne's narration and a warm-up montage, and then John Wick simply saying: YEAH. Nuff said.

What are your candidates?",2023-08-28T19:07:03,2,21,https://www.reddit.com/r/movies/comments/163uwee/whats_the_best_opening_scene_of_the_year_so_far/,Barbie,Barbie
15n0rtr,movies,Kuwait bans 'Barbie' and 'Talk to Me' films to safeguard public ethics and traditions,,2023-08-10T03:28:11,4241,704,https://english.alarabiya.net/News/gulf/2023/08/10/Kuwait-bans-Barbie-and-Talk-to-Me-films-to-safeguard-public-ethics-and-traditions,Barbie,Barbie
15lb119,movies,Anyone in uk have cineworld unlimited?,"I only signed up recently £16.99 in my area (I know it has tiers) I already watched 4 films (technically 2 but twice) on it.  And I'm already planning to watch at least 1 a week. I may post little reviews on here when I do if that's allowed here. Like this weekend I'm planning to do haunted mansion and grand turismo , the two I saw twice was barbie and ninja turtles. 

But I highly recommend it. 4dx was a £6 upgrade the rest was free. And linking card to account means I can go the app , buy a ticket and it let's me buy it free.

I hadn't done any of these cinema subscriptions before but I know diffrent ones have same thing but it's a game changer. No more am i like ""meh ill watch that on streaming later"" or anything as its ""free"" to watch. And imo films are just better in a cinema. (Even better in 4dx as that makes bad films fun lol)",2023-08-08T07:35:09,7,29,https://www.reddit.com/r/movies/comments/15lb119/anyone_in_uk_have_cineworld_unlimited/,Barbie,Barbie
15fesgo,movies,What social issues will future Mattel movies deconstruct?,"Mattel has said they plan franchises based on  Magic 8 Ball, Uno, Matchbox cars, View Master, and Thomas &amp; Friends (this is not a joke).

For better or worse Barbie has soared to the top of the cinematic cultural socio-political discourse. How do you think this children’s toy corporation will try to continue capitalizing on this marketing/press in future films?

Lin Manuel Miranda directs Uno?
Thomas and their non-binary train buds?
Magic 8ball as a vehicle for generational trauma?",2023-08-01T14:51:39,0,37,https://www.reddit.com/r/movies/comments/15fesgo/what_social_issues_will_future_mattel_movies/,Barbie,Barbie
15af5t1,movies,Fun movie watchlist challenges?,"Does anyone have any good / fun challenges that they’ve tried or have considered for watchlist challenges?

In the last couple of weeks I’ve been doing a 1910-2020’s challenge. 1 film per decade before moving onto the next. Just picked a random available film from my overall watchlist for that decade. 

I ended up watching…
Intolerance (1916)
Seven Chances (1925)
Wuthering Heights (1939)
Great Expectations (1946)
The Earrings of Madame De… (1953)
Zulu (1964)
The Taking of Pelham 123 (1974)
Possession (1981)
The Rock (1996)
Frida (2002)

Still need to watch 2010’s and I’ve seen Barbie but will probably choose a different one for this decade. 

I like the variation of films and of course the progression through the decades. So will probably do it again. 

Anyone else have any ideas for similar challenges? I think they tend to work better if it’s categorised by decade / era / genre etc rather than individual films just due to availability.",2023-07-26T19:26:15,4,17,https://www.reddit.com/r/movies/comments/15af5t1/fun_movie_watchlist_challenges/,Barbie,Barbie
158zrdz,movies,biopics that break the mould,"With the great and well-publicised Nolan biopic which has taken over cinemas (sorry Tom Cruise) this summer, it got me thinking about biopics which break the mould and tell their story in different and surprising ways.

What springs to mind was Todd Haynes' Barbie, his version of the Karen Carpenter story, which was never officially released and earned the young filmmaker a 'cease and detist' from Karen's brother Richard. The other film which fits is another one of Haynes' movies, the Bob Dylan I'm Not There, which I don't recall any other movie doing things in this fashion, taking different actors who look different, are different genres and genders, to tell our time's greatest prophet's tale.",2023-07-25T06:20:10,3,10,https://www.reddit.com/r/movies/comments/158zrdz/biopics_that_break_the_mould/,Barbie,Barbie
157mqxz,movies,"41 years ago today, 3 people died on the set of Twilight Zone: The Movie (1983); under the negligent direction of John Landis, after he ordered a helicopter's tail-rotor directly over staged FX explosives. Bringing down the copter, decapitating two and crushing the other to death.","recently learned from Steven Chain's exhaustive [*Fly By Night*](https://books.google.com/books?id=-gpqEAAAQBAJ)*: The Secret Story of Steven Spielberg, Warner Bros, and the Twilight Zone Deaths*

* John Landis self-invited to Vic Morrow's eulogy...
* [Dick Vane](https://www.imdb.com/name/nm0888994/) went from below-the-line Location Manager, to premier Execute Producer after he perjured himself, before a grand jury, for Frank Marshall...

&gt;The revulsion shared by the helicopter camera operators, Roger Smith and Randy Robinson became widespread among the mourners after John Landis pushed himself forward to speak. No one outside of [George Folsey](https://www.imdb.com/name/nm0284390/) and the Morrow children and their mother knew that as a speaker the eulogist was self-invited. In his piercing falsetto Landis repeated the speech he had read to his producer/partner George Folsey over the phone the day before. He stated how happy Morrow had been as an actor. But when he came to mention how just before the last take Vic took him aside to thank him for the “*opportunity*,” there were ripples of protest.  
&gt;  
&gt;Landis went on and flung out the terribly embarrassing canard that film was immortal and Vic lived forever.  
&gt;  
&gt;There were audible titters, impatient shushing of hands, and cries of, '*Enough! Enough!*'""

^(Excerpt From: Chapter 11: Eulogy From a Stranger.) [^(Pp. 110)](https://www.google.com/books/edition/Fly_By_Night/-gpqEAAAQBAJ?hl=en&amp;gbpv=1&amp;pg=PT110&amp;printsec=frontcover)

Warner Bros. Executive Lucy Fisher first suggested using kids, after they determined Landis' initial TZ treatment necessitated rewrites — submitting three drafts...

&gt;“Landis’ script revisions were approved by the studio, but Warner Bros. executive [Lucy Fisher,](https://www.imdb.com/name/nm0279651/) apparently, had one more reservation: she specifically asked Amblin executive producer, [Frank Marshall](https://www.imdb.com/name/nm0550881) and John Landis whether using the children at night would be a “*problem*.” According to a memo generated by Warner’s own internal investigation of the crash, both men told her not to worry about it”

^(Excerpt From: Chapter 18: Naked Broken Barbie Doll.) [^(Pp. 160)](https://www.google.com/books/edition/Fly_By_Night/-gpqEAAAQBAJ?hl=en&amp;gbpv=1&amp;pg=PT160&amp;printsec=frontcover)

&amp;#x200B;

&gt;“From the very start the differences between Warner Bros., specifically between Production Chief, [Fred Gallo](https://www.imdb.com/name/nm0303031/) and the Landis group on almost every important issue, required all of Frank Marshall’s arbitration skills. Because Landis insisted on independence in producing his segment, Marshall intervened and arranged it so that Landis would have complete authority with the understanding that he would conform to the rules.”

^(Excerpt From: Chapter 31: Dr. Fantasy.) [^(Pp. 269)](https://www.google.com/books/edition/Fly_By_Night/-gpqEAAAQBAJ?hl=en&amp;gbpv=1&amp;pg=PT269&amp;printsec=frontcover)

&amp;#x200B;

&gt;“During the catastrophic final shot Frank Marshall was so frightened he dove under a truck and witnessed the fireballs, the helicopter, the disaster and panic. Spielberg’s man seemed to be the only cool head in the chaos that followed. Marshall was one of the first to enter the river, and, though this act was kept a secret throughout the entire five years of the TZ case, he carried the lifeless 6-year-old body of Renee Shin-Yi Chen to shore and laid it at the feet of Virginia Kearns, the movie’s hairdresser, who held a flashlight while vain attempts were being made to revive the dead girl. Then Marshall ran back to assist John Landis who was observed by Kearns just running around, saying, “*Oh, shit. Oh, Jesus*!” When Marshall reached Landis, according to other witnesses, the director was in a state of shock, flailing and screaming and beating his hands on the blood-stained water. Marshall helped Landis to the shore and put him next to the small Asian man with the dazed look who was the father of 7-year-old Myca Dinh Le.”

^(Excerpt From:  Chapter 31: Dr. Fantasy.) [^(Pp. 272)](https://www.google.com/books/edition/Fly_By_Night/-gpqEAAAQBAJ?hl=en&amp;gbpv=1&amp;pg=PT272&amp;printsec=frontcover)

&amp;#x200B;

&gt;“Although Frank Marshall had actually been on the set for most of the shooting schedule, at least eight out of 12 days, the Hollywood lawyers downplayed his presence and told Cal/OSHA’s lead investigator, lawyer Marilyn Levin (from the Enforcement Division) that their client had only been on the set three or four times”

^(Excerpt From: Chapter 31: Dr. Fantasy.) [^(Pp. 275)](https://www.google.com/books/edition/Fly_By_Night/-gpqEAAAQBAJ?hl=en&amp;gbpv=1&amp;pg=PT275&amp;printsec=frontcover)

&amp;#x200B;

&gt;“When the final action began, Frank Marshall told the Warner brass that he was standing next to location manager, Dick Vane and was dumbfounded to see live children in Vic Morrow’s arms as the actor crossed the river. Marshall said he expressed disbelief to Vane who replied that he, too, thought that dolls were to be used. Marshall noted that even the film’s paperwork and documents backed him up in showing that he could not have known about the use of real children in the final scene. He maintained that the notations in Landis’ actual shooting schedule were consistent with Unit Production Manager [Dan Allingham](https://www.imdb.com/name/nm0021378/)’s explanation that dolls or dummies would be used in that scene. Specifically, the notation in the shooting schedule “DBL/Bill,” indicating that a double would be used for Vic, conveyed to him the assurance that cameras would be shooting from a distance.  
&gt;  
&gt;Landis’ shooting schedule listed no children under the “Cast &amp; Atmosphere” column; that would not have been the case, Marshall suggested, if live children had been planned for the final scene.  
&gt;  
&gt;**The story in which Spielberg’s man pointed the finger directly at John Landis remained known only to a select group of powerful executives at Universal and Warner**. Marshall’s attorney, Rick Rosen, confidentially let it be known that he and his client believed that Landis had created an “*incredibly dangerous situation putting the kids below the chopper with bombs going*.” To only a select few Rosen circulated the story that Marshall never knew about the kids and had he known he never would have let it happen.”

^(Excerpt From: Chapter 47: “Frank Knew What the Money Was For”) [^(Pp. 428)](https://www.google.com/books/edition/Fly_By_Night/-gpqEAAAQBAJ?hl=en&amp;gbpv=1&amp;pg=PT428&amp;printsec=frontcover)

&amp;#x200B;

&gt;“Recalling the background differently from Frank Marshall, George Folsey and Dan Allingham had him attending two meetings and not one; at one of which, after being specifically informed of Landis’ wish to use real children with explosions and a low-flying helicopter at night, **Marshall even had his girlfriend,** [**Kathleen Kennedy**](https://www.imdb.com/name/nm0005086/)**, place a blind call to the labor commissioner to see if they could use the kids legally. It was the labor commissioner’s reply that it would be too late at night to permit the use of children, Folsey and Allingham asserted, that set the stage for the illegal hiring**. At the second meeting in Landis’ Universal bungalow, they maintained, Marshall told them to “*forget it*,” with reference to getting proper approval from the labor commissioner’s office to use the kids legally. It was then agreed that the children would have to be hired without permits outside ordinary channels.”

^(Excerpt From: Chapter 47: “Frank Knew What the Money Was For”) [^(Pp. 429)](https://www.google.com/books/edition/Fly_By_Night/-gpqEAAAQBAJ?hl=en&amp;gbpv=1&amp;pg=PT429&amp;printsec=frontcover)

&amp;#x200B;

&gt;“Under oath Location Manager, Dick Vane, had testified to the grand jurors that as the cameras began rolling for the 2:20 shot both he and Frank Marshall believed that Vic Morrow was carrying dummies. Vane’s sworn testimony was sufficient to keep the investigation away from Marshall.”

^(Excerpt From: Chapter 47: “Frank Knew What the Money Was For”) [^(Pp. 430)](https://www.google.com/books/edition/Fly_By_Night/-gpqEAAAQBAJ?hl=en&amp;gbpv=1&amp;pg=PT430&amp;printsec=frontcover)

&amp;#x200B;

&gt;“George Folsey Jr. cynically remarked on **the meteoric Hollywood career in the Spielberg organization of the only person to corroborate Marshall’s story of being surprised at seeing the live children instead of dummies. During the trial Dick Vane worked on another Spielberg/Marshall picture,** [***Harry and the Hendersons***](https://boxd.it/1ZqK) **(1987), an Amblin release listing him as executive producer. Folsey pointed out that Dick Vane was employed by Spielberg all the way through the five-year legal proceeding, rising from a comparatively lowly location manager at the time of the crash to an executive producer title with regular contacts with the Amblin troika**; whom Vane now familiarly referred to as “Frank, Kathy and Steve.”  
&gt;  
&gt;^(Excerpt From: Chapter 47: “Frank Knew What the Money Was For”) [^(Pp. 431)](https://www.google.com/books/edition/Fly_By_Night/-gpqEAAAQBAJ?hl=en&amp;gbpv=1&amp;pg=PT431&amp;printsec=frontcover)",2023-07-23T18:48:15,2182,212,https://www.reddit.com/r/movies/comments/157mqxz/41_years_ago_today_3_people_died_on_the_set_of/,Barbie,Barbie
1571t6i,movies,The GodFather I &amp; II,"Has to be up high on my list of favorite movies. I don’t know how many times I’ve seen it altogether.

When I got home earlier watching Barbie in theaters, I sunk into my usual and unpredictable depression. So I just started playing Godfather II as it was already midway through and then rewatched part I and II, again and I’m rewatching part II. 

There’s too many memorable quotes and scenes. I really enjoy how Coppola intertwined Vito Corleone’s rise in the early 1900’s while following Michael’s in his present time.

Each time I watch I always catch some new little detail. Or understand a complicated plot point I misunderstood when I watched while younger. 

When I was younger watching these films, GodFather, Pulp Fiction, A Clockwork Orange, etc. due to lack of parental supervision. Obviously it was difficult to understand them at a fairly young age so the film really left an impression on me. Not in the “I want to be Mafia” way but Hymen Roth feels like a relatable character. 

Does reading Mario Puzo’s book read similar to GodFather II? Like the point of views and hopping to the past or was it only done in Godfather II?",2023-07-23T01:50:53,22,17,https://www.reddit.com/r/movies/comments/1571t6i/the_godfather_i_ii/,Barbie,Barbie
155s6gq,movies,"Movies That Showcase Good Urbanism and City Experiences (Barbie, Groundhog Day)","I recently watched a fantastic video about how our parking requirement laws in the US create these ugly strip malls, giant highways etc. that prevent us from being able to build pleasant walkable towns. 

Despite this being a rampant problem, a lot of films make out the US to be walkable, or at least choose to stick to those areas. I believe this is partly because a walkable and quaint city is what a lot of us want (as evidenced by many people citing how much fun they had in their college towns, which are often walkable). Specifically, we want to be able to run into friends spontaneously, see other people around us, *not* be stuck in traffic, ride a bike to places, etc. 

In Groundhog Day, a lot of the beats depend on Phil being able to walk around. The gag with Ned, walking over and helping people, going from place to place to eat and then dance, etc. Not many people in the US live in places where this is possible. Another great example would be Barbie, which makes her world a walkable paradise. Even when she's in the real world, they never get in a car until it's time for a car chase sequence; they're walking everywhere, meeting people, shopping on foot, etc. Again, we put this in movies for us all to see, despite few of us actually having it. 

What are some other examples you all can think of? ",2023-07-21T16:03:22,0,2,https://www.reddit.com/r/movies/comments/155s6gq/movies_that_showcase_good_urbanism_and_city/,Barbie,Barbie
155afzv,movies,Official Discussion - Barbie [SPOILERS],"#Poll

**If you've seen the film, please rate it [at this poll](https://youpoll.me/105010/)**

**If you haven't seen the film but would like to see the result of the poll [click here](https://youpoll.me/105010/r)**

#Rankings

[Click here](https://youpoll.me/list/138/) to see the rankings of 2023 films

[Click here](https://youpoll.me/list/4/) to see the rankings for every poll done

---
**Summary:**

Barbie suffers a crisis that leads her to question her world and her existence.

**Director:**

Greta Gerwig

**Writers:**

Greta Gerwig, Noah Baumbach

**Cast:**

* Margot Robbie as Barbie
* Issa Rae as Barbie
* Kate McKinnon as Barbie
* Alexandra Shipp as Barbie
* Emma Mackey as Barbie
* Hari Nef as Barbie
* Sharon Rooney as Barbie

--
**Rotten Tomatoes:** [89%](https://www.rottentomatoes.com/m/barbie)

**Metacritic:** [81](https://www.metacritic.com/movie/barbie)

**VOD:** Theaters",2023-07-21T02:07:49,5001,14993,https://www.reddit.com/r/movies/comments/155afzv/official_discussion_barbie_spoilers/,Barbie,Barbie
1539zwu,movies,Is watching a movie on its opening day much special than watching it on a later date?,"I know, I know it's a silly question but I'm just curious... 

With the release of the Barbie and Oppenheimer, two of the most anticipated films this year, I've been seeing tons of posts online of people going to see it on its opening day.. but considering that these films are coming to be the biggest films of this year, would it be more special if I watch it on its opening day or is it any different if I watch it on a later date?

Thank you :))))",2023-07-18T20:50:49,0,19,https://www.reddit.com/r/movies/comments/1539zwu/is_watching_a_movie_on_its_opening_day_much/,Barbie,Barbie
