id,subreddit,title,selftext,created_utc,score,num_comments,url,movie_primary_label,movie_labels
1530pul,movies,"Barbie reviews hit today at 7pm ET, Oppenheimer reviews hit tomorrow at 12pm ET","Edit: Our fears were unfounded 🤣

Previous:

Barbie reviews hit today at 7pm ET, Oppenheimer reviews hit tomorrow at 12pm ET:
https://www.resetera.com/threads/barbie-with-less-than-24-hours-to-go-warner-bros-just-delayed-critics-review-embargo-from-july-13th-to-july-18th-7pm-et.741495/

The first reactions on Twitter were promising, as usual. But I'm a little worried that they've embargoed proper reviews until just a few days before the films release. Is it because the movies are bad? Because They have plot points that they don't want the reviews to spoil? Or is it because holding reviews till the week of release helps boost ticket sales? Or because the studios knew the threat of the SAG-AFTRA strike was real, so they held reviews until actors couldn't be interviewed anymore and they'd need new content (terrific reviews and high RT scores) to drive engagement and wanna-see?",2023-07-18T14:56:33,1,7,https://www.reddit.com/r/movies/comments/1530pul/barbie_reviews_hit_today_at_7pm_et_oppenheimer/,Barbie,Barbie
1529hlr,movies,Has a film ever had more promotion than Greta Gerwig's Barbie?,"Look I am a hardcore Barbie collector and hardcore film lover. I have collected Barbies since the 90s but I have never in my life seen so much Barbie stuff everywhere. Nor have I seen a film get so much promotional stuff. It's really surreal, it's like this film has taken over the world. I know it's not that surprising considering it's an existing mainstream IP that's been around for more than half a century. But I was in the mall recently and I saw Barbie themed clothing in multiple stores, I saw people walking around with Barbie Bubble Tea, I even got an ad today for a Barbie muffin!

it's gotten me curious, has there been films like this in the past that had promotional stuff take over like this!

Edit: 

I understand it's the ""law of attraction"" with me seeing all the Barbie stuff. I knew there'd likely be more films with bigger promotion that I missed out on/didn't notice. But this was just my conversation starter to hear about them. Loving the responses :)",2023-07-17T18:14:57,8,93,https://www.reddit.com/r/movies/comments/1529hlr/has_a_film_ever_had_more_promotion_than_greta/,Barbie,Barbie
14zlnoq,movies,What was the most memorable double feature you’ve had?,"With Barbie and Oppenheimer coming out this month on the same day, it reminded me of a double feature I had done and absolutely loved.

I’m not necessarily referring to movies  that were released on the exact same day. It can be films that were released with a one-month difference and were therefore available in theaters at the same time. 

Personally, I think the day I watched at the theater Parasite followed by Joker in the same day was truly a great moment. Two great movies.

What was yours?",2023-07-14T16:54:18,3,46,https://www.reddit.com/r/movies/comments/14zlnoq/what_was_the_most_memorable_double_feature_youve/,Barbie,Barbie
14zerbt,movies,Why you should see Oppenheimer before Barbie as part of your double feature,"I know some of us are going to see these two movies as a double feature, either in theaters or on streaming. I see that a lot of people are planning to watch Barbie first and then Oppenheimer, sort of as an appetizer before the main course.

And while I think that isn't a bad way to experience the two movies, I realized that seeing Oppenheimer first might make more narrative sense. Let me explain: Oppenheimer is a movie about human kind obtaining the God-like power to destroy everything in a short matter of time. It is about the changing of history, about the world becoming just a bit worse despite this miracle of science. It is a sterile, rather cold, and it is terrifying. 

And the thing is, it creates the world Barbie will have to confront. Barbie as a film has to find meaning and even beauty in this harsh reality. Is it possible? Is it worth even attempting? 

I will admit that the value of this viewing experience rests entirely on how good Barbie is as a film, but it's a risk worth taking if you plan on seeing these movies anyways.",2023-07-14T12:10:35,0,21,https://www.reddit.com/r/movies/comments/14zerbt/why_you_should_see_oppenheimer_before_barbie_as/,Barbie,Barbie
14ybsqt,movies,Greta Gerwig appreciation,"I've been making my way through Greta Gerwig's filmography ahead of Barbie next week which has been an absolute treat. I didn't catch Ladybird or Little Women when they came out (and have yet to see Nights and Weekends) and I've only just seen these in the last few weeks and I adore them both. They're very understated while watching them, to the point that when each film finished, I was a little underwhelmed at first, but I kept appreciating them more and more each day and I simply couldn't get them out of my head. 

I think it's a combination of the more subtle scripts, the understated scores and the incredible performances and direction, but I just don't think I've reacted fo any other director's work in the same way. 

The only other director I know of with a comparable vibe to their work is Noah Baumbach (had a really fun time discovering they're married), but if anyone knows of other directors with a similar style/vibe, please let me know",2023-07-13T05:29:45,6,7,https://www.reddit.com/r/movies/comments/14ybsqt/greta_gerwig_appreciation/,Barbie,Barbie
14wnimd,movies,"MTRCB allows the screening of ""Barbie"" movie in the Philippines as it found ""no clear nor outright depiction of 9-dash line"" in the film. | via Jauhn Etienne Villaruel, ABS-CBN News",,2023-07-11T10:33:36,133,76,https://news.abs-cbn.com/entertainment/07/11/23/mtrcb-allows-barbie-screening-in-ph-amid-controversy/?utm_campaign=sharedpos,Barbie,Barbie
14w204h,movies,What other double feature odd couple would’ve been wild to watch back to back if they were released in theaters together like Barbie and Oppenheimer?,"What other double feature odd couple would’ve been wild to watch back to back if they were released in theaters together like Barbie and Oppenheimer? What would the merged title be (like Barbieheimer)

My vote goes to Zodiac and The 40 Year Old Virgin.  Merged title: Zodivirgin

They could be films from totally different decades as long as they‘re very different and make for a wild double feature.",2023-07-10T18:27:44,0,5,https://www.reddit.com/r/movies/comments/14w204h/what_other_double_feature_odd_couple_wouldve_been/,Barbie,Barbie
14vw35q,movies,"It's not nearly as funny as the movie it unofficially remakes, but 2001's ""Rat Race"" has a lot of hilarious parts to recommend it.","It's common knowledge that this film is basically a remake of ""It's a Mad Mad Mad Mad World"", having a bunch of disparate characters racing each other for a hidden treasure and leaving all sorts of chaos in their wake. Understandably, it doesn't have the massive talent or resources that epic comedy had, but is it still funny? Yes, especially these parts:

1. John Cleese completely in his element as the Vegas casino magnate who sets up the whole thing. Think Basil Fawlty if he was a billionaire. (The character is even named Donald Sinclair after Cleese's inspiration for ""Fawlty Towers."")

2. The running gag of Cleese and his high rolling buddies gambling on everything.

3. Kathy Bates's cameo. YOU. SHOULD. HAVE. BOUGHT. A. SQUIRREL.

4. Amy Smart's helicopter-themed revenge against her cheating boyfriend with poor Breckin Meyer along for the ride. (Seriously, Smart does great crazy here.)

5. Cuba Gooding Jr.'s character's subplot as an NFL ref hiding out in Vegas after blowing a coin flip call (inspired by the then recent Phil Luckett call in 1998).

6. Jon Lovitz and family stealing Hitler's car. Always make sure the Barbie Museum you're going to is correct, folks.

7. This line from Cleese when told he can't do this.

""I can do what I like. I'm eccentric! Rawl!""

Any others?

Edit: One other Cleese line.

""Uh, begin, commence, start moving...theoretically, you have been racing for about forty seconds so far and so far Mr. Schaefer is winning because he's nearest to the door!""",2023-07-10T14:46:36,8,20,https://www.reddit.com/r/movies/comments/14vw35q/its_not_nearly_as_funny_as_the_movie_it/,Barbie,Barbie
14pldrc,movies,Christine Vachon On The Banned Barbie Film She Made With Todd Haynes — KVIFF,,2023-07-03T14:58:19,18,3,https://deadline.com/2023/07/christine-vachon-barbie-todd-haynes-kviff-1235429136/,Barbie,Barbie
14mhztz,movies,Barbenheimer,"Since I've heard so much talk about Barbenheimer (an Oppenheimer/Barbie double feature) I'm wondering if there has ever been an earlier instance in where two films released around the same time were viewed by audiences as a natural double feature?  I don't recall this ever happening before...

&amp;#x200B;",2023-06-29T22:04:45,16,42,https://www.reddit.com/r/movies/comments/14mhztz/barbenheimer/,Barbie,Barbie
14l7dk4,movies,Margot Robbie Reveals How Iconic ‘Barbie’ Foot Scene Was Filmed,,2023-06-28T11:49:10,0,13,https://www.hollywoodreporter.com/movies/movie-news/margot-robbie-how-barbie-foot-scene-filmed-1235525064/#,Barbie,Barbie
148vtlh,movies,"New MPA/CARA Ratings and Reasons for the Week of Wednesday June 13, 2023","
PG

**A Million Miles Away** (for thematic elements and language.) Amazon Studios

**The League (DOCUMENTARY)** (for thematic content involving racism, a racial slur, some violent images, and smoking.) Magnolia Pictures


___________________________________________________________________________________________________________________________________________________________________________

PG-13

**Barbie** (for suggestive references and brief language.) Warner Bros. Pictures

**Birthright Outlaw** (for violence.) AFFIRM Films

___________________________________________________________________________________________________________________________________________________________________________


R

**After Everything** (for sexual content and language.) Amazon

**Alien Extinction** (for bloody violent content and some language.) Grindstone Entertainment Group

**A Look In The Rear View** (for crude sexual content and language.) That Don’t Fly, L.L.C.

**Deltopia** (for teen drug and alcohol use throughout, sexual content and pervasive language.) Grindstone Entertainment Group

**Kokomo City (DOCUMENTARY)** (for strong sexual content, graphic nudity, language throughout, and drug use.) Magnolia Pictures

**May December (SUBTITLED)** (for some sexual content, graphic nudity, drug use and language.) Netflix, Inc.

**Nightbitch** (for language and some sexuality.) Searchlight Pictures, Inc.

**Old Dads** (for pervasive language, sexual material, nudity, and brief drug use.) Netflix, Inc.

**Shortcomings** (for language throughout, sexual material and brief nudity.) Sony Pictures Classics

**The Retirement Plan** (for violence and pervasive language.) Falling Forward Films

**Totally Killer** (for bloody violence, language, sexual material, and teen drug/alcohol use.) Amazon Studios",2023-06-14T02:09:57,1,0,https://www.reddit.com/r/movies/comments/148vtlh/new_mpacara_ratings_and_reasons_for_the_week_of/,Barbie,Barbie
13rlhqf,movies,What remaining Summer Movies are you most excited about?,"This summer seems to have a much better lineup than years past. I know we already started the summer releases, but what are y'all most excited about? There are some good indie films coming out too, but I typically wait for home release on those. I'm talking about what you NEED to see in theaters this summer. Here's what I think are some of the bigger releases coming up this summer. (In release order):

The Little Mermaid

Spider-Man: Across the Spider-Verse

Transformers: Rise of the Beasts

The Flash

Elemental

Asteroid City

No Hard Feelings

Indiana Jones and the Dial of Destiny

Joy Ride

Mission: Impossible – Dead Reckoning Part One

Oppenheimer

Barbie

Haunted Mansion

Teenage Mutant Ninja Turtles: Mutant Mayhem

The Meg 2: The Trench",2023-05-25T15:57:30,3,25,https://www.reddit.com/r/movies/comments/13rlhqf/what_remaining_summer_movies_are_you_most_excited/,Barbie,"Barbie, Spider-Man: Across the Spider-Verse"
12vsrty,movies,ISO Recommendations,"I am in search of movie and tv recommendations. Based off what I have been watching as of late, I think I like movies and shows that are historically accurate, or period films. I know I like learning about events in history, and could even watch more educational shows or docu-series, or dramatised show based off real events. It seems I also like light-hearted, easy-going movies. Also traditional comedy or romance. Then sometimes scary.

One thing that I could do without in these that I've seen so far is the ""traumatic childhoods and/or traumatic backgrounds of characters"", I don't always need that as it feels too preachy, lecturing, passive aggressive, and depressing. Nonetheless,

&amp;#x200B;

This is what I have watched most recently

\-Emily

\-The Witch

\-Cinderella (live action)

\-Frozen

\-Yellowjackets (tv)

\-The Wilds (tv)

\-Air

\-Champions

\-Stand Up Comedy (John Mulaney)

\-Pride and Prejudice

\-The Paradise (tv)

\-The School of Good and Evil

\-Angus, Thongs, and Perfect Snogging

Planning to watch soon: Renfield, Barbie, Mirando Al Cielo

&amp;#x200B;

Youtube topics I'm currently watching:

\-SNL shorts

\-comedians on youtube/comedy shorts

\-movie analysis or actor/director/writer interviews

\-physical therapy

\-life/socializing/relationships

\-anthropology

\-history

\-psychology

\-learn something new

\-haircare/skincare

\-nature and culture shows

&amp;#x200B;

To give you more of a feel of my personality:

\-Music I listen to: nature sounds, classical, yoga music, podacasts, and pop

\-Current favorite colors: brown, blue, yellow, green, orange, and baby pink

\-Activities I'm currently into: horse riding, skateboarding, pickleball, going to parks/sitting in grass, fashion/shopping/skincare/haircare, history, health, socializing, mindfulness, theatre, lakes/the beach, animals, knitting, and building things",2023-04-23T02:42:53,0,3,https://www.reddit.com/r/movies/comments/12vsrty/iso_recommendations/,Barbie,Barbie
16dhw0d,movies,Every Year's Highest Grossing Movie Since 1977 Ranked by Letterboxd Ratings,"2008: The Dark Knight - 4.5 (2.68M Members)

2003: The Lord of the Rings: The Return of the King - 4.5 (1.51M Members)

1980: Star Wars: Episode V - The Empire Strikes Back - 4.4 (1.67M Members)

2002: The Lord of the Rings: The Two Towers - 4.4 (1.47M Members)

1977: Star Wars: Episode IV - A New Hope - 4.2 (1.86M Members)

1994: The Lion King - 4.2 (1.77M Members)

1981: Indiana Jones and the Raiders of the Lost Ark - 4.2 (1.12M Members)

1995: Toy Story - 4.1 (2.02M Members)

2023: Barbie - 4.1 (1.71M Members)

1993: Jurassic Park - 4.1 (1.69M Members)

2010: Toy Story 3 - 4.0 (1.55M Members)

2004: Shrek 2 - 4.0 (1.45M Members)

1983: Star Wars: Episode VI - Return of the Jedi - 4.0 (1.44M Members)

1979: Kramer vs. Kramer - 4.0 (143k Members)

2018: Avengers: Infinity War - 3.9 (2.43M Members)

2019: Avengers: Endgame - 3.9 (2.31M Members)

2021: Spider-Man: No Way Home - 3.9 (2.12M Members)

2011: Harry Potter and the Deathly Hallows: Part 2 - 3.9 (1.63M Members)

1982: E.T. the Extra-Terrestrial - 3.9 (1.2M Members)

1992: Aladdin - 3.9 (1.02M Members)

1991: Beauty and the Beast - 3.9 (891k Members)

1988: Who Framed Roger Rabbit - 3.9 (441k Members)

1997: Titanic - 3.8 (2M Members)

2005: Harry Potter and the Goblet of Fire - 3.8 (1.68M Members)

1990: Home Alone - 3.8 (1.65M Members)

2001: Harry Potter and the Sorcerer's Stone -3.7 (1.93M Members)

2012: The Avengers - 3.6 (2.05M Members)

2016: Captain America: Civil War - 3.6 (1.77M Members)

2022: Avatar: The Way of Water - 3.6  (1.14M Members)

1989: Batman - 3.6 (582k Members)

2009: Avatar - 3.5 (1.94M Members)

2006: Pirates of the Caribbean: Dead Man's Chest - 3.5 (999k Members)

1978: Grease - 3.4 (854k Members)

2020: The Eight Hundred - 3.4 (6k Members)

2015: Star Wars: Episode VII - The Force Awakens - 3.3 (1.71M Members)

2013: Frozen - 3.3 (1.42M Members)

2007: Pirates of the Caribbean: At World's End - 3.3 (836k Members)

1986: Top Gun - 3.6 (774k Member)

1984: Beverly Hills Cop - 3.6 (192k Members)

1996: Independence Day - 3.3 (478k Members)

1985: Out of Africa - 3.3 (54k Members)

2017: Star Wars: Episode VIII - The Last Jedi - 3.0 (1.44M Members)

1998: Armageddon - 3.0 (293k Members)

1987: Three Men and a Baby - 3.0 (53k Members)

1999: Star Wars: Episode I - The Phantom Menace - 2.8 (1.32M Members)

2000 : Mission: Impossible II - 2.6 (380k Members)

2014: Transformers: Age of Extinction - 1.9 (271k Members)",2023-09-08T18:17:07,0,12,https://www.reddit.com/r/movies/comments/16dhw0d/every_years_highest_grossing_movie_since_1977/,Barbie,Barbie
15bdsv9,TrueFilm,Barbie (2023) is about garbage,"I think that Barbie is about garbage.  In as much as garbage equals death.  When we are first introduced to Barbieland we see that Barbie awakens to a perfect day.  She looks around and waves greetings to her neighbor Barbies.  When she looks down, she sees the garbage collector Barbies collecting the garbage and I think this is the first symbolism we get of death.  For what is death to a barbie doll but being thrown in the garbage.  Additionally, during this scene the opening credits are running, and we See a large “America” superimposed over the garbage cans being wheeled away by Garbage worker Barbie.  I think this is subtly introducing us to some ideas about death that are not literal but maybe that some ideas are dead, such as the death of the American dream.  As Barbie goes throughout her day, she throws a huge party, and she blurts out about having thoughts about death. She plays it off but the last thing we see that night is Barbie going to sleep announcing that she is not thinking about death.  

The next morning the song happens and the same scene of waving hello to the neighborhood happens.  This time when Barbie looks down at the Garbage collections, we hear the song remind us about “inescapable thoughts on death” as they show the garbage being collected.  This reinforces some unease in barbie, as the garbage represents her ultimate end as an object, she also realizes that her feminist utopia cannot exist because no Barbies would be a garbage collectors. In realty, only around 15% of sanitation workers are female and as that job is one of our “society requires it” jobs that are mostly done by males. So here again garbage is used to indicate the death of an idea of the dream world of Barbieland.  We are reminded of this again when Barbie goes to the real world, and she seeks out feminine energy from a group of construction workers only to find that there are no women here as construction workers in American only make around 15% female.  Barbie is beginning to understand that the “real world” requires men to do some tasks and not just be “superfluous” as she describes Ken.  Ultimately, when barbie returns to Barbieland she realizes that Ken has turned Barbie land into an equally delusional representation of patriarchy as Barbieland was originally about a feminist utopia.  Once they “right the ship” and return Kendom to the feminist Barbieland, President Barbie verbalizes that they really can’t go back to the way things were.  She then turns to Weird Barbie and offers her inclusion in her cabinet.  Weird Barbie jumps at the chance to oversee Sanitation because she wants to control the garbage as she, as a weird Barbie, is at any time, moments away from being thrown in the trash and becoming garbage. She wants to be the gatekeeper to that outcome for herself as well as the idea of what feminism/barbieland is and should be, lest it become a parody of itself and be relegated to the garbage bin of history . Of course Barbie now realizes the delusion of it all and just wants to leave the cognitive dissonance behind that is Barbieland for the more tolerable cognitive dissonance of being a women in what is a dead American dream, in a dying empire, in a dying world and all she wants is some control of her body to navigate the upcoming collapse of America as foretold by Weird Barbie when she says the “state of Los Angeles” in the “country of California”.  And of course, all this impending death was brought about by western overconsumption such as the lifestyle espoused by Barbie the product.  In the end Barbie is about the death of dreams and setting reasonable aspirations and expectations for our current and future reality.",2023-07-27T21:17:04,109,39,https://www.reddit.com/r/TrueFilm/comments/15bdsv9/barbie_2023_is_about_garbage/,Barbie,Barbie
16vkpej,movies,What would be the most bizarre double feature possible?,"Double features are movie events in which two different movies are shown one after the other. This could give interesting experiences, for one example, look at Barbenheimer, it turn two completely opposite films in a single cultural phenomenon in the zeitgeist, through pure irony and Curiosity.

Next we'll have Saw Patrol, we'll see if that works, although all things point it won't work as well.

Mine is Blue is the Warmest Color and Man of Steel and called Blue Steel.

Say what would be the most bizarre double feature possible.",2023-09-29T19:20:30,0,25,https://www.reddit.com/r/movies/comments/16vkpej/what_would_be_the_most_bizarre_double_feature/,Barbie,Barbie
160ip4r,movies,what are some barbenheimer situations we could see in the future?,"what future barbenheimer situations do you think we could see in the future? movies released on the same date that are the complete opposite of each other tonally. 

one that i think could happen is next year with kung fu panda 4 and a quiet place day one. both are releasing on march 8 and are pretty different from each other. that might be it.",2023-08-24T23:55:18,0,17,https://www.reddit.com/r/movies/comments/160ip4r/what_are_some_barbenheimer_situations_we_could/,Barbie,Barbie
15pm918,movies,Which future movies do you see everyone talking about?,"What I mean everyone talking about, I mean on the level of Barbenheimer, Avengers: Infinity War and Endgame, Spider Man NWH, Minions: Rise Of Gru level. These are the movies that I have right here I could see being that. Snow White, Kung Fu Panda 4, Deadpool 3, Inside Out 2, Despicable Me 4, Captain America: Brave New World, BeetleJuice 2, Joker: Folie a Deux, Wicked, Minecraft, Superman: Legacy, The Batman Part 2, Avatar 3, Avengers: Kang Dynasty and Secret Wars, Spider Man: Beyond The Spider Verse, Spider Man 4. What y’all think?",2023-08-13T01:57:18,0,19,https://www.reddit.com/r/movies/comments/15pm918/which_future_movies_do_you_see_everyone_talking/,Barbie,"Barbie, Spider-Man: Across the Spider-Verse"
15fcc13,movies,‘Barbenheimer’ Fever… and Then What? How Major Film Delays Amid the Strikes Could Damage the Movie Business,,2023-08-01T13:16:06,0,7,https://variety.com/2023/film/news/movie-delays-strike-barbenheimer-1235683946/,Barbie,Barbie
15e9ate,movies,Not really seeing any movies to look forward to after Barbenheimer.," Anyone else think this? Feels like to me there's nothing more to look forward to in terms of good movies coming out to watch in the theater. I mean I guess there's Dune part 2 and the meg 2 coming out but I don't really see any good movies coming out. I'm not talking about like MCU movies or DC movies, although those are good too, I'm talking about good standalone passionately crafted movies. Don't mean to sound like a purist but yeah 😅. If you know any please lmk! ",2023-07-31T07:39:45,0,22,https://www.reddit.com/r/movies/comments/15e9ate/not_really_seeing_any_movies_to_look_forward_to/,Barbie,Barbie
15a8y1t,movies,"Is Barbenheimer A Last Hurrah? Studios, Theaters Brace For Tentpole Havoc If Strikes Linger Into Fall, Which May Impact Release Dates - Cinema owners are scrambling to figure out whether major studios will make drastic changes to upcoming release calendars with no labor resolution, sources say.",,2023-07-26T15:30:43,0,3,https://www.hollywoodreporter.com/movies/movie-news/release-dates-movies-2023-fall-strike-1235545225/,Barbie,Barbie
15a496w,movies,Why does Disney think anyone wanted more Haunted Mansion or Indiana Jones movies?,"I feel like I have a pretty good internal compass for how well a movie is going to do. Im sure a lot of the people on a sub like this that follow the industry and the discussion around things feel the same. I’m not saying I can predict every grassroots, word of mouth traveling, specific community driven thing that becomes big like Sound of Freedom. If it’s a big studio film though, I know if people are going to go see it just from the initial trailers and buzz, and I can smell a bomb from a mile away. I knew when I first saw the Haunted Mansion trailer and poster in a local theater several months ago that it was going to do badly. That was even before I realized it came out a week after Barbenheimer. If I can see it, how do studios like Disney keep making these same mistakes?

Disney’s track record this year is pretty dismal. The fever over Marvel and Star Wars has finally broken. Elemental and Indiana Jones were big busts. Now Haunted Mansion with a $157M budget is being projected to get beaten easily by Barbenheimer. In each case, the trailer for these films were uninspiring. Indy 5 and Haunted Mansion being particularly bad as their prior film entries were not beloved and I got no sense that anyone wanted more. 

I’m sure Disney hopes Eddie Murphy’s Haunted Mansion was forgotten and it probably has been, but who wants theme park ride inspired movies and not the other way around? Do they honestly believe anyone saw Pirates of the Caribbean because of the ride and not because of Johnny Depp’s performance? Like this is actually a model they believe can be repeated if they give it another go?

I’m hoping this is the start of a period of more original IP. I did just want people’s takes on this. How do things like this get approved? What do you honestly think the studio heads saw in this or doing yet another Indy movie. If the internet knows instinctively that there is no demand for something, how can this studio not figure that out as well?",2023-07-26T12:17:28,0,68,https://www.reddit.com/r/movies/comments/15a496w/why_does_disney_think_anyone_wanted_more_haunted/,Barbie,Barbie
1574q2q,movies,What are some films that helped you grieve?,"My husband and I lost our cat yesterday morning after a years long struggle with various health conditions; and while our proclivity for media consumption is at an all time low during this period, eventually we’re going to be diving into movies again (in fact, we bought tickets to “Barbenheimer” weeks ago and are reluctantly going tomorrow), so now we are looking for some recommendations to help us during our grieving process when we eventually can find the focus at home to consume new content again.",2023-07-23T04:20:10,7,20,https://www.reddit.com/r/movies/comments/1574q2q/what_are_some_films_that_helped_you_grieve/,Barbie,Barbie
15674xz,movies,‘Barbenheimer’ Is a Huge Hollywood Moment and Maybe the Last for a While,,2023-07-22T02:03:06,15286,1922,https://www.nytimes.com/2023/07/21/movies/barbenheimer-strike.html?smid=nytcore-ios-share&amp;referringSource=articleShare,Barbie,Barbie
153zj13,movies,Perfect order to watch Barbie/Oppenheimer,"Aftter spending alot of time thinking over it.
This is the order I will be watching it in

TLDR: the perfect sequence is BOOB 😏


Friday: 

1) Barbie -  morning show ( 8:45 am)

2) Oppenheimer - night show ( 7:30 pm) 

(I get to experience  the ""barbenheimer"" meme  on release day without skipping work) 

Saturday: 

Rest day. 
Will think over the despair caused by Oppenheimer the previous night. 

Sunday:

3) Oppenheimer - morning show (8:00 am)

4) Barbie - noon show (1:45 pm)

(Watching them with a lunch break in between)


Why is this the perfect watch sequence? 
1) It resolves the conflict of which movie to watch first,  as I can watch each of them first on separate days. 

2) Happy beginning and ending(Barbie) with despair(Oppenhimer)  sandwiched in between.

3) Who doesn't like BOOB(s)",2023-07-19T16:19:13,0,19,https://www.reddit.com/r/movies/comments/153zj13/perfect_order_to_watch_barbieoppenheimer/,Barbie,Barbie
16pqnuz,boxoffice,Would Barbie have still become the highest grossing movie of the year without Barbenheimer?,"The Barbenheimer cultural phenomenon definitely drew a lot of attention for both Barbie and Oppenheimer and allowed them to make huge amounts of money. 

Barbie managed to beat Super Mario Bros to become the highest grossing movie of 2023, and before it came out, I remember this sub saying no movie would be able to do that.

How much would you say Barbenheimer boosted Barbie’s box office? I think it helped Oppenheimer more and Barbie still would have made at least $1 billion if it had the same July release and Oppenheimer released closer to the Oscar’s season. 

Could it have still become the biggest movie of the year without the internet phenomenon?

[View Poll](https://www.reddit.com/poll/16pqnuz)",2023-09-23T00:51:17,11,21,https://www.reddit.com/r/boxoffice/comments/16pqnuz/would_barbie_have_still_become_the_highest/,Barbie,Barbie
16efxoi,boxoffice,"BOT Update for Taylor Swift: The Eras Tour (T-34, September 9).","Here's a summary of the some of the most important info.  I'm not including the tracker numbers due to how different this movie's genre, release strategy, and pricing strategy is from any other blockbuster.  All we can say with certainty is that the opening is going to be big.

- [Porthos](https://forums.boxofficetheory.com/topic/31569-the-box-office-buzz-and-tracking-thread-were-in-our-summer-2023-era/?do=findComment&amp;comment=4586973) thinks the ATP is likely to be 50%+ higher compared to MCU movies in mid-late 2022.   

- Low presale growth almost everywhere for the last couple of days.  Unsurprising given the almost total lack of marketing and promotion after the initial presales.  

- [M37 compared ZackM's Barbenheimer numbers at MTC1 on Friday after 6PM to TET.](https://forums.boxofficetheory.com/topic/31569-the-box-office-buzz-and-tracking-thread-were-in-our-summer-2023-era/?do=findComment&amp;comment=4587514)  I highly recommend reading their full comment since there is a lot of valuable data and analysis.  

- vafrow: In Canada, it appears that all pre-6:00PM showtimes have been eliminated despite it seeming like they had sold many tickets.  If true, the earliest domestic showings will start at 6PM EST on Friday, October 13th.  [Comment 1](https://forums.boxofficetheory.com/topic/31569-the-box-office-buzz-and-tracking-thread-were-in-our-summer-2023-era/?do=findComment&amp;comment=4587488) [Comment 2](https://forums.boxofficetheory.com/topic/31569-the-box-office-buzz-and-tracking-thread-were-in-our-summer-2023-era/?do=findComment&amp;comment=4587569)",2023-09-09T20:31:55,33,37,https://www.reddit.com/r/boxoffice/comments/16efxoi/bot_update_for_taylor_swift_the_eras_tour_t34/,Barbie,Barbie
16dx3t2,boxoffice,Taylor Swift Could Deliver This Fall's Barbenheimer At The Box Office,,2023-09-09T05:14:51,80,49,https://www.slashfilm.com/1387258/taylor-swift-eras-tour-barbenheimer-box-office/,Barbie,Barbie
16ddkcr,boxoffice,‘Barbenheimer’ and Chinese Movies Speed Up Global Box Office Recovery,,2023-09-08T15:26:45,1,0,https://variety.com/2023/film/news/barbie-oppenheimer-global-box-office-recovery-1235717398/,Barbie,Barbie
168hx94,boxoffice,‘Barbenheimer’ Powered U.K. Box Office to $132 Million in August,,2023-09-02T23:55:32,29,0,https://variety.com/2023/film/box-office/barbie-oppenheimer-august-2023-box-office-uk-1235710739/,Barbie,Barbie
167fhih,boxoffice,"After the Summer Box Office about to hit $4B with Barbenheimer bringing back Audiences, The Fall Movie Season is about to be different because of the ongoing WGA and SAG-AFTRA strikes.","Following the box office summer hits of Barbie, Oppenheimer and Spider Verse which hit $4B, the fall season will be different because of the ongoing Writers and Actors Strikes. Because of the ongoing strikes, actors and writers are not allow to promote projects during the strikes which also means that it would also affect the box office numbers.

This fall, it has some big movies coming up such as The Equalizer 3, The Nun 2, The Exorcist Believer, Killers of the Flower Moon, Five Nights and Freddy’s, The Marvels, The Hunger Games TBOSAS, Wish, Wonka, Aquaman 2 and The Color Purple. 

With Challengers, Drive Away Dolls, Dune Part Two, Kraven The Hunter, Ghostbusters Afterlife Sequel and some delayed due to the ongoing SAG-AFTRA and WGA strikes, some big movies coming in late 2023 could get push back to 2024 because actors would not be allowed to participate to promote projects.

What do you think about the upcoming fall season of movies? Could some get delayed because of the strikes or keep those dates without actors being able to promote if the strikes continues into the fall?",2023-09-01T18:48:29,36,13,https://www.reddit.com/r/boxoffice/comments/167fhih/after_the_summer_box_office_about_to_hit_4b_with/,Barbie,Barbie
165l07u,boxoffice,How would MI7 have done if it removed “Part One” from the title and Barbenheimer didn’t exist?,"It had the biggest opening in the franchise, but its legs were killed when Barbie and Oppenheimer came out the following weekend. You can also argue that labeling it as Part One, despite being relatively self-contained and also being a very good movie, turned some people off. 

Now it is a flop, especially due to the high budget of almost $300 million. It has only made a bit over $550 million worldwide and it is impossible (pun intended) for it to get to $600 million. 

How would this movie have done if still released on July 12th and was simply titled Mission Impossible: Dead Reckoning? The second part would presumably have a different title in this scenario. Also assuming Barbenheimer wasn’t a thing (Perhaps Warner Bros moves Barbie to Blue Beetle’s spot in August and Oppenheimer releases closer to the end of the year for Oscars season)

How would the movie have done at this point?",2023-08-30T17:28:13,3,39,https://www.reddit.com/r/boxoffice/comments/165l07u/how_would_mi7_have_done_if_it_removed_part_one/,Barbie,"Barbie, Mission: Impossible – Dead Reckoning Part One"
164xjig,boxoffice,‘Barbenheimer’ Continues U.K. Box Office Rule for Sixth Week,,2023-08-29T23:05:09,1,0,https://variety.com/2023/film/box-office/barbie-oppenheimer-uk-box-office-sixth-week-1235706926/,Barbie,Barbie
164x8xq,boxoffice,France box office (August 23-27),https://www.boxofficepro.fr/box-office-week-end-anatomie-d-une-chute-barbenheimer/,2023-08-29T22:53:36,5,2,https://i.redd.it/8vjuonusp4lb1.jpg,Barbie,Barbie
163oe6j,boxoffice,Will there ever be a point where two movies released in the same week both gross over a billion,"Barbenheimer is the closest that we have ever gotten with Barbie already well passed it and Oppenheimer looking to finish in the 900 million range

[View Poll](https://www.reddit.com/poll/163oe6j)",2023-08-28T14:59:14,7,28,https://www.reddit.com/r/boxoffice/comments/163oe6j/will_there_ever_be_a_point_where_two_movies/,Barbie,Barbie
162zcbz,boxoffice,"‘Barbenheimer’ Double Bill Brings Hope To UK Cinemas, With Summer Takings At Pre-Covid Levels",,2023-08-27T19:22:36,5,0,https://deadline.com/2023/08/barbie-oppenheimer-hope-uk-cinemas-ticket-sales-130million-pounds-1235529069/,Barbie,Barbie
162omyo,boxoffice,🇩🇪 on Friday Barbenheimer has passed 8 million admissions in Germany,Source: https://twitter.com/MarkGInsideKino/status/1695299864953786664?t=xGg_94vpZMHxOtQo1gG47A&amp;s=19,2023-08-27T12:04:38,8,0,https://i.redd.it/olg7sny68nkb1.jpg,Barbie,Barbie
162kvdl,boxoffice,🇫🇷 BARBIE and OPPENHEIMER remain no. 1 and 2 for sixth Saturday in France box office!,Source: https://twitter.com/boxofficefr/status/1695712901732982929?t=bSDH6Z-Mp-mJK5JEU51xgw&amp;s=19,2023-08-27T08:35:25,49,11,https://i.redd.it/81p3es5v6mkb1.jpg,Barbie,Barbie
15zqr6o,boxoffice,France box office (August 16-22),https://www.boxofficepro.fr/box-office-hebdo-barbenheimer-indeboulonnable/,2023-08-24T03:58:00,4,0,https://i.redd.it/5ivykn4nezjb1.jpg,Barbie,Barbie
15zlbfr,boxoffice,Summer box office 2023: what were the big hits and misses? 🎟️ It was the season of Barbenheimer but also one that saw some of the costliest flops that the industry has ever seen,,2023-08-23T23:57:44,8,3,https://www.theguardian.com/film/2023/aug/23/summer-movie-reviews-box-office-barbie-oppenheimer,Barbie,Barbie
15ycwg8,boxoffice,"Down-to-the-Wire: Summer Box Office Revenue Could Hit $4B in North America After All - Movie ticket sales for the season were running 7 percent behind last summer until Barbenheimer came along. Now, domestic revenue is up by nearly 17 percent in an impressive turnaround.",,2023-08-22T17:41:40,52,6,https://www.hollywoodreporter.com/movies/movie-news/summer-box-office-revenue-could-hit-1235571536/,Barbie,Barbie
15y13r7,boxoffice,'Barbenheimer' Rules U.K. and Ireland Box Office for Fifth Weekend,,2023-08-22T09:56:03,23,2,https://variety.com/2023/film/box-office/barbie-oppenheimer-blue-beetle-uk-box-office-1235701849/,Barbie,Barbie
15xfosw,boxoffice,Why are so many people retroactively claiming that MI7 underperformed due to its perceived quality?,"So, ever since MI7 came out, and subsequently underperformed, I've noticed a number of people on the sub say that it didn't do well because the movie was actually not very well received.

However, upon any investigation, this seems to be anything but the truth.

The Rotten Tomatoes verified audience score is really high at 94% which is more than that of Fallout (but, to be fair, Fallout came out before verified rt views were a thing

The cinemascore is tied with Fallout as the best of the franchise. 

And, obviously this is anecdotal, but I've heard literally nothing but praise for this movie from anyone I know that has seen it.

The only actual reason that I can reasonably point out for the underperformance are:

a) Barbenheimer 
b) The Marketing wasn't great.

If I'm not mistaken, Barbenheimer was the most successful weekend at the box office since Endgame, which makes me feel as though that really is the one big factor.

I am curious tho, how much better would the movie have done if it came out in December like Ghost Protocol? Maybe it'd have benefited from those holiday legs.

EDIT: Guys, I'm not asking about your own personal opinions of the movie, I'm simply asking if there's absolutely any actual data or proof that general audiences didn't think the movie was great.",2023-08-21T18:25:20,363,362,https://www.reddit.com/r/boxoffice/comments/15xfosw/why_are_so_many_people_retroactively_claiming/,Barbie,"Barbie, Mission: Impossible – Dead Reckoning Part One"
15x6a9c,boxoffice,"[Portugal] Barbie and Oppenheimer still dominate after 5 weekends, with Barbie becoming the 11th most watched movie of all time and the 7th highest grossing one; Blue Beetle dead on arrival","I wasn't planning on commenting Blue Beetle, but the numbers were pretty shocking for a 4-day weekend.

&amp;#x200B;

 **WEEKEND PERFORMANCE:**

||€|Spectators|
|:-|:-|:-|
|**Barbie**|187.080,93 €|31.824|
|**Oppenheimer**|196.539,48 €|28.423|
|**Blue Beetle**|101.193,04 €|16.577|

For comparison,

* **Ant-Man 3** opened with *312.842,46 €* and *47.025* spectators
* **Across the Spider-Verse** opened with *293.607,82 €* and 47.948 spectators
* **The Flash** opened with *155.198,34 €* and *23.740* spectators
* **Shazam 2** opened with *113.326,61 €* and *17.945* spectators

Shazam 2 was removed from theaters after 6 weekends. Its opening weekend was the strongest and it never recovered.

&amp;#x200B;

**BARBENHEIMER 5-WEEKENDS PERFORMANCE:** 

https://preview.redd.it/typjsf37hgjb1.png?width=1114&amp;format=png&amp;auto=webp&amp;s=5883fb139a0a153ed7f46048a19ccd2b45f02a58

 

**2023 RANKING OF THE MOST WATCHED FILMS (01-01-2023 to 20-08-2023):**

1. **Barbie - 778.562** 🔵
2. Fast X - 689.139
3. Avatar: The Way of Water - 466.193 (2023 portion, 18 weeks)
4. The Super Mario Bros. Movie - 459.560
5. **Oppenheimer - 429.312** 🟠
6. The Little Mermaid - 366.463
7. Mission: Impossible - Dead Reckoning Part One - 325.789
8. Elemental - 309.351

 **RANKING OF THE MOST WATCHED FILMS** **OF ALL TIME (2004-PRESENT):**

1. The Lion King (2019) - 1.281.657 
2. Avatar - 1.257.370 
3. Avatar: The Way of the Water - 1.062.794 
4. Minions - 939.706 
5. Joker - 915.593 
6. Mama Mia! - 851.681 
7. Furious 7 - 832.947 
8. Shrek, the Third - 824.646 
9. Madagascar 2 - 813.802 
10. The Fate of the Furious - 788.434 
11. **Barbie - 778.562** 🔵
12. Shrek 2 - 771.963
13. A Gaiola Dourada (PT) - 761.113

&amp;#x200B;

**2023 RANKING OF THE HIGHEST GROSSING FILMS (01-01-2023 to 20-08-2023):**

1. **Barbie - 4.609.184,64 €** 🔵
2. Fast X - 4.273.096,88 €
3. Avatar: Way of the Water - 3.461.585,90 € (2023 portion, 18 weeks)
4. **Oppenheimer - 2.995.084,42 €** 🟠
5. The Super Mario Bros. Movie - 2.556.662,95 €
6. The Little Mermaid - 2.097.830,17 €
7. Mission: Impossible – Dead Reckoning Part 1 - 2.062.529,36 €
8. Indiana Jones and the Dial of Destiny - 1.759.374,63 €
9. Elemental - 1.687.093,31 €
10. Guardians of the Galaxy Vol. 3 - 1.367.336,28 €
11. Spider-Man: Across the Spider-Verse - 1.303.244,55 €

 **RANKING OF THE HIGHEST GROSSING FILMS OF ALL TIME (2004-PRESENT):**

1. Avatar: Way of the Water - 7.686.010,43 €
2. Avatar - 7.294.781,84 €
3. Lion King - 6.988.555,08 €
4. Joker - 5.067.595,46 €
5. Minions - 4.732.329,8 €
6. Shrek Forever - 4.610.747,88 €
7. **Barbie - 4.609.184,64 €** 🔵
8. Top Gun: Maverick - 4.492.884,62 €
9. Furious 7 - 4.424.341,34 €
10. The Fate of the Furious - 4.306.481,90 €
11. Fast X - 4.273.096,88 €
12. A Gaiola Dourada (PT) - 3.892.220,88 €
13. Avengers: Endgame - 3.886.801,24 €
14. Spider-Man: No Way Home - 3.861.416,32 €
15. Ice Age 3: Dawn of the Dinosaurs - 3.769.842,78 €

Oppenheimer should join the top 26 next weekend.",2023-08-21T12:28:51,70,6,https://www.reddit.com/r/boxoffice/comments/15x6a9c/portugal_barbie_and_oppenheimer_still_dominate/,Barbie,Barbie
15r4tno,boxoffice,Which movie benefitted more from the Barbenheimer craze?,"

[View Poll](https://www.reddit.com/poll/15r4tno)",2023-08-14T19:43:24,0,13,https://www.reddit.com/r/boxoffice/comments/15r4tno/which_movie_benefitted_more_from_the_barbenheimer/,Barbie,Barbie
15nlnff,boxoffice,Why didn't theaters do Barbenheimer double bill screenings?,"I'm guessing there is some kind of contractual issue that prevented it?

Would have made a lot of sense considering the demand that existed, charge double the usual ticket price and cut out the usual 30-45 minutes of wasted time between movies where they have to get everyone out, clean the screen and get the next people in.",2023-08-10T19:20:42,5,15,https://www.reddit.com/r/boxoffice/comments/15nlnff/why_didnt_theaters_do_barbenheimer_double_bill/,Barbie,Barbie
15lpvcd,boxoffice,"Did ""Barbenheimer"" help Oppenheimer at the box office? Barbie? Both? Neither?","The whole ""Barbenheimer"" thing was fun, but did it actually have an effect on the box office?

In other words, if these two films had been released on different dates (which were somehow, hypothetically, equally open and conducive to their audiences), would they have done just as well? 

I don't think there's a world where either of these movies fail (barring some huge marketing or distribution mistakes) this summer. But would they have made less (or made it less quickly) if Barbenheimer didn't happen?

Or, conversely, is it possible that one or both would've made *more* had they been released on separate weekend?

I have no idea how one would even estimate this, but judging by the studios' attempts to Astroturf their own version of this (like ""[Saw Patrol](https://www.reddit.com/r/boxoffice/comments/156qujx/looks_like_paramount_and_lionsgate_are_trying_to/)""), they at least seem to think it's good marketing.

What do you guys think? Is there a way to estimate the effect of Barbenheimer?",2023-08-08T18:16:45,0,33,https://www.reddit.com/r/boxoffice/comments/15lpvcd/did_barbenheimer_help_oppenheimer_at_the_box/,Barbie,Barbie
15kuelz,boxoffice,FINAL - 3rd wknd global #boxoffice update on Barbenheimer: #Barbie : $459.4M domestic | $574.2M intl | $1.034B global #Oppenheimer: $229M | $327.2M | $556.2M #Barbenheimer: $688.4M | $901.4M | $1.59M Spectacular simultaneous run with $1.6 BILLION in tix sold...and counting!,,2023-08-07T19:27:10,38,0,https://twitter.com/giteshpandya/status/1688631906554753024?s=46,Barbie,Barbie
15jwzha,boxoffice,2023 distributors race at US #BoxOffice started AUG crossing $6B - just 1.4B away of beating 2022’s whole $7.4B race - &amp; saw #Barbenheimer push WB beyond 700M &amp; Universal over 1.3B! Distributors Top 5 YTD #Universal 1.32B #Disney 1.25B #WB 761.5M #Paramount 613.2M #Sony 594.6M,,2023-08-06T18:38:51,40,14,https://twitter.com/luiz_fernando_j/status/1688254056165175296?s=46,Barbie,Barbie
15jwtz0,boxoffice,"So far, after weekend 3, Barbenheimer has amassed nearly $1.6B Worldwide. What do you think the last milestone will be?","For reference: 50% drops for both from here on out get it to $2B (~$1.3B Barbie/~$700M Oppenheimer), which seems to be the floor considering Barbie/Oppenheimer have markets like Japan/South Korea still to open, so what would be your pick?

[View Poll](https://www.reddit.com/poll/15jwtz0)",2023-08-06T18:32:23,7,2,https://www.reddit.com/r/boxoffice/comments/15jwtz0/so_far_after_weekend_3_barbenheimer_has_amassed/,Barbie,Barbie
15iqln3,boxoffice,🇩🇪 Today BARBENHEIMER hits 5 million admissions.,,2023-08-05T08:59:03,26,3,https://i.imgur.com/CqFV3QX.jpg,Barbie,Barbie
15io2qa,boxoffice,🇬🇧🇮🇪 UK-Ireland box office preview: can ‘Meg 2: The Trench’ take a bite out of Barbenheimer?,,2023-08-05T06:30:43,4,2,https://www.screendaily.com/news/uk-ireland-box-office-preview-can-meg-2-the-trench-take-a-bite-out-of-barbenheimer/5184684.article,Barbie,Barbie
15ic9tf,boxoffice,Chris McQuarrie explains what went wrong with Mission Impossible 7,"I just listened to a recent episode of Al Horner's excellent [Script Apart](https://podcasts.apple.com/gb/podcast/script-apart/id1518622561) podcast, which felt like a confession from *MI7* director Chris McQuarrie   


McQuarrie describes filming the Rome chase scene with absolutely no idea why the chase was happening and shooting the first scene on their schedule without any clue what that scene would involve, except that it would take place on a rooftop  


They didn't know who the villain of the movie was or what that villain was doing, and worked that out as the shoot progressed   


McQuarrie explains that's always the way he and Cruise worked on their other, much more successful, collaborations, so none of the above *entirely* explains why #7 didn't connect with audiences the way #5 and #6 did   


Except maybe that if you keep pushing your luck like that eventually it'll run out   


Worth remembering in the context of our usual, more prosaic discussions about *Barbenheimer* and the loss of IMAX screens  


It's an interesting interview in general and worth a listen just to hear McQuarrie's metaphor that writing a screenplay is like pushing a rock up a hill and directing that screenplay is like running down the other side of that hill being chased by the same rock 

https://preview.redd.it/nocd29sft5gb1.png?width=480&amp;format=png&amp;auto=webp&amp;s=3da76f5f1dc763442e405585f8387ba8311c7662

 ",2023-08-04T21:20:48,364,390,https://www.reddit.com/r/boxoffice/comments/15ic9tf/chris_mcquarrie_explains_what_went_wrong_with/,Barbie,"Barbie, Mission: Impossible – Dead Reckoning Part One"
15hbm43,boxoffice,Is Missions Impossible: Dead Reckoning Part Two doomed to fail just like Part One?,"While releasing it a week before Barbenheimer definitely hurt Part One, I feel like it is also due to franchise fatigue since the series has gone on since the 90’s and this was the seventh movie. People had no interest, even though the movie was actually really good. Being only half a story also didn’t help. 

At this point, is Part Two doomed to a similar fate no matter what? Will it most likely be the last movie in the series, even if it originally wasn’t intended to be?

[View Poll](https://www.reddit.com/poll/15hbm43)",2023-08-03T18:18:41,14,42,https://www.reddit.com/r/boxoffice/comments/15hbm43/is_missions_impossible_dead_reckoning_part_two/,Barbie,Barbie
15h1dwo,boxoffice,"Barbenheimer is a sensation, Barbie &amp; Oppenheimer increased +33% &amp; +19% in their 2nd Weekends, Biggest Weekend since 2019, Oppenheimer passes Dunkirk, Indiana Jones and the Dial of Destiny beats Logan, Haunted Mansion bombs opening in 8th place, Talk to Me opens in 10th place - Germany Box Office","https://preview.redd.it/kc6n1q2vgvfb1.jpg?width=1296&amp;format=pjpg&amp;auto=webp&amp;s=a7ada0858cb1d87e07f9451a1111d0a0a46ff945

|Nr.|Film|Weekend Ticket Sales|Drop|Ticket Sales Total|Weekend|Theaters|Average|Final Total (Prediction)|
|:-|:-|:-|:-|:-|:-|:-|:-|:-|
|1|Barbie|826,431|\+33%|2,041,900|2|757|1,092|4M|
|2|Oppenheimer|600,976|\+19%|1,406,700|2|626|960|2.75M|
|3|Mission: Impossible - Dead Reckoning Part One|157,629|\-9%|801,263|3|683|231|1.1M|
|4|Elemental|149,303|\+29%|1,153,887|6|578|258|1.6M|
|5|Ladybug &amp; Cat Noir - The Movie|118,648|\+3%|779,440|4|664|179|1.1M|
|6|Lassie - A New Adventure|98,381|\-|116,784|New|566|174|500K|
|7|Indiana Jones and the Dial of Destiny|94,742|\-8%|1,124,674|5|461|206|1.325M|
|8|Haunted Mansion (2023)|67,321|\-|67,321|New|357|189|250K|
|9|Insidious - The Red Door|48,253|\-19%|366,856|4|340|142|425K|
|10|Talk to Me|28,564|\-|38,804|New|189|151|100K|
|11|No Hard Feelings|20,511|\-22%|445,412|6|260|79|500K|
|12|The Little Mermaid (2023)|16,699|\-17%|1,222,548|10|262|64|1.275M|
|13|Ruby Gillman, Teenage Kraken|16,572|\-4%|169,073|5|347|48|200K|
|14|The Super Mario Bros. Movie|15,472|\+9%|5,192,136|17|260|60|5.25M|
|15|Spider-Man - Across the Spider-Verse|11,094|\-30%|887,599|9|185|60|925K|
|16|L'immensità|9,046|\-|9,850|New|75|121|50K|
|17|Asteroid City|8,267|\-33%|212,616|7|134|62|240K|
|18|Mon chat et moi, la grande aventure de Rroû|7,542|\-17%|27,089|2|295|26|40K|
|19|Rumba Therapy|6,999|\+18%|117,379|6|101|69|140K|
|20|Die Unschärferelation der Liebe|6,483|\+3%|73,270|5|119|54|100K|

&amp;#x200B;

&amp;#x200B;

|Nr.|Film|Weekend Box Office|Drop|Box Office Total|Weekend|Theaters|Average|Final Total (Prediction)|
|:-|:-|:-|:-|:-|:-|:-|:-|:-|
|1|Barbie|€7,946,449|\+31.7%|€19,210,133|2|757|€10,497|€38M|
|2|Oppenheimer|€7,075,098|\+18.4%|€16,342,418|2|626|€11,302|€30M|
|3|Mission: Impossible - Dead Reckoning Part One|€1,768,564|\-10.9%|€9,119,865|3|683|€2,589|€12.75M|
|4|Elemental|€1,192,899|\+28.9%|€9,477,707|6|578|€2,064|€13M|
|5|Indiana Jones and the Dial of Destiny|€999,401|\-11.2%|€12,332,008|5|461|€2,168|€14.5M|
|6|Ladybug &amp; Cat Noir - The Movie|€919,316|\+1%|€6,156,903|4|664|€1,385|€9M|
|7|Lassie - A New Adventure|€756,923|\-|€894,113|New|566|€1,337|€3.5M|
|8|Haunted Mansion (2023)|€641,653|\-|€641,653|New|357|€1,797|€2.25M|
|9|Insidious - The Red Door|€485,327|\-18.2%|€3,633,209|4|340|€1,427|€4.2M|
|10|Talk to Me|€283,207|\-|€342,553|New|189|€1,498|€850K|
|11|No Hard Feelings|€201,684|\-22.3%|€4,189,822|6|260|€776|€4.6M|
|12|The Little Mermaid (2023)|€150,927|\-19.4%|€12,209,343|10|262|€576|€12.5M|
|13|The Super Mario Bros. Movie|€123,348|\+7.8%|€50,861,738|17|260|€474|€51.3M|
|14|Ruby Gillman, Teenage Kraken|€119,864|\-6.4%|€1,274,702|5|347|€345|€1.5M|
|15|Spider-Man - Across the Spider-Verse|€104,435|\-28.9%|€8,740,006|9|185|€565|€9.1M|
|16|L'immensità|€83,840|\-|€89,382|New|75|€1,118|€450K|
|17|Asteroid City|€75,189|\-34.7%|€1,950,627|7|134|€561|€2.25M|
|18|Rumba Therapy|€64,114|\+21.6%|€1,011,494|6|101|€635|€1.2M|
|19|Die Unschärferelation der Liebe|€57,530|\-0.4%|€642,143|5|119|€483|€850K|
|20|Mon chat et moi, la grande aventure de Rroû|€55,767|\-18.7%|€197,367|2|295|€189|€300K|

&amp;#x200B;",2023-08-03T11:21:31,233,36,https://www.reddit.com/r/boxoffice/comments/15h1dwo/barbenheimer_is_a_sensation_barbie_oppenheimer/,Barbie,Barbie
15gnhzh,boxoffice,I keep seeing people asking if X/X is the next Barbenheimer,"No. The reason Barbenheimer resonated so well is because it was an organic movement and both films turned out to be genuinely great. Any future “Barbenheimer-esque” double features will likely be sad attempts from studios to recapture the magic of Barbenheimer. Saw Patrol will not have any traction, and neither will any future studio manufactured double feature.",2023-08-02T23:26:24,595,115,https://www.reddit.com/r/boxoffice/comments/15gnhzh/i_keep_seeing_people_asking_if_xx_is_the_next/,Barbie,Barbie
15frrkv,boxoffice,What do you guys predict for the rest of the year?,"So, it's been well-established that this year has been....tumultuous insofar as box office results. This is a year of record highs for some films (most obviously the double-number of Barbenheimer) with now a dozen films which very publicly either flopped horribly or at least underperformed (with one, Elemental, which managed a minor miracle by *not* being a complete disaster through word-of-mouth). Which raises the question - what is going to be the fate for the rest of the movies this year? Which will succeed, which will fail, and which will die?

To wit, here's the rough list of major films left, barring delays through the strike:

* **Teenage Mutant Ninja Turtles: Mutant Mayhem**
* **The Meg 2: The Trench**
* **Gran Turismo**
* **Blue Beetle**
* **The Equalizer 3**
* **A Haunting In Venice**
* **The Expendables 4**
* **The Nun 2**
* **Saw X**
* **Killers of the Flower Moon**
* **Trolls Band Together**
* **Five Nights at Freddy's**
* **Dune: Part Two**
* **Napoleon**
* **The Hunger Games: The Ballads of Songbirds and Snakes**
* **The Marvels**
* **Wish**
* **Wonka**
* **Aquaman and the Lost Kingdom**
* **Migration**
* **The Color Purple**

Like to see you guys guesses and how much they line up with reality!",2023-08-01T23:03:17,11,9,https://www.reddit.com/r/boxoffice/comments/15frrkv/what_do_you_guys_predict_for_the_rest_of_the_year/,Barbie,Barbie
15fqyth,boxoffice,When will Barbenheimer's combined weekend gross not be big enough for #1?,"Barbie and Oppenheimer made a combined $139.7M on their 2nd weekend which was easily enough for #1.  When would their combined total not be good enough for a #1 weekend?

[View Poll](https://www.reddit.com/poll/15fqyth)",2023-08-01T22:30:05,4,15,https://www.reddit.com/r/boxoffice/comments/15fqyth/when_will_barbenheimers_combined_weekend_gross/,Barbie,Barbie
15foahk,boxoffice,"If Disney kept The Marvels coming out a week after Barbenheimer, how would it have done?",,2023-08-01T20:46:46,27,34,https://www.reddit.com/r/boxoffice/comments/15foahk/if_disney_kept_the_marvels_coming_out_a_week/,Barbie,Barbie
15fgcrm,boxoffice,"As of this Sunday, the combined grosses of Barbie and Oppenheimer are running neck-and-neck with The Force Awakens! Do we think Barbenheimer can reach the record of $936M?",,2023-08-01T15:50:01,72,34,https://i.redd.it/sq8wh75osifb1.png,Barbie,Barbie
15fd6dq,boxoffice,‘Barbenheimer’ Fever… And Then What? How Major Film Delays Amid The Hollywood Strikes Could Have Impact On Damage Of The Movie Theater Business,,2023-08-01T13:49:51,54,24,https://variety.com/2023/film/news/movie-delays-strike-barbenheimer-1235683946/,Barbie,Barbie
15f7s6v,boxoffice,Warner Bros. Film Group U.S. Responds To Barbenheimer Criticism Out Of Japan — Update: “Warner Brothers regrets its recent insensitive social media engagement. The studio offers a sincere apology.”,,2023-08-01T09:46:21,402,246,https://deadline.com/2023/07/barbie-oppenheimer-warner-bros-japan-social-media-posts-1235451347/,Barbie,Barbie
15eucst,boxoffice,Can M:I Surpass Dial Of Destiny domestically?,"After DoD's opening weekend one month ago, I don't think many people on this sub (myself included) had it beating M:I domestically..and yet, here we are. M:I is currently at 139 million and IJ is at 167 million.

With the continued dominance of Barbenheimer and TMNT/Meg 2 coming out, I think it's a safe bet that M:I continues to drop like a rock and falls short of Indy by 5-10 mill. At least Cruise and Co can take solace in holding the international crown for this bout.",2023-07-31T22:35:40,19,17,https://www.reddit.com/r/boxoffice/comments/15eucst/can_mi_surpass_dial_of_destiny_domestically/,Barbie,Barbie
15ehxg2,boxoffice,What are some predictions which you got absolutely right this year?,"This year has been a clusterf*ck of shocks, flops, surprises, and what not....and most of us made so many Ls with our predictions including Me but what is the one which u got the most right? 

For me I got Fast X and TLM right , and Spiderverse as well..almost everything else, especially MI and Barbenheimer, got wrong...l",2023-07-31T14:35:48,42,108,https://www.reddit.com/r/boxoffice/comments/15ehxg2/what_are_some_predictions_which_you_got/,Barbie,Barbie
15eh99q,boxoffice,"'Mission: Impossible — Dead Reckoning' Fizzling Out at Box Office in ""Barbenheimer"" Shadow",,2023-07-31T14:09:23,300,132,https://collider.com/mission-impossible-dead-reckoning-part-one-global-box-office-448-million/,Barbie,Barbie
15ebyqw,boxoffice,Barbenheimer is catching heat in Japan,"The last few days there has been a rise in complaints against Barbenheimer in Japan. The lighthearted campaign between the two movies has offensed many, who argue that the jokes and memes are disrespectul towards the victims of the bombings of Hiroshima and Nagasaki. #NoBarbenheimer has been trending for the last few days in Japan on SNS. Barbie especially is chastised by this movement as the official english twitter account made some [comments](https://twitter.com/aqbl_000/status/1685686973279657986) that were unwarranted given the subject. They had to release [an official statement in japanese to apologize](https://twitter.com/BarbieMovie_jp/status/1685944607539159040). 
  
The movie is releasing in 11 days in Japan, this is probably going to have an impact on performance here.",2023-07-31T10:08:41,805,421,https://www.reddit.com/r/boxoffice/comments/15ebyqw/barbenheimer_is_catching_heat_in_japan/,Barbie,Barbie
15e9mk8,boxoffice,‘Barbenheimer’ box office success has reawakened America’s moviegoing muscle,,2023-07-31T07:58:52,14,4,https://www.cnn.com/2023/07/30/business/barbie-oppenheimer-box-office-movies/index.html,Barbie,Barbie
15dwqfi,boxoffice,Update on this July after estimates this July is now the 4th biggest July of all time thanks to Barbenheimer!,Can actuals and Monday’s gross be enough to push this up to the 2nd maybe even highest July of all time?,2023-07-30T21:15:31,71,20,https://i.redd.it/82max6cy46fb1.jpg,Barbie,Barbie
15dsh9e,boxoffice,What were your Barbenheimer total gross predictions before it’s release?,"My estimated gross for Oppenheimer was 550mil. I had Barbie ending up in the 850-950 range.

These films have totally blown my expectations out of the water.

Edit: “its” not “it’s”",2023-07-30T18:23:08,12,8,https://www.reddit.com/r/boxoffice/comments/15dsh9e/what_were_your_barbenheimer_total_gross/,Barbie,Barbie
16kdm0e,TrueFilm,What're your thoughts on El Conde (Netflix),"Has anyone else watched this yet?
I thought it was amazing. Below are some of my thoughts on the film's themes. 

[El Conde](https://m.imdb.com/title/tt21113540/) was written and directed by Pablo Larrain. 
I personally think it's amazing. Beautifully shot. Interestingly allegorical. Darkly comic.

It's a film that explores the power of a dictator through the lens of an immortal vampire.

It tells the story of Augusto Pinochet, a former, real life, dictator who is not dead but is a 250 year old vampire. A nun from a nearby church has been sent to help the family get their finances in order because Pinochet's grown children have come home to fight over their inheritance.

The brilliance of the film is in the way it explores the history of violent history of a dictator who's also well connected to around the world through the angle of the vampire. 

Literally undead, he, his legacy, and the violence he continues to do in the world will apparently last forever. The immortality of the damage done by corrupt violent leaders is as immortal as a vampire.

Through a young  nun who comes to stay with them, the film also explores how the promise of this power corrupts those around it and want it - even those on a personal mission from church and God to root out this evil.

Vampire Pinochet is urrounded by those who want something from him. 

* The nun comes to who may have come to aavey, kill, or steal from him ultimately wants him and his vampiric life. 

* His children want his fortune- a type of immortality and everlasting sustenance. 

* His wife wants to be with him forever and when he refuses to bite her, she turns to find immortality elsewhere. 

In the last act it is revealed that the English narrator of the film is Margret Thatcher, also a vampire and his mother. And through this vampiric-famial connection we see an interesting take on the secret cabal of power on the world stage where Thatcher and others defend brutal dictators like Pinochet under the guise of supporting the fight against Communists.

In the end, Thatcher says that Pinochet corrupts those around him into heroes of greed. Everyone around Thatcher and Pinochet ultimately want something from him, a part of him, a part of his wealth, a part of his power. (Obviously these exist on a wide spectrum of sympathetic motives from his wife wanting love to Thatcher wanting to rule the world stage with him.)

In the end the film is about the legacy of history and the banality of evil driving it. Pinochet has literally stored his wealth in priceless books from history and will profit from them when he sells them. He is unstoppable no matter the obstacle- lack of wealth, familial love trying to rehabilitate bim, youthful lust trying to distract him, killers trying to stop him. 

In the last scene he has watched his wife die without a hint of sadness and he openly abandons his children. We see that while people seek comfort and protection from him, he will ultimately always abandon them in pursuit of power and greed.

The evil and banality of the life of a vampire and former dictator are the same.


Final thought:. The somewhat flat melodrama of the film's tone and ambience reminded me of Antonioni' L'Aaventura. However that might be a stretch.

Thoughts on any of the above or other aspects of the film?",2023-09-16T17:52:13,48,41,https://www.reddit.com/r/TrueFilm/comments/16kdm0e/whatre_your_thoughts_on_el_conde_netflix/,Mission: Impossible – Dead Reckoning Part One,Mission: Impossible – Dead Reckoning Part One
15jw5wq,TrueFilm,The Russian Psyche As Seen In Vordum And Other Soviet Animations,"This article contains a lot of film stills. For a fully illustrated version please click here - [https://filmofileshideout.com/archives/the-russian-psyche-as-seen-in-vordum-and-other-soviet-animations/](https://filmofileshideout.com/archives/the-russian-psyche-as-seen-in-vordum-and-other-soviet-animations/)

 *Vordum: Price of Death* is not for everyone. I grew up watching Ray Harryhausen films, and as a result, I have a deep abiding love for stop-motion animation. If you’re not into stop-motion, *Vordum’s* hour-and-a-half runtime might be challenging. It would also help if you liked monsters and gory violence. *Vordum* is 85% fighting, but between each fight, we are given ruminations on the meaning of life. Russian ruminations on the meaning of life. ""Russian"" meaning harsh, pragmatic, and grim. Surprisingly, the philosophizing is not a shallow aping of existentialism, it actually has some substance.

The entire film takes place in a gladiatorial arena. There are only two sets: the arena, and the holding cell where the combatants await their turn. The discussions take place between a small band of muscular people who have come to the arena to get an audience with the gods. Each of them has a wish they hope the gods will grant. To see the gods, they have to survive an onslaught of increasingly challenging opponents.

Just as in Tarkovsky’s *Stalker*, the discussion of what one would wish for is an opportunity to reflect on the meaning of life. In both films, there is a sense that an individual’s wish reveals the true nature of that person, and may reveal something deep about all humanity. In *Stalker*, the men finally reach a room where they can have their wishes fulfilled, but one of them suggests that those who enter the room might not get what they expect. He theorizes that it might be the room that determines what their deepest wish is, and only then grants it. A person might go in thinking he will get a pile of gold, but when he emerges, he finds his brother is dead.

(This paragraph contains spoilers) In *Vordum*, each character has his or her own reasons for being there. To add to the pressure, a plague is ravaging the world outside. The characters are not all muscle-bound He-Men. There are some women, some of whom are tough, some of whom are not, and an assortment of others. In the end, it turns out that even with almost all of the characters lying in a pile of bloody pieces on the arena floor, they each have their wish granted. They all remain dead, but the reason they came to the arena is fulfilled. Without their realizing it, their lives were posthumously given purpose through their sacrifice. 

The film was made by Alexey Akhmetov and Ivan Akhmetov. I would not be surprised to find out that they were brothers who made this film in their basement. The film has no polish, but for the most part, I didn’t care. 

The lighting was poor, but it can be very difficult on such a small scale. You need specialized equipment, which I’m guessing they did not have. They manage to avoid harsh shadows, but the overall effect can sometimes be a little flat. 

The sound effects were good, but I think Alexey and Ivan chose to voice all the characters themselves. I can’t be sure, but that’s what it sounds like. This means that not only do all the characters sound extremely similar, but the female characters sound like men.

I hesitate to be too critical of *Vordum*, because as a whole, it is a truly impressive accomplishment. I have made some stop-motion videos myself, and it is grueling work. The action in *Vordum* is creative and completely engaging. There are a million ways to hack someone to death and Alexey and Ivan have fun exploring them. I wish the blood had been a little redder, but there’s plenty of it. 

For a full-length feature film with only two elements, philosophizing and fighting, *Vordum* manages to deliver something with both prurient appeal and substance.

I imagine making this film was a long and arduous labor of love. No one spends that much time making little arrows and helmets and moving little figures in tiny, painstaking increments without a serious passion for the project. *Vordum* has made its way onto IMDb, but I am unable to find out much about it. I don’t know who Alexey and Ivan Akhmetov are, but watching their film opened the door for me to explore a little further into the Russian animation rabbit hole.  After finishing *Vordum*, I watched a video on *YouTube* called *A Beginner's Guide to Soviet Animated Cinema*, posted by kubricklynch. Fortunately, most of the animations he mentioned in the video were available for free on *YouTube*. So I sat myself down and had a Soviet animation film festival, starting in the 1920s and going all the way through the 20th century.

After watching them, I definitely feel like many of the films share a few themes. Half of them were campy propaganda, but sprinkled throughout were films that echoed *Vordum*’s ideas about moral dilemmas and the meaning of life.

There was one animation called *Polygon,* made in 1977 by Anatoliy Petrov. The film was only 10 minutes long, but it felt like something Kurt Vonnegut might have written. A Soviet scientist invites a group of generals to a deserted firing range to show them his new invention. He has made a tank that can seek out and target hate and aggression. It senses the emotions and then attacks the source. The generals are pleased, but ask if it can do anything more. The inventor explains that the tank can also sense and target fear. Maybe the setup is more akin to one of Isaac Asimov’s *I Robot* stories, where the audience is given a set of parameters and then witnesses how it can all go wrong, but either way, the results are interesting.

The tank kills one person who is understandably afraid of it. Then, when a second person sees what the tank has done, he attacks it in an effort to stop it. Of course, the tank kills him as well. Once the tank murders the second man, there is a chaotic spiral of fear and aggression that ends with the death of everyone involved. Of course, the film is a commentary on fear and aggression, but it also implies that indifference may be a strategy for survival, although it is not advocating indifference. In fact, the implication is that it is not only impossible to be indifferent, but it is immoral. However, passive indifference and acceptance are perhaps what many people choose. The film creates a situation that has no good solutions, but forces you to make a choice anyway.

I watched another animation called *The White Room*. I’m afraid I have very little information about who made it and when, but it may be another Akhmetov Bros. production. The premise is simple. Random people innocently wander into a doorway and end up sealed inside a mysterious white room. When they enter, the door they entered through disappears behind them. On the opposite wall, where the door was, is a lever. If you pull the lever and hold it down, the door reappears and opens. This means that no matter how many people are in the room, one of them must stay behind to hold the lever down while the others escape.

The film has no dialogue, but we watch a series of characters gesticulate and argue silently. Making us fill in the dialogue makes us consider the character's options. It places us in the room and, like in *Polygon,* we are forced to consider what we would do.

All of these themes are most simply expressed in the watercolor cartoon I watched next. It was called *The Other Side* and was made by Mikhail Aldashinin in 1994. 

The film opens with a cute little worm nestled underground in a tiny chamber. He makes his way up toward the surface, and along the way, he meets another worm. Together, they emerge, and almost immediately, one is eaten by a bird. The bird comes after the second worm, but the worm burrows back down into the earth. He burrows deeper and deeper until he finally emerges on the other side of the Earth. He pokes his head out into the sunlight, only to find three birds waiting to eat him, and that is where the cartoon ends.  What do *Vordum, The Other Side, Stalker, Polygon,* and *The White Room* have in common? They all involve people who are trapped. A facile interpretation might assume that this is a metaphor for being trapped in the USSR, and perhaps there is an aspect of that, but there is more to it.

The characters are trapped by their own ethics (save the worm who is trapped by circumstance). The films all share an image of morality as an intractable knot that makes ethical action almost impossible. There is no good answer or solution to these conundrums, and so each character must make a deliberately bad choice, and then face the consequences.

In addition, all of them involve self-sacrifice, but even self-sacrifice does not necessarily solve the problems. *Polygon* ends with the tank still sitting in the sand, waiting for someone else to trigger the whole cycle again. In *The White Room*, one man volunteers to stay behind and hold the lever, but others will surely stumble into the trap. In *Vordum,* the combatant’s wishes are granted, but we have no idea what they wished for, or if the plague is stopped.

It’s a grim vision of humanity’s position in the universe, but at its heart, despite the moral confusion and the meaningless nature of our existence, the stories keep a firm grip on agency and personal responsibility. 

Reflecting on all this, I was reminded of a Russian parable called *The Frog and the Scorpion*. It’s a simple story, and for expediency’s sake, I stole a succinct summary of it from Wikipedia - “A scorpion wants to cross a river but cannot swim, so it asks a frog to carry it across. The frog hesitates, afraid that the scorpion might sting it, but the scorpion promises not to, pointing out that it would drown if it killed the frog in the middle of the river. The frog considers this argument sensible and agrees to transport the scorpion. Midway across the river, the scorpion stings the frog anyway, dooming them both. The dying frog asks the scorpion why it stung despite knowing the consequence, to which the scorpion replies: 'I am sorry, but I couldn't resist the urge. It's in my nature.'”

Here again, we see that taking responsibility is what matters. The scorpion makes a terrible choice, a fatal choice, but he owns it. He finds strength in his ability to act, regardless of the result.

In *Vordum,* one of the gladiators says, “It does not matter what you die for. Death is always near. The only difference is how you fight your last battle.“ ",2023-08-06T18:04:57,54,14,https://www.reddit.com/r/TrueFilm/comments/15jw5wq/the_russian_psyche_as_seen_in_vordum_and_other/,Mission: Impossible – Dead Reckoning Part One,Mission: Impossible – Dead Reckoning Part One
15acs8u,TrueFilm,Was anyone else underwhelmed by Mission Impossible Dead Reckoning?,"Perhaps I went in excepting too much but I felt it was quite a letdown. MI movies are never known for their stories but I felt the storytelling was seriously lacking. Every scene was either an action scene or terrible exposition. Yea the other films have had exposition but they at least tried to make it snappy. This was just so much boring and poorly written dialogue. 

The whole AI knows every move you’re going to make isn’t a novel one and doesn’t feel properly utilized at all. I don’t get the point of the intro on the sub. I thought the characters knew throughout the movie that the macguffin was on a submarine but in the end I realized they didn’t and it had me questioning the point of that sequence. Also the whole Ethan and Gabriel past felt very shoehorned in. 

The movie was way longer than it needed to be. I don’t mind king movies when it’s deserving but this just seemed like they left nothing on the cutting room floor. 

And this might be the most controversial but the action felt pretty mediocre. These movies are usually praised for their lack of cgi and use of real stunts but I felt like this had. A lot of cgi in action sequences were that were the same as we’ve seen a hundred times. The only truly jaw dropping moment was the cliff jump, but all the other stunts felt… fine. Some of the train stuff was cool although the fight on top wasn’t very good. The car chase was super forgettable. Nothing besides the cliff jump really stood out as incredible moments. Meanwhile Fallout had the skydiving sequence, a great bathroom fight scene, crazy helicopter sequences, and more. 

I also feel like the movie had a weird thing against women but that’s a discussion for another day.",2023-07-26T17:55:53,267,179,https://www.reddit.com/r/TrueFilm/comments/15acs8u/was_anyone_else_underwhelmed_by_mission/,Mission: Impossible – Dead Reckoning Part One,Mission: Impossible – Dead Reckoning Part One
156zd3e,TrueFilm,My Elvis review,"Elvis
 
Did you grow up with Elvis Presley? If so, you have probably already seen Elvis, which came out in 2022. Elvis is a musical drama about his rise to fame and how he died. Baz Luhrmann is the director. It stars Austin Butler, Tom Hanks from the Toy Story franchise, Olivia DeJonge, Dacre Montgomery from Stranger Things, Luke Bracey, and Richard Roxburgh from Mission Impossible 2.
 
In June 2022, a biopic about Elvis Presley’s life came out. Presley’s dancing on stage, his singing, and love of writing music is portrayed well by Austin Butler. Butler’s movements, singing, and persona captures who Presley was before taking drugs. Tom Hanks played his manager, Colonel Tom Parker, who signed him to a record label. They had a complicated relationship, but ultimately Parker didn’t have Presley’s best interest in mind.
 
Not everything in this film was accurate. The biggest difference between the movie and reality, was the age Priscilla was when Presley met her. Elvis would make you believe they were around the same age, where in fact she was only 14 and he was 24 when they met. They got married when she was only 21, which still seems very young to make a commitment like that.
 
Unfortunately, all the sad parts about the doctors feeding him drugs and Parker cheating him out of money is all true. If only Presley had a different manager things might have turned out very differently.
 
His style of music combines numerus genres and backgrounds. The combination of gospel, country, and blues would help bring segregated groups together. Along with his personality and movements on stage, he would become known as the king of rock and roll, as well as inspire future musicians.",2023-07-22T23:57:34,0,2,https://www.reddit.com/r/TrueFilm/comments/156zd3e/my_elvis_review/,Mission: Impossible – Dead Reckoning Part One,Mission: Impossible – Dead Reckoning Part One
147b9rq,TrueFilm,Shin Kamen Rider and the Art of Jank,"Well, since this has the potential to be my last day on Reddit, let's go out with something fun.

A few days ago in an empty theater I watched Hideaki Anno's *Shin Kamen Rider*, which is a reimaging of the famous tokusatsu series by Shotaro Ishinomori, and I loved it.  Did I love it in spite of its deliberate jankiness, or because of it?  I've been rolling that question around in my head since, and I think the answer is ""yes.""  

Taking a step back, I want to point out that I've always been fascinated by the way Japanese pulp has been used as a way to unpack cultural trauma.  Godzilla is very obvious and deliberate in its monster being tied to the fear of nuclear weapons, but even beyond that, there is a plethora of stories in Japanese popular fiction that follow similar themes.  Giant monsters, giant robots, potential mass destruction, and dramatic shifts in tone and direction, often with little explanation.  It all seems pretty kitsch at a glance--and much of it *is*--but there's something about it that has always grabbed me.  Is it any wonder that the children who grew up during the firebombings and invasion, under the threat of invasion and conscription, and eventually carried the burden of rebuilding a society went on to write stories in which the threats are massive and world-changing, but distant enough to be impossible to understand or reason with?  That so much of their fiction would focus on the optimism of youth to carry on into the future?  A handful of creators (Ken Ishikawa, Yoshiyuki Tomino, Yoshikazu Yasuhiko, as examples) have mined those experiences to elevate their genre fiction well above their contemporaries.

Hideaki Anno wasn't part of that generation, though.  He was part of the generation that came after, who grew up in the shadows of fathers who felt their mission was to rebuild society.  Much of his fiction is built on that, and is used to unpack a different--though related--set of cultural traumas.  His protagonists are burdened with obligations they don't feel, and pressured to be part of a collective society they don't feel part of.  They're the kids who had expectations heaped on them until they buckled.  His *Neon Genesis Evangelion* recontextualized the tropes of the Kaiju and Giant Robot genres through this new lens, and he has continued reworking the techniques of pop culture to tell the stories of youth struggling to find its place since.  

I'll confess, his narrative voice doesn't always work for me.  As much as I appreciate his drive to include that message and experience in his fiction, and as successful as he has been at capturing the imagination of the generation that was coming of age in the 90's, there are many times I feel he belabors an idea or concept (usually in the form of character monologue) far beyond my patience to keep up enthusiasm for it.  So while I was optimistic, understand I went into *Shin Kamen Rider* with some degree of skepticism.  Did I really need to see this subject through another classic lens?

It turns out, fuck yeah I did.  

It jumps into the action with no preamble.  Masked troopers in black chase a grasshopper-themed superhero and a woman in a trenchcoat.  The Grasshopper Man trounces their pursuers in a series of quick-cut action shots that look straight out of 70's TV--other than spray of blood that comes with every blow.  It stands out against the gleefully cheeky presentation, and the Grasshopper man is horrified with the harm he's done, leading to the capture of himself and the woman in the trenchcoat by a villainous spider man (no relation to Marvel's Spider-Man).  It all feels like accidentally tuning in mid-episode.  We only later get the background filled in, and only in broad strokes.  The evil organization ""SHOCKER"" has been experimenting with genetic modification, making super-humans.  One of their scientists has gone rogue and tasked the Grasshopper Man (who we learn is a young man named Hongo) and his own daughter (Ruriko) with taking SHOCKER down.  

The premise is taken straight from the source material (where SHOCKER were founded by Nazi Scientists), and doesn't attempt to present the material as more serious or plausible than it is.  What follows is a goofy, over-the-top episodic journey, as Hongo (now going by the superhero name ""Kamen Rider"") and Ruriko track down and face off against a bat man (no relation to DC's Batman), a Wasp woman (no relation to Marvel's Wasp), and somehow even stranger enemies, all while struggling with the burden that's been placed on them.  When another Kamen Rider eventually joins the fight, it isn't foreshadowed in any sensible way; it just feels like a last-minute decision.  This too is a nod to the original TV series, where a second Kamen Rider was introduced to lead the show temporarily while Hongo's actor recovered from a broken leg.

The way the two leads cope with their place in the narrative is the heart of the movie, and it's where Anno's narrative voice comes through most clearly.  What's surprising is just how well it blends with the presentation.  The movie meticulously and gleefully recreates the feeling of a jury-rigged script thrown together piece by piece on a shoestring budget.  The cinematography looks cheap, the stunts look stiff, the effects composed of crazy quick-cuts look ridiculous, the monsters look absurd, and whenever anyone dies they dissolve into a corpse of foam bubbles.  This could be framed as a complaint, but the movie uses its presentation to heighten the effect.  The closest comparison I can make--and I realize how silly this sounds--is to stage Opera, where the sets don't look real, the action doesn't look real, people don't express themselves in a way that is plausible, and often spend long stretches elaborating on a single feeling.  But being ""real"" is never the point of opera.  It uses the unreality to unchain the experience from reality, to heighten it, and to make it more accessible by making it equally remote from all of us who aren't up there on stage.  We can sit back and set aside plausibility and appreciate the performance, and the costumes, and the aesthetic, and the heartbreak.  And somehow, it works here to become the perfect platform for Anno's narrative voice, too.  When a character monologues about his or her life situation, it doesn't feel out of place in this heightened unreality.  When two childhood friends reminisce, their reunion isn't undermined by the audience's knowledge that this must result in a fatal showdown, or that the set looks like cardboard--it is strangely enhanced by it.  Placing the characters in the context of the absurd frees them to speak their reality into being, and it makes it easier to take that melodrama seriously.  And the serious melodrama makes it easier to be invested in the absurd action.  The synthesis of the two elements is striking.

Of course, the opera comparison falls short in one specific way, and that's that opera also plays into the joy of hearing real musical performances by trained, talented singers.  And much as I enjoy *Shin Kamen Rider*, here is one area where I think it genuinely does fall a bit short, even outside of its intent.  The presentation carries a lot of the movie, but it doesn't carry it *quite* all the way to greatness.  The disappointment stands out because the opportunity was there.  The tokusatsu genre for me is defined by the awkwardly choreographed fights between costumed stuntmen, acting out the desperation like something halfway between Kabuki and pro wrestling, and while there's a bit of that here, it mostly feels like it steps in and then shuffles off, and one particularly dramatic fight is primarily animated in CG.  That the CG isn't convincing isn't a problem, but the use of it rather than the actors performing the fight sequence feels like a missed opportunity for more of that performance aspect that is missing here.  

But man, what weird, wild, unusual movie.  Even with real blemishes mixed with the intentional ones, it's hard for me to hold on to any real negative feeling here.  It's a movie I'm not going to stop thinking about anytime soon.  

I'd caution anyone thinking of seeing this in theater to choose seats that are further back from the screen, though.  The quick-cuts and swoopy-jerky camera pans would look normal on a 1970's TV set, but on the big screen it can be a bit disorienting.",2023-06-12T01:23:17,55,4,https://www.reddit.com/r/TrueFilm/comments/147b9rq/shin_kamen_rider_and_the_art_of_jank/,Mission: Impossible – Dead Reckoning Part One,Mission: Impossible – Dead Reckoning Part One
13ho5l0,TrueFilm,Apocalypse Now Final Willard Monologue,"“They were gonna make me a major for this, and I wasn’t even in their fuckin’ army anymore. Everybody wanted me to do it, him most of all. I felt like he was up there, waiting for me to take the pain away. He just wanted to go out like a soldier, standing up, not like some poor, wasted, rag-assed renegade. Even the jungle wanted him dead, and that’s who he really took his orders from anyway.”

Most of this quote is extremely straightforward, however for the life of me I can’t remember or figure out what he meant by “and I wasn’t even in their fuckin’ army anymore”. 

All I can assume is that Willard means he was finishing the job based on some deep feeling he needed to - he was doing it for himself and the mission has surpassed a military bureaucracy concerned with insubordination and is now for personal fulfillment. 

Although I wouldn’t put it past myself that I wasn’t paying attention to a scene where Willard not being “in their fuckin’ army anymore” is completely fleshed out and my theory is moot.",2023-05-14T21:36:51,44,21,https://www.reddit.com/r/TrueFilm/comments/13ho5l0/apocalypse_now_final_willard_monologue/,Mission: Impossible – Dead Reckoning Part One,Mission: Impossible – Dead Reckoning Part One
1343pg2,TrueFilm,Thoughts on Jon Voight?,"Question, what do you think of Jon Voight?

I think Jon Voight is a really great actor, especially in the 70s, appearing in such classics such as Midnight Cowboy, Deliverance, Coming Home, then he disappeared in the 80s, but making a notable effort in Runaway Train, then makes a Acting Comeback with 1995, Heat, and becomes a character actor, appearing in Mission Impossible, The Rainmaker, Anaconda, Pearl Harbor, National Treasure, Exc. and Voight is going to appear in the upcoming Coppola movie, Megalopolis.

All In All, I think Jon Voight is a great actor for appearing in Midnight Cowboy and Coming Home, but now I think he is a little washed up but I hope he does well in Coppola's upcoming movie.

What do you think of Jon Voight?

Why do you think he disappeared in the 80s before coming back in the 90s, and why did he take so many parts since then?

Also: Can we keep his politics out of this, I just want to focus on his career.",2023-04-30T21:35:25,0,7,https://www.reddit.com/r/TrueFilm/comments/1343pg2/thoughts_on_jon_voight/,Mission: Impossible – Dead Reckoning Part One,Mission: Impossible – Dead Reckoning Part One
152hqb3,movies,Watching a movie 2 rows from the front.. tips?,"Those were the only seats available on the day I can watch MI7. I really want to watch the movie in the theaters, even though they're a bit close to the screen. Do you have any tips on how to make the experience more comfortable? Or would I be fine? Cinemark Century Theater.  


The next time I would be free to watch it in the theaters would be in about 2 weeks.

TIA!",2023-07-17T23:32:36,0,14,https://www.reddit.com/r/movies/comments/152hqb3/watching_a_movie_2_rows_from_the_front_tips/,Mission: Impossible – Dead Reckoning Part One,Mission: Impossible – Dead Reckoning Part One
15214z3,movies,I have a question about production quality,"MI 7, Fast X, and The Flash all basically cost the same amount of money to make.  Around 300 to 400 Million.  So why exactly does Mission Impossible feel so much better than the other two?  Fast X filmed on location and a does a lot of practical stunts, but the stunt work in MI felt better.  The Flash and Fast X had some really bad CGI but the CGI in MI was basically invisible.  Then we have John Wick 4 which cost around 100 Million and honestly seems on the same level as MI7.  It has practical stuntwork, on location shooting and invisible CGI.  

So basically what is the deal with production values?  Shouldn't the same level of budget generally equal the same level of movie?  How does a movie that cost 200 million less than these guys even stand next to them.",2023-07-17T12:52:54,15,26,https://www.reddit.com/r/movies/comments/15214z3/i_have_a_question_about_production_quality/,Mission: Impossible – Dead Reckoning Part One,Mission: Impossible – Dead Reckoning Part One
150tr3n,movies,IMAX Ticket - Oppenheimer vs MI7,"I plan to watch Oppenheimer and MI7 (Mission: Impossible – Dead Reckoning Part One) this summer.  I would probably purchase an IMAX ticket and an “ordinary” non-IMAX cinema ticket (cuz IMAX ticket is really expensive where I'm at).

Which movie should be the IMAX ticket? I heard great reviews for both movies, so I guess it comes down to which one would be enhanced more by watching in an IMAX.",2023-07-16T02:05:01,0,8,https://www.reddit.com/r/movies/comments/150tr3n/imax_ticket_oppenheimer_vs_mi7/,Mission: Impossible – Dead Reckoning Part One,Mission: Impossible – Dead Reckoning Part One
14y8o2r,movies,Why wasn't Anthony Hopkins credited in Mission Impossible II?,"I was trying to review all the previous MI movies on Paramount+ before watching the MI7, and I surprisingly saw the role of Anthony Hopkins in circa 30 minute into the second movie.

I was astonished for seeing such a prestigious actor's name not mentioned in the cast and I found the IMDB saying his role is ""not credited"". What was the reason for this?",2023-07-13T02:53:04,7,26,https://www.reddit.com/r/movies/comments/14y8o2r/why_wasnt_anthony_hopkins_credited_in_mission/,Mission: Impossible – Dead Reckoning Part One,Mission: Impossible – Dead Reckoning Part One
14urvs4,movies,Mission Impossible x Top Gun Cast,"It was fun to see Greg Tarzan Davis and Charles Parnell in both Mission: Impossible – Dead Reckoning Part One and Top Gun: Maverick, two back-to-back Tom Cruise blockbuster movies reigniting theaters in the post-pandemic era. 

Greg Tarzan Davis is off to a great start considering he used to be an elementary school teacher not too long ago and was even offered his role in MI7 directly by Christopher McQuarrie during Top Gun. Hopefully we'll see them both again in MI8!

https://preview.redd.it/s93vrr0i0wab1.jpg?width=864&amp;format=pjpg&amp;auto=webp&amp;s=4bfcf5dda2dbde5b56b98c6de58bb3629fa94d69

https://preview.redd.it/z0tdbrij0wab1.jpg?width=1080&amp;format=pjpg&amp;auto=webp&amp;s=6f61ee7c29ab5b0e374b35a7f443970bea7bffc6

https://preview.redd.it/z729c6mk0wab1.jpg?width=840&amp;format=pjpg&amp;auto=webp&amp;s=73a6697ae6f24cbee4ca4c812475439546ed78a1

https://preview.redd.it/kkgdihql0wab1.jpg?width=1600&amp;format=pjpg&amp;auto=webp&amp;s=b9e6a57ebef9db02ef486955ecaf68910f05894c",2023-07-09T07:15:21,3,0,https://www.reddit.com/r/movies/comments/14urvs4/mission_impossible_x_top_gun_cast/,Mission: Impossible – Dead Reckoning Part One,Mission: Impossible – Dead Reckoning Part One
16v2p9r,boxoffice,The Creator is the standard for budgeting on a blockbuster.,"This year has seen many bombs so far (Flash, Transformers, Shazam 2, Quantumania, Fast X, Indy 5, MI7, etc). The pure dollar amount wasn’t great anyway but the problem got worse thanks to the ridiculously inflated budgets: range was anywhere from *220-340m*. And most of them looked various levels of cheap (MI being an exception).

Enter the Creator.

Just got out of a screening for it and the movie itself is solid, but the show-stopper is the visuals/production design. This rivals some of the biggest budget films around, thanks in large part to Greig Fraser/Oren Soffer. And all done for *80 million dollars*.

They used guerilla tactics like smaller crew and natural lighting. Shot on-location. Sure you can’t go to the Quantum Realm but have your location manager find a spot that looks closest to it and get creative.

New Regency backed a director’s vision smartly. The hope is that positive word of mouth will carry it from a low opening to a modest profit. And if successful, I think the film can help add to a new wave of modest budget blockbusters, actually maximizing profit and reducing break even points. Dune is another great example at 165m",2023-09-29T05:11:10,386,173,https://www.reddit.com/r/boxoffice/comments/16v2p9r/the_creator_is_the_standard_for_budgeting_on_a/,Mission: Impossible – Dead Reckoning Part One,Mission: Impossible – Dead Reckoning Part One
16qk6uo,boxoffice,What would mi7 make if it had released this month,"As MI7 ends its run at $172M domestic and $566 million worldwide, an underwhelming run from what we all expected, what do you guys think the opening weekend, domestic and worldwide run would’ve been if it had released around Labor Day weekend if equalizer 3 didn’t come out instead of its July 12th release date.",2023-09-24T00:48:18,2,34,https://www.reddit.com/r/boxoffice/comments/16qk6uo/what_would_mi7_make_if_it_had_released_this_month/,Mission: Impossible – Dead Reckoning Part One,Mission: Impossible – Dead Reckoning Part One
16kbi4r,boxoffice,In China Dust To Dust retakes first on Saturday with $4.54M(-64%)/$39.6M. Expend4bles drops to 2nd after grossing $4.21M/7.56M. Oppenheimer jumps back up from 5th to 3rd after a 170% increase from Friday with 2.00M(-51%)/$52.4M. Haunting in Venice adds $1.01M/$1.57M. No More Bets passes $520M,"---
#Daily Box Office (September 16th 2023)

A stronger day than expected across the board with movies jumping up by over 100% and some even closer to 200%. And then there is the still ever pressent 30,000 Miles From Chang’an which jumps 903% from yesterday.

**Dust To Dust:** A triple digit jumps alows it to leapfrog Expendables.

**Province map of the day:**

https://i.imgur.com/2Hst2Rh.png

An interesting situation has developed. Expendables wins the east of the country aswell as the south and 2 provinces on the west Coast. Dust To Dust takes the Centre and North/North-East and Oppenheimer manages to chart taking Beijing. 

In Metropolitan cities. Expendables wins Beijing, Shanghai, Shenzhen, Hangzhou and Suzhou while Dust to Dust wins Guangzhou, Chengdu, Wuhan, Chongqing and Nanjing

As for City tiers here it gets even more interesting. In Tier 1 cities Expendables leads Oppenheimer and Dust To Dust. In Tier 2 cities Dust To Dust leads Expendables and Oppenheimer. In Tier 3 cities Dust To Dust leads Expendables and No More Bets while Oppenheimer is only 5th even behind Tainted Love and in Tier 4 cities Oppenheimer slips to 6th even behind Creation Of The Gods.

|# | Movie |Gross|%YD| %LW|Screenings|Admisions(Today)|Total Gross|Projected Total Gross|
:----------- |:-----------|:-----------:|:-----------:|:-----------:|:-----------:|:-----------:|:-----------:|:-----------:|
2| Dust To Dust                |$4.54M |+103%  |-64% |77611 |0.79M |$39.65M  |$57M  
1| Expend4bles                 |$4.21M |+26%   |/    |116899|0.88M |$7.56M   |$22M  
5| Oppenheimer                 |$2.00M |+170%  |-51% |20928 |0.33M |$52.42M  |$58M
4| No More Bets                |$1.75M |+101%  |-43% |35887 |0.31M |$521.20M |$529M
3| Tainted Love                |$1.34M |+37%   |/    |69636 |0.24M |$2.34M   |$7M
6| Haunting in Venice          |$1.01M |+81%   |/    |22472 |0.19M |$1.57M   |$5.7M
7| Creation Of The Gods        |$0.94M |+169%  |-25% |16035 |0.16M |$357.75M |$361M
8| Papa                        |$0.51M |+240%  |-54% |10532 |0.09M |$82.04M  |$86M
9| 30,000 Miles From Chang’an  |$0.21M |+903%  |-8%  |3519  |0.04M |$250.56M |$251M
10| One And Only               |$0.13M |+63%   |+80% |1085  |0.02M |$125.67M |$126M
11| All Ears                   |$0.11M |+80%   |-91% |3366  |0.02M |$3.16M   |$4M
13| MEG 2: THE TRENCH          |$0.08M |+300%  |-48% |5239  |0.01M |$117.14M |$117M
12| The Woman In The Storm     |$0.07M |+40%   |-57% |3616  |0.01M |$23.91M  |$25M

*YD=Yesterday, LW=Last Week

---
###**Expend4bles**

One of the few movies that comes in around projections and doesn't quite make the same Saturday leap as the rest. No overperformance here. Which means it falls to 2nd behind Dust To Dust. Interestingly enough due to a massive ATP difference Expendables actually sold 100k more tickets today even though it grossed $330k less than Dust To Dust. 

WoM is garbage with the Douban score coming in at just 5.2. Expendables 1 and 3 both have a 6.9 and Expendables 2 has a 7.0

|# |FRI|SAT |SUN |MON|TUE|WED|THU|Total
:-----------:|:-----------:|:------------:|:------------:|:------------:|:------------:|:------------:|:------------:|:------------:|
First Week|$3.35M |$4.21M|/|/|/|/|/|$7.56M|

**Scheduled showings update for Expend4bles for the next few days:**

|Day |  Number of Showings |Presales|Projection
:----------- |:-----------:|:-----------:|:-----------:|  
Today|117190|$431|$4.24M
Sunday|103659|$247k|$2.94M
Monday|48707|$10k|$1.03M

---

###**Oppenheimer**

Excelent Saturday increasing 170% from Friday.

Its still one of the weakest week to week drops but it is above projections and the weekend should now be closer to $4.25M(-55%)

It has now passed MI7 in admissions and is about 971k admissions behind Across The Spider-Verse.


|#|WED|THU |FRI |SAT|SUN|MON|TUE|Total
:-----------:|:-----------:|:------------:|:------------:|:------------:|:------------:|:------------:|:------------:|:------------:|:------------:|			
Second Week|$1.58M|$1.38M|$2.13M|$4.13M|$3.14M|$0.74M|$0.71M|$48.41M	
Third Week|$0.67M|$0.59M|$0.75M|$2.00M|/|/|/|$52.42M		
|%± LW|-57%|-57%|-65%|-51%|/|/|/|/|

**Scheduled showings update for Oppehheimer for the next few days:**

|Day |  Number of Showings |Presales|Projection
:----------- |:-----------:|:-----------:|:-----------:|  
Today|20568|$497k|$1.65M
Sunday|23327|$420k|$1.50M
Monday|12577|$16k|$375k
---

###**No More Bets**

As expected it falls behind Oppenheimer today but still increases over 100% from yesterday. Weekend now projected around $3.95M(-47%)

After adding another 314k admissions today it is now just 399k behind behind Ful River Red which is the highest grossing and viewed movie of the year. Its now almost a foregone conclusion that No More Bets will become the most viewed movie of the year sometimes next week.

|#|SAT |SUN |MON|TUE|WED|THU|FRI|Total
:-----------:|:-----------:|:------------:|:------------:|:------------:|:------------:|:------------:|:------------:|:------------:|:------------:|				
Sixth Week|$3.08M|$2.29M|$0.83M|$0.82M|$0.79M|$0.73M|$0.87M|$519.45M		
Seventh Week|$1.75M|/|/|/|/|/|/|$521.20M		
|%± LW|-43%|/|/|/|/|/|/|/|

**Scheduled showings update for No More Bets for the next few days:**

|Day |  Number of Showings |Presales|Projection
:----------- |:-----------:|:-----------:|:-----------:|
Today|35262|$164k|$1.49M
Sunday|39692|$127k|$1.33M
Monday|17735|$9k|$533k
---

###**Creation Of The Gods**

Very strong day up almost 170% from yesterday and down just 25% from last week. Weekend looking around $2.18M(-35%)

Confirmed for a US release in selected theaters on September 22nd. Will also be screened at some Imax theaters on the 20th September. 

|#|THU|FRI |SAT |SUN|MON|TUE|WED|Total
:-----------:|:-----------:|:------------:|:------------:|:------------:|:------------:|:------------:|:------------:|:------------:|:------------:|				
Eight Week|$0.68M|$0.93M|$1.25M|$1.16M|$0.41M|$0.41M|$0.38M|$356.10M	
Ninth Week|$0.36M|$0.35M|$0.94M|/|/|/|/|$357.75M		
|%± LW|-47%|-63%|-25%|/|/|/|/|/|	
**Scheduled showings update for Creation Of The Gods for the next few days:**

|Day |  Number of Showings |Presales|Projection
:----------- |:-----------:|:-----------:|:-----------:|   
Today|15608|$159k|$762k
Sunday|19465|$166k|$891k
Monday|9558|$3k|$312k
---

###**Mid Autumn Festival/National Day Lineup:**

With the Holiday period fast approaching starting with the 3 day The Mid-Autumn Festival/Mooncake Festival on September 29th and connecting to the 7 day National Day/Golden Week starting on the 30th September China will have one of its lucrative periods for Box Office. Its not the strongest period for movies on the calendar mind you but it tends to produce at least 1 mid sized hit. Notably this period has produced the highest grossing movie of all time in China back in 2021 with the Battle At Lake Changjin.

For this year there's currently 11 movies scheduled. 6 animations, A Romance comedy alongside a Sports comedy, 2 Action crime dramas (A genre that has really been hot this year with No More Bets and Lost In The Stars and even Dust To Dust to an extent this week) and ofc a War movie.

Of all the movies The Ex-Files 4 seems like it has the biggest chance to break out massively but also one of the highest chances to underperform if WoM is not good. It became the 4th highest movie in history on the Want To See metric passing Avatar 2 today. It will likely also pass Appartment Of Love(1554k) sometimes next week. Avengers End Game in 2nd at 1849k is likely a bit too far though.


|# | Movie |Want To See Number|Daily Increase| M/F Split|Most Popular Age Group|Genre|Release Date
:----------- |:-----------|:-----------:|:-----------:|:-----------:|:-----------:|:-----------:|:-----------:|:-----------:|
1|The Ex-Files 4   |1458k|24k|42/58 |20-24(38.5%)|Romance/Comedy     |28.9   
2|Under The Light            |233k |17k|52/48 |20-24(28.6%)|Action/Crime/Drama |28.9  
3|I am Nezha 2: Hero Returns |165k |2k |35/64 |20-24(27.2%)|Fantasy/Animation  |29.9  
4|Volonteur Army             |166k |6k |50/50 |20-24(26.7%)|History/War/Drama  |1.10   
5|Moscow Mission             |136k |7k |53/47 |20-24(20.8%)|Action/Crime/Drama |29.9  
6|Lose To Win                |71k  |5k |39/61 |20-24(26.7%)|Drama/Comedy       |28.9 
7|The Little Mermaid         |37k  |323|15/85 |30-34(32.3%)|Adventure/Animation|29.9 
8|PAW Patrol: TMM            |31k  |5k |23/77 |30-34(37.5%)|Adventure/Animation|29.9
9|BACKKOM BEAR: MARS MISSON  |14k  |2k |27/72 |30-34(23.5%)|Adventure/Animation|28.9
10|Kung Fu Tiger             |7k   |117|30/70 |30-34(24.7%)|Adventure/Animation|29.9  
11|Pil's Adventure           |415  |415|/     |/           |Adventure/Animation|29.9  
---

###**Other stuff:**

The next big few holywood release is Paw Patrol 2 on the 29th right smack bang in the middle of the Holiday local releases. Will be interesting how much attention it gets. 

After that the next wave of releases probably hits in November when Marvels and Hunger Games come out. Between now and then Local movies will once again take or better said keep the spotlight through the Holiday Period at the end of September start of October.",2023-09-16T16:20:27,27,9,https://www.reddit.com/r/boxoffice/comments/16kbi4r/in_china_dust_to_dust_retakes_first_on_saturday/,Mission: Impossible – Dead Reckoning Part One,"Mission: Impossible – Dead Reckoning Part One, Spider-Man: Across the Spider-Verse"
16imcat,boxoffice,In China Dust To Dust leads on Thursday with $2.09M/$32.9M ahead of No More Bets in 2nd with $0.73M(-53%)/$518M and Oppenheimer in 3rd with $0.59M(-57%)/$49.7M. Expend4bles releases tomorrow across almost 120k screenings and is projected a $3M opening day into a $9-10M weekend and $20.5M total gross,"---
#Daily Box Office (September 14th 2023)

Tomorrow will finnaly shake up the charts in some form. Expend4bles is likely to top the day. The local movie Tainted Love should battle it out with Oppenheimer and No More Bets for 3rd while Hauting in Venice is looking to finish Friday just outside the top 5.

**Dust To Dust:** Continued to lead the BO but agan saw a worse drop than movies around it. It continued to dominates all the Metropolitan cities. All City ties in general and all provinces.

**Province map of the day:**

https://i.imgur.com/KN8sTrH.png


|# | Movie |Gross|%YD| %LW|Screenings|Admisions(Today)|Total Gross|Projected Total Gross|
:----------- |:-----------|:-----------:|:-----------:|:-----------:|:-----------:|:-----------:|:-----------:|:-----------:|
1| Dust To Dust               |$2.09M |-15%   |/    |105266|0.36M |$32.87M  |$57M  
2| No More Bets               |$0.73M |-7%    |-53% |54107 |0.13M |$518.58M |$526M
3| Oppenheimer                |$0.59M |-12%   |-57% |33745 |0.10M |$49.67M  |$58M
4| Creation Of The Gods       |$0.36M |-5%    |-47% |26142 |0.06M |$356.46M |$359M
6| Papa                       |$0.18M |-5%    |-60% |21789 |0.03M |$81.38M  |$87M
5| All Ears                   |$0.18M |-28%   |/    |22491 |0.03M |$2.99M   |$4.6M
7| The Woman In The Storm     |$0.10M |-11%   |-68% |12126 |0.02M |$23.79M  |$25M
8| MEG 2: THE TRENCH          |$0.05M |-15%   |-63% |6894  |0.01M |$117.04M |$117M
9| Flaming Cloud              |$0.02M |-30%   |/    |8532  |0.004M|$0.62M   |$0.8M
10| One And Only              |$0.03M |+5%    |-57% |2212  |0.004M|$125.46M |$126M
11| Gran Turismo              |$0.02M |+8%    |-75% |2001  |0.003M|$1.71M   |$2M
12| 30,000 Miles From Chang’an|$0.02M |+5%    |-60% |2620  |0.002M|$250.33M |$251M

*YD=Yesterday, LW=Last Week

---

###**Oppenheimer**

It has now passed Across the Spider-Verse and became the 5th highest grossing Holywood movie of the year. 4th if you don't count Meg 2. A position it will remain in as the next goal up is GOTG at 86M+ and Oppenheimer is not making that.

3rd Weekend looking around $3.5M(-62%)

https://i.imgur.com/vVxL5Dj.png


|#|WED|THU |FRI |SAT|SUN|MON|TUE|Total
:-----------:|:-----------:|:------------:|:------------:|:------------:|:------------:|:------------:|:------------:|:------------:|:------------:|			
Second Week|$1.58M|$1.38M|$2.13M|$4.13M|$3.14M|$0.74M|$0.71M|$48.41M	
Third Week|$0.67M|$0.59M|/|/|/|/|/|$49.67M		
|%± LW|-57%|-57%|/|/|/|/|/|/|

**Scheduled showings update for Oppehheimer for the next few days:**

|Day |  Number of Showings |Presales|Projection
:----------- |:-----------:|:-----------:|:-----------:|  
Today|34014|$122k|$585k
Friday|20504|$167k|$714k
Saturday|13790|$153k|$1.58M
Sunday|8115|$71k|$1.27M

---

###**No More Bets**

Once again creeps a bit further ahead of Oppenheimer. Weekend projected at $3.3M(-56%) but it is now predicted to fall below Oppenheimer. 

After adding another 130k admissions today it is now less than 1M admissions or more accurately just 879k behind behind Ful River Red which is the highest grossing and viewed movie of the year. It should make around 500-600k this weekend and then the slow crawl will begin.

|#|SAT |SUN |MON|TUE|WED|THU|FRI|Total
:-----------:|:-----------:|:------------:|:------------:|:------------:|:------------:|:------------:|:------------:|:------------:|:------------:|		
Fifth Week|$6.57M|$4.88M|$1.87M|$1.75M|$1.64M|$1.56M|$2.14M|$510.04M		
Sixth Week|$3.08M|$2.29M|$0.83M|$0.82M|$0.79M|$0.73M|/|$518.58M		
|%± LW|-53%|-53%|-56%|-53%|-51%|-53%|/|/|

**Scheduled showings update for No More Bets for the next few days:**

|Day |  Number of Showings |Presales|Projection
:----------- |:-----------:|:-----------:|:-----------:|
Today|54010|$92k|$719k
Friday|36276|$89k|$850k
Saturday|20314|$29k|$1.44M
Sunday|10779|$6k|$1.05M
---

###**Creation Of The Gods**

Enters its 9th week with another sub 50% drop. Weekend looking around $1.5M(-55%).  

Confirmed for a US release in selected theaters on September 22nd. Will also be screened at some Imax theaters on the 20th September. 

|#|THU|FRI |SAT |SUN|MON|TUE|WED|Total
:-----------:|:-----------:|:------------:|:------------:|:------------:|:------------:|:------------:|:------------:|:------------:|:------------:|				
Eight Week|$0.68M|$0.93M|$1.25M|$1.16M|$0.41M|$0.41M|$0.38M|$356.10M	
Ninth Week|$0.36M|/|/|/|/|/|/|$356.46M		
|%± LW|-47%|/|/|/|/|/|/|/|	
**Scheduled showings update for Creation Of The Gods for the next few days:**

|Day |  Number of Showings |Presales|Projection
:----------- |:-----------:|:-----------:|:-----------:|   
Today|26166|$39k|$368k
Friday|15492|$61k|$326k
Saturday|8880|$39k|$687k
Sunday|4880|$25k|$536k
---

###**Mid Autumn Festival/National Day Lineup:**

With the Holiday period fast approaching starting with the 3 day The Mid-Autumn Festival/Mooncake Festival on September 29th and connecting to the 7 day National Day/Golden Week starting on the 30th September China will have one of its lucrative periods for Box Office. Its not the strongest period for movies on the calendar mind you but it tends to produce at least 1 mid sized hit. Notably this period has produced the highest grossing movie of all time in China back in 2021 with the Battle At Lake Changjin.

For this year there's currently 11 movies scheduled. 6 animations, A Romance comedy alongside a Sports comedy, 2 Action crime dramas (A genre that has really been hot this year with No More Bets and Lost In The Stars and even Dust To Dust to an extent this week) and ofc a War movie.

Another animation joins the lineup bringing it up to 11 movies now. Although this one is likely gonna be really small.

Of all the movies The Ex-Files 4 likely has the biggest ceeling but also probably the biggest chance to underperform if WoM is terrible. The rest are more of a mystery although Lose To Win had some screenings to the press today and the reception is fairly positive with people calling it more than just a straight up comedy with it also tackling some serious topics and being quite sincere.



|# | Movie |Want To See Number|Daily Increase| M/F Split|Most Popular Age Group|Genre|Release Date
:----------- |:-----------|:-----------:|:-----------:|:-----------:|:-----------:|:-----------:|:-----------:|:-----------:|
1|The Ex-Files 4             |1410k|21k|42/58 |20-24(38.5%)|Romance/Comedy     |28.9   
2|Under The Light            |202k |10k|52/48 |20-24(28.6%)|Action/Crime/Drama |28.9  
3|I am Nezha 2: Hero Returns |162k |1k |35/64 |20-24(27.2%)|Fantasy/Animation  |29.9  
4|Volonteur Army             |154k |2k |50/50 |20-24(26.7%)|History/War/Drama  |1.10   
5|Moscow Mission             |121k |5k |53/47 |20-24(20.8%)|Action/Crime/Drama |29.9  
6|Lose To Win                |61k  |4k |39/61 |20-24(26.7%)|Drama/Comedy       |28.9 
7|The Little Mermaid         |36k  |115|15/85 |30-34(32.3%)|Adventure/Animation|29.9 
8|PAW Patrol: TMM            |22k  |2k |23/77 |30-34(37.5%)|Adventure/Animation|29.9
9|BACKKOM BEAR: MARS MISSON  |10k  |698|27/72 |30-34(23.5%)|Adventure/Animation|28.9
10|Kung Fu Tiger             |7k   |57 |30/70 |30-34(24.7%)|Adventure/Animation|29.9  
11|Pil's Adventure           |100  |52 |/     |/           |Adventure/Animation|29.9  
---

###**Other stuff:**

Next big few holywood releases are Expendables 4 on the 15th alongside Hauting in Venice. After that the next wave of releases probably hits in November when Marvels and Hunger Games come out. Between now and then Local movies will once again take or better said keep the spotlight through the Holiday Period at the end of September start of October.

**Expend4bles**

Doesn't keep pace with Flash which likely means a sub $13M opening weekend and Maoyan agrees projectiong $9.5-10M for its opening weekend. Total projections start at $20.5M

|Days till release | Expend4bles | MI7:DR |Guardians Of The Galaxy 3|Transformers ROTB|Super Mario|Flash|
:----------- |:-----------:|:-----------:|:-----------:|:-----------:|:-----------:|:-----------:|:-----------:|:-----------:|:-----------:|
7|$20k/19541 |           |$22k/15240    |       |     $46k/9022        |$55k/25536  
6|$59k/24843 |           |$97k/24240    |             |$70k/11223    |$75k/29394  
5|$105k/28469|$54k/18328 |$165k/30650   |$121k/71289  |$101k/13146    |$94k/32185  
4|$156k/32448|$152k/25041|$246k/35550   |$312k/83324  |$153k/16547    |$120k/33768 
3|$217k/40472|$380k/35490|$343k/42013   |$592k/94438  |$234k/20670   |$191k/43693 		
2|$320k/55240|$686k/47552|$486k/52243   |$946k/106022 |$347k/23740 |$285k/61693  
1|$423k/86288|$1.10M/73634|$801k/74490|$1.45M/136762|	$624k/42325|$484k/93693	|
0|$716k/118429|$2.08M/94634| $1.84M/101271|$2.78M/162406|$1.75M/61559|$986k/123693|


**Haunting in Venice**

Looking at a not terrible $2M opening weekend. Total projections start at $4.7M",2023-09-14T16:06:45,14,6,https://www.reddit.com/r/boxoffice/comments/16imcat/in_china_dust_to_dust_leads_on_thursday_with/,Mission: Impossible – Dead Reckoning Part One,"Mission: Impossible – Dead Reckoning Part One, Spider-Man: Across the Spider-Verse"
16gvnbt,boxoffice,"In China Dust To Dust continues to lead on Tuesday with $2.88M/$28.3M. No More Bets holds on to 2nd with $0.82M(-53%)/$517M ahead of Oppenheimer which added $0.71M(-62%)/$48.4M on its 2nd Tuesday vs MI7($0.72M), TF( $1.32M), GOTG3($1.52M). Expend4bles projected to score a $3.3M opening day on Friday","---
#Daily Box Office (September 12th 2023)

The top 5 remain unchanged into Tuesday.

**Dust To Dust:** Continues to lead the BO but sees a worse drop than movies around it. It continued to dominates all the Metropolitan cities. All City ties in general and all provinces.

**Province map of the day:**

https://i.imgur.com/6KgVFrX.png


|# | Movie |Gross|%YD| %LW|Screenings|Admisions(Today)|Total Gross|Projected Total Gross|
:----------- |:-----------|:-----------:|:-----------:|:-----------:|:-----------:|:-----------:|:-----------:|:-----------:|
1| Dust To Dust(release)      |$2.88M |-16%   |/    |105102|0.50M |$28.30M  |$53M  
2| No More Bets               |$0.82M |-1%    |-53% |53861 |0.14M |$517.06M |$523M
3| Oppenheimer                |$0.71M |-4%    |-62% |34858 |0.12M |$48.41M  |$55M
4| Creation Of The Gods       |$0.41M |+1%    |-45% |25262 |0.07M |$355.72M |$359M
5| All Ears                   |$0.25M |-10%   |/    |24553 |0.04M |$2.56M   |$4.2M
6| Papa                       |$0.20M |-2%    |-62% |22088 |0.03M |$81.01M  |$87M
7| The Woman In The Storm     |$0.11M |+3%    |-70% |11144 |0.02M |$23.58M  |$25M
8| MEG 2: THE TRENCH          |$0.06M |+2%    |-62% |6421  |0.01M |$116.93M |$117M
9| Flaming Cloud              |$0.03M |-20%   |/    |10216 |0.004M|$0.57M   |$0.8M
10| One And Only              |$0.03M |-8%    |-70% |2022  |0.004M|$125.40M |$126M
11| Gran Turismo              |$0.02M |-10%   |-80% |1876  |0.003M|$1.67M   |$2M
12| 30,000 Miles From Chang’an|$0.02M |-7%    |-60% |2642  |0.003M|$250.29M |$251M

*YD=Yesterday, LW=Last Week

---

###**Oppenheimer**

Better that yesterday if still not that great.

https://i.imgur.com/IHxqu7E.png

It has passed MI7's total gross in ¥ and will pass it in $ tomorrow. 

|#|WED|THU |FRI |SAT|SUN|MON|TUE|Total
:-----------:|:-----------:|:------------:|:------------:|:------------:|:------------:|:------------:|:------------:|:------------:|:------------:|
First Week|$5.23M|$4.05M|$4.54M|$9.32M|$7.42M|$2.21M|$1.85M|$34.62M 			
Second Week|$1.58M|$1.38M|$2.13M|$4.13M|$3.14M|$0.74M|$0.71M|$48.41M		
|%± LW|-69%|-67%|-54%|-56%|-57%|-66|-62%|/|

**Scheduled showings update for Oppehheimer for the next few days:**

|Day |  Number of Showings |Presales|Projection
:----------- |:-----------:|:-----------:|:-----------:|
Today|35142|$129k|$677k
Wednesday|34425|$131k|$695k
Thursday|23926|$39k|$600k
---

###**No More Bets**

Further distances itself from Oppenheimer. 

After adding another 144k admits today it has passed 90.5M admissions. Its now 1.16M admissions behind Ful River Red which is the highest grossing and viewed movie of the year.

|#|SAT |SUN |MON|TUE|WED|THU|FRI|Total
:-----------:|:-----------:|:------------:|:------------:|:------------:|:------------:|:------------:|:------------:|:------------:|:------------:|		
Fifth Week|$6.57M|$4.88M|$1.87M|$1.75M|$1.64M|$1.56M|$2.14M|$510.04M		
Sixth Week|$3.08M|$2.29M|$0.83M|$0.82M|/|/|/|$517.06M		
|%± LW|-53%|-53%|-56%|-53%|/|/|/|/|

**Scheduled showings update for No More Bets for the next few days:**

|Day |  Number of Showings |Presales|Projection
:----------- |:-----------:|:-----------:|:-----------:|
Today|53769|$62k|$803k
Wednesday|53817|$66k|$800k
Thursday|32865|$20k|$760k
---

###**Creation Of The Gods**

Slightly up from yesterday and another sub -50% week on week drop.

Confirmed for a US release in selected theaters on September 22nd. Will also be screened at some Imax theaters on the 20th September. 

|#|THU|FRI |SAT |SUN|MON|TUE|WED|Total
:-----------:|:-----------:|:------------:|:------------:|:------------:|:------------:|:------------:|:------------:|:------------:|:------------:|			
Seventh Week|$1.25M|$1.28M|$2.68M|$2.17M|$0.79M|$0.75M|$0.72M|$350.92M		
Eight Week|$0.68M|$0.93M|$1.25M|$1.16M|$0.41M|$0.41M|/|$355.72M		
|%± LW|-45%|-27%|-52%|-46%|-47%|-45%|/|/|
**Scheduled showings update for Creation Of The Gods for the next few days:**

|Day |  Number of Showings |Presales|Projection
:----------- |:-----------:|:-----------:|:-----------:|   
Today|25255|$43k|$389k
Wednesday|25670|$40k|$385k
Today|16304|$9k|$362k
---

###**Mid Autumn Festival/National Day Lineup:**

With the Holiday period fast approaching starting with the 3 day The Mid-Autumn Festival/Mooncake Festival on September 29th and connecting to the 7 day National Day/Golden Week starting on the 30th September China will have one of its lucrative periods for Box Office. Its not the strongest period for movies on the calendar mind you but it tends to produce at least 1 mid sized hit. Notably this period has produced the highest grossing movie of all time in China back in 2021 with the Battle At Lake Changjin.

For this year there's currently 10 movies scheduled. 5 animations, A Romance comedy alongside a Sport comedy, 2 Action crime dramas (A genre that has really been hot this year with No More Bets and Lost In The Stars and even Dust To Dust to an extent this week) and ofc a War movie.


Of all the movies The Ex-Files 4 likely has the biggest ceeling but also probably the biggest chance to underperform if WoM is terrible. The rest are more of a mystery although Lose To Win had some screenings to the press today and the reception is fairly positive with people calling it more than just a straight up comedy with it also tackling some serious topics and being quite sincere.



|# | Movie |Want To See Number|Daily Increase| M/F Split|Most Popular Age Group|Genre|Release Date
:----------- |:-----------|:-----------:|:-----------:|:-----------:|:-----------:|:-----------:|:-----------:|:-----------:|
1|The Ex-Files 4             |1369k|16k|42/58 |20-24(38.5%)|Romance/Comedy     |28.9   
2|Under The Light            |179k |9k |50/50 |20-24(28.6%)|Action/Crime/Drama |28.9  
3|I am Nezha 2: Hero Returns |160k |1k |35/64 |20-24(27.2%)|Fantasy/Animation  |29.9  
4|Volonteur Army             |149k |2k |50/50 |20-24(26.7%)|History/War/Drama  |1.10   
5|Moscow Mission             |113k |3k |53/47 |20-24(20.8%)|Action/Crime/Drama |29.9  
6|Lose To Win                |55k  |3k |39/61 |20-24(26.7%)|Drama/Comedy       |28.9 
7|The Little Mermaid         |36k  |139|15/85 |30-34(32.3%)|Adventure/Animation|29.9 
8|PAW Patrol: TMM            |19k  |2k |23/77 |30-34(37.5%)|Adventure/Animation|29.9
9|BACKKOM BEAR: MARS MISSON  |10k  |428|27/72 |30-34(23.5%)|Adventure/Animation|28.9
10|Kung Fu Tiger             |6.9k |89 |30/70 |30-34(24.7%)|Adventure/Animation|29.9  
---

###**Other stuff:**

Next big few holywood releases are Expendables 4 on the 15th alongside Hauting in Venice. After that the next wave of releases probably hits in November when Marvels and Hunger Games come out. Between now and then Local movies will once again take or better said keep the spotlight through the Holiday Period at the end of September start of October.

**Expend4bles**

Early Friday projections have it doing $3.3M which would be less than Flash's $4.2M OD but there's still 3 days left till then for things to chance.

|Days till release | Expend4bles | MI7:DR |Guardians Of The Galaxy 3|Transformers ROTB|Super Mario|Flash|
:----------- |:-----------:|:-----------:|:-----------:|:-----------:|:-----------:|:-----------:|:-----------:|:-----------:|:-----------:|
7|$20k/19541 |           |$22k/15240    |       |     $46k/9022        |$55k/25536  
6|$59k/24843 |           |$97k/24240    |             |$70k/11223    |$75k/29394  
5|$105k/28469|$54k/18328 |$165k/30650   |$121k/71289  |$101k/13146    |$94k/32185  
4|$156k/32448|$152k/25041|$246k/35550   |$312k/83324  |$153k/16547    |$120k/33768 
3|$217k/40472|$380k/35490|$343k/42013   |$592k/94438  |$234k/20670   |$191k/43693 		
2|$320k/55240|$686k/47552|$486k/52243   |$946k/106022 |$347k/23740 |$285k/61693  
1||$1.10M/73634|$801k/74490|$1.45M/136762|	$624k/42325|$484k/93693	|
0||$2.08M/94634| $1.84M/101271|$2.78M/162406|$1.75M/61559|$986k/123693|",2023-09-12T16:18:42,23,5,https://www.reddit.com/r/boxoffice/comments/16gvnbt/in_china_dust_to_dust_continues_to_lead_on/,Mission: Impossible – Dead Reckoning Part One,Mission: Impossible – Dead Reckoning Part One
16f4qoj,boxoffice,"In China Dust To Dust excedes all expectations with a strong $21.9M opening weekend. Oppenheimer falls to 2nd with an ok $9.35M(-56%)/$46.96M 2nd weekend vs MI7 ($5M), TF ($12.2M), GOTG3 ($18.8M). No More Bets in 3rd adds $7.53M(-51%)/$515.4M ahead of Creation Of The Gods with $3.34M(-45%)/$355M","#Weekend Box Office (September 8th-10th 2023)

Dust To Dust wins the weekend with ease after an impressive 2 day start.

|# | Movie                 |Gross| %LW|Total Gross| Weekends
:----------- |:-----------|:-----------:|:-----------:|:-----------:|:-----------:|:-----------:|:-----------:|:-----------:|:-----------:|:-----------:
1| Dust To Dust                  |$21.61M   |/      |$21.88M   |1
2| Oppenheimer (3 Day/5Day)      |$9.35M    |-56%   |$46.96M   |2
3| No More Bets                  |$7.53M    |-51%   |$515.41M  |6
4| Creation Of The Gods Part I   |$3.34M    |-45%   |$354.94M  |8
5| Papa                          |$3.16M    |-58%   |$80.61M   |4
6| All Ears                      |$2.00M    |/      |$2.03M    |1 
7| The Woman In The Storm        |$0.70M    |-64%   |$23.37M   |4
8| 30,000 Miles From Chang’an    |$0.58M    |-55%   |$250.25M  |10
9| Meg 2                         |$0.53M    |-65%   |$116.81M  |6
10| Flaming Cloud                |$0.51M    |/      |$0.51M    |1 
11| One and Only                 |$0.29M    |-50%   |$125.34M  |7
12| Gran Turismo                 |$0.22M    |-78%   |$1.63M    |2




---
#Daily Box Office (September 10th 2023)

Its not really a contest today as Dust to Dust easily takes first ahead of Oppehheimer and No More Bets. The other new releases do more timidly and won't be stick around for long. 30,000 Miles From Chang’an delivers its now customary large Saturday increase.

**Dust To Dust:** Once again beats projections albeit at a smaller scale than yesterday. Still good for a $21M+ opening 2 day weekend.  

|# | Movie |Gross|%YD| %LW|Screenings|Admisions(Today)|Total Gross|Projected Total Gross|
:----------- |:-----------|:-----------:|:-----------:|:-----------:|:-----------:|:-----------:|:-----------:|:-----------:|
1| Dust To Dust(release)      |$8.96M|-29%    |/    |114759|1.5M  |$21.88M  |$57M  
2| Oppenheimer                |$3.14M |-24%   |-57% |37824 |0.52M |$46.96M  |$58M
3| No More Bets               |$2.29M |-25%   |-53% |57720 |0.41M |$515.41M |$523M
4| Creation Of The Gods       |$1.16M |-5%    |-46% |25197 |0.20M |$354.94M |$359M
5| Papa                       |$1.14M |+5%    |-56% |25103 |0.21M |$80.61M  |$87M
6| All Ears                   |$0.70M |-45%   |/    |42034 |0.12M |$2.03M   |$4M
7| 30,000 Miles From Chang’an |$0.29M |+28%   |-50% |5272  |0.05M |$250.25M |$251M
8| MEG 2: THE TRENCH          |$0.19M |+30%   |-65% |5773  |0.03M |$116.81M |$117M
9| The Woman In The Storm     |$0.16M |-0%    |-76% |9717  |0.03M |$23.37M  |$25M
10| One And Only              |$0.14M |+50%   |-35% |2083  |0.02M |$125.34M |$126M
11| Flaming Cloud             |$0.12M |-69%   |/    |18297 |0.02M |$0.51M   |$1M
12| Gran Turismo              |$0.06M |-14%   |-77% |1599  |0.01M |$1.63M   |$2M
13| Riples of Life            |$0.04M |-50%   |/    |3933  |0.01M |$0.28M   |$0.4M
*YD=Yesterday, LW=Last Week

---

###**Oppenheimer**

In the end not quite as good of a Sunday as projected. Means it falls well short of the 10M mark ending with a $9.36M 2nd weekend. Not terrible but yeah this aint having the legs needed to push it to a GOTG3 style run. Low $60M's are probably the absolute cap.

https://i.imgur.com/8Y9TklV.png

It will pass MI7's total gross sometimes this week.

Oppehneimer stays in 2nd in most big citties but it does manage to claw a win in Shanghai. It keeps it somewhat competitive in T1 cities but falls behind massively in T2. Then behind No More Bets to 3rd in T3 cities and even behind Papa in T4 cities.

And here's how the region map shapped up today.

https://i.imgur.com/9XMqzVJ.png

A sea of Dust with a holdout in Shanghai

|#|WED|THU |FRI |SAT|SUN|MON|TUE|Total
:-----------:|:-----------:|:------------:|:------------:|:------------:|:------------:|:------------:|:------------:|:------------:|:------------:|
First Week|$5.23M|$4.05M|$4.54M|$9.32M|$7.42M|$2.21M|$1.85M|$34.62M 			
Second Week|$1.58M|$1.38M|$2.13M|$4.13M|$3.15M|/|/|$46.97M		
|%± LW|-69%|-67%|-54%|-56%|-57%|/|/|/|

**Scheduled showings update for Oppehheimer for the next few days:**

|Day |  Number of Showings |Presales|Projection
:----------- |:-----------:|:-----------:|:-----------:|
Today|37855|$1.10M|$3.84M
Monday|35898|$135k|$881k
Tuesday|21232|$27k|$868M
---

###**No More Bets**

Comes in 3rd for the weekend less than $2M behind Oppenheimer in the end. 

Scores the 6th highest 6th weekend of all time: 

https://twitter.com/bulletproofsqui/status/1700891513826459950

After adding another 410k admits today it has passed the 90M admissions mark. The 2nd movie this year to do so. Its now 1.45M admits behind Ful River Red which is the highest grossing and viewed movie of the year.

|#|SAT |SUN |MON|TUE|WED|THU|FRI|Total
:-----------:|:-----------:|:------------:|:------------:|:------------:|:------------:|:------------:|:------------:|:------------:|:------------:|		
Fifth Week|$6.57M|$4.88M|$1.87M|$1.75M|$1.64M|$1.56M|$2.14M|$510.04M		
Sixth Week|$3.08M|$2.29M|/|/|/|/|/|$515.41M		
|%± LW|-53%|-53%|/|/|/|/|/|/|

**Scheduled showings update for No More Bets for the next few days:**

|Day |  Number of Showings |Presales|Projection
:----------- |:-----------:|:-----------:|:-----------:|
Today|57560|$227k|$2.51M
Monday|54119|$54k|$914k
Tuesday|28130|$19k|$802k
---

###**Creation Of The Gods**

Another solid sub 50% drop from last weekend. On the verge of passing $355M.

After scoring the 2nd best 7th weekend of all time last week it repeats the feat in its 8th week albeit just about:

https://twitter.com/bulletproofsqui/status/1700891792437330177

|#|THU|FRI |SAT |SUN|MON|TUE|WED|Total
:-----------:|:-----------:|:------------:|:------------:|:------------:|:------------:|:------------:|:------------:|:------------:|:------------:|			
Seventh Week|$1.25M|$1.28M|$2.68M|$2.17M|$0.79M|$0.75M|$0.72M|$350.92M		
Eight Week|$0.68M|$0.93M|$1.25M|$1.17M|/|/|/|$354.94M		
|%± LW|-45%|-27%|-52%|-46%|/|/|/|/|
**Scheduled showings update for Creation Of The Gods for the next few days:**

|Day |  Number of Showings |Presales|Projection
:----------- |:-----------:|:-----------:|:-----------:|   
Today|24977|$195k|$1.37M
Monday|24801|$39k|$421k
Tuesday|13490|$6k|$396k
---

###**Mid Autumn Festival/National Day Lineup:**

With the Holiday period fast approaching starting with the 3 day The Mid-Autumn Festival/Mooncake Festival on September 29th and connecting to the 7 day National Day/Golden Week starting on the 30th September China will have one of its lucrative periods for Box Office. Its not the strongest period for movies on the calendar mind you but it tends to produce at least 1 mid sized hit. Notably this period has produced the highest grossing movie of all time in China back in 2021 with the Battle At Lake Changjin.

For this year there's currently 9 movies scheduled. 4 animations, A Romance comedy alongside a Sport comedy, 2 Action crime dramas (A genre that has really been hot this year with No More Bets and Lost In The Stars and even Dust To Dust to an extent this week) and ofc a War movie.

Of all the movies The Ex-Files 4 likely has the biggest ceeling but also probably the biggest chance to underperform if WoM is terrible. The rest are more of a mystery although Lose To Win had some screenings to the press today and the reception is fairly positive with people calling it more than just a straight up comedy with it also tackling some serious topics and being quite sincere.



|# | Movie |Want To See Number|Daily Increase| M/F Split|Most Popular Age Group|Genre|Release Date
:----------- |:-----------|:-----------:|:-----------:|:-----------:|:-----------:|:-----------:|:-----------:|:-----------:|
1|The Ex-Files 4             |1338k|19k|42/58 |20-24(38.5%)|Romance/Comedy     |28.9   
2|Under The Light            |163k |10k|50/50 |20-24(28.6%)|Action/Crime/Drama |28.9  
3|I am Nezha 2: Hero Returns |157k |1k |35/64 |20-24(27.2%)|Fantasy/Animation  |29.9  
4|Volonteur Army             |145k |3k |50/50 |20-24(26.7%)|History/War/Drama  |1.10   
5|Moscow Mission             |107k |4k |53/47 |20-24(20.8%)|Action/Crime/Drama |29.9  
6|Lose To Win                |48k  |4k |39/61 |20-24(26.7%)|Drama/Comedy       |28.9 
7|The Little Mermaid         |36k  |201|15/85 |30-34(32.3%)|Adventure/Animation|29.9 
8|BACKKOM BEAR: MARS MISSON  |9k   |530|27/72 |30-34(23.5%)|Adventure/Animation|28.9
9|Kung Fu Tiger              |6.8k |95 |30/70 |30-34(24.7%)|Adventure/Animation|29.9 

---

###**Other stuff:**

Next big few holywood releases are Expendables 4 on the 15th alongside Hauting in Venice. After that the next wave of releases probably hits in November when Marvels and Hunger Games come out. Between now and then Local movies will once again take or better said keep the spotlight through the Holiday Period at the end of September start of October.

**Expend4bles**

Pretty ok opening day pre-sales so far. Obv won't even come close to the previous ones $72M total but $20M+ is a realistic goal.

|Days till release | Expend4bles | MI7:DR |Guardians Of The Galaxy 3|Transformers ROTB|Super Mario|Flash|
:----------- |:-----------:|:-----------:|:-----------:|:-----------:|:-----------:|:-----------:|:-----------:|:-----------:|:-----------:|
7|$20k/19541 |           |$22k/15240    |       |     $46k/9022        |$55k/25536  
6|$59k/24843 |           |$97k/24240    |             |$70k/11223    |$75k/29394  
5|$105k/28469|$54k/18328 |$165k/30650   |$121k/71289  |$101k/13146    |$94k/32185  
4|$156k/32448|$152k/25041|$246k/35550   |$312k/83324  |$153k/16547    |$120k/33768 
3|           |$380k/35490|$343k/42013   |$592k/94438  |$234k/20670   |$191k/43693 		
2|           |$686k/47552|$486k/52243   |$946k/106022 |$347k/23740 |$285k/61693  
1||$1.10M/73634|$801k/74490|$1.45M/136762|	$624k/42325|$484k/93693	|
0||$2.08M/94634| $1.84M/101271|$2.78M/162406|$1.75M/61559|$986k/123693|",2023-09-10T16:34:44,13,4,https://www.reddit.com/r/boxoffice/comments/16f4qoj/in_china_dust_to_dust_excedes_all_expectations/,Mission: Impossible – Dead Reckoning Part One,Mission: Impossible – Dead Reckoning Part One
16ej3jf,boxoffice,"ELI5: Why does having ""part 1"" in a film's title hurt its potential box office?",Like how MI7 is widely believed to have been kneecapped by this.,2023-09-09T22:38:03,6,41,https://www.reddit.com/r/boxoffice/comments/16ej3jf/eli5_why_does_having_part_1_in_a_films_title_hurt/,Mission: Impossible – Dead Reckoning Part One,Mission: Impossible – Dead Reckoning Part One
16e9pdd,boxoffice,"In China Dust To Dust shatters its $5.5M projections by grossing $12.6M on its opening day. Oppenheimer falls to 2nd after grossing $4.15M(-56%)/$43.85M on its 2nd Saturday vs MI7 ($1.9M), TF ($5.5M), GOTG3 ($8.8M). 2nd weekend could hit $10M(-53%). No More Bets in 3rd adds $3.08M(-53%)/$513M","---
#Daily Box Office (September 9th 2023)

Its not really a contest today as Dust to Dust easily takes first ahead of Oppehheimer and No More Bets. The other new releases do more timidly and won't be stick around for long. 30,000 Miles From Chang’an delivers its now customary large Saturday increase.

**Dust To Dust:** Shaters all expectations more than doubling its projections of $5.5M. Will comfortably win the weekend with just Saturday alone. Total projection raised from $26M to $56M.


|# | Movie |Gross|%YD| %LW|Screenings|Admisions(Today)|Total Gross|Projected Total Gross|
:----------- |:-----------|:-----------:|:-----------:|:-----------:|:-----------:|:-----------:|:-----------:|:-----------:|
1| Dust To Dust(release)      |$12.60M|  |/    |113412|2.2M  |$12.88M  |$56M  
2| Oppenheimer                |$4.15M |+95%   |-56% |33692 |0.70M |$43.85M  |$59M
3| No More Bets               |$3.08M |+44%   |-53% |52454 |0.56M |$513.12M |$523M
4| All Ears(release)          |$1.28M |/      |/    |62543 |0.22M |$1.33M   |$4.7M
3| Creation Of The Gods       |$1.25M |+35%   |-52% |19174 |0.22M |$353.78M |$359M
6| Papa                       |$1.11M |+22%   |-67% |18827 |0.20M |$79.47M  |$88M
7| Flaming Cloud              |$0.39M |/      |/    |43338 |0.07M |$0.39M   |$1.4M
8| 30,000 Miles From Chang’an |$0.23M |+285%  |-62% |3314  |0.04M |$249.96M |$251M
9| The Woman In The Storm     |$0.16M |-57%   |-78% |7076  |0.03M |$23.21M  |$25M
10| MEG 2: THE TRENCH         |$0.15M |-20%   |-75% |3568  |0.03M |$116.62M |$117M
11| Riples of Life  |$0.08M |-42%   |/    |10666 |0.01M |$0.24M   |$0.4M
12| Gran Turismo              |$0.07M |-22%   |-78% |1036  |0.01M |$1.57M   |$2M
13| One And Only              |$0.07M |-12%   |-69% |1039  |0.01M |$125.20M |$126M
*YD=Yesterday, LW=Last Week

---

###**Oppenheimer**

A nice 95% increase today pushes it slightly above projections. $10M(-53%) 2nd weekend no a posibility. Finaly jumps ahead of MI7 at the same points into their runs.

https://i.imgur.com/mscSm5l.png

After Douban dropped 0.1 point yesterday so does Maoyan today droping down to 9.4. Still excelent though.

Oppehneimer expectedly falls to 2nd in all big cities with Dust To Dust breaking out. IN Chongqing it falls to 3rd as No More Bets remains strong there. It also loses in all tiers of cities to to Dust To Dust. And in T3 and T4 it drops to 3rd.

And here's how the region map shapped up today.

https://i.imgur.com/sMS3tMs.png

Oppenheimer has been dusted of the map.

|#|WED|THU |FRI |SAT|SUN|MON|TUE|Total
:-----------:|:-----------:|:------------:|:------------:|:------------:|:------------:|:------------:|:------------:|:------------:|:------------:|
First Week|$5.23M|$4.05M|$4.54M|$9.32M|$7.42M|$2.21M|$1.85M|$34.62M 			
Second Week|$1.58M|$1.38M|$2.13M|$4.16M|/|/|/|$43.85M		
|%± LW|-69%|-67%|-54%|-56%|/|/|/|/|

**Scheduled showings update for Oppehheimer for the next few days:**

|Day |  Number of Showings |Presales|Projection
:----------- |:-----------:|:-----------:|:-----------:|
Today|33339|$1.24M|$3.83M
Sunday|37855|$1.10M|$3.84M
Monday|21026|$42k|$1.11M
---

###**No More Bets**

Falls to 3rd for the first time and also loses ground to Oppenheimer today after seeing a smaller Saturday increase.

After adding another 557k admits today its now 1.85M admits behind Ful River Red which is the highest grossing and viewed movie of the year.

Weekend projections back up to $7.7M.

|#|SAT |SUN |MON|TUE|WED|THU|FRI|Total
:-----------:|:-----------:|:------------:|:------------:|:------------:|:------------:|:------------:|:------------:|:------------:|:------------:|		
Fifth Week|$6.57M|$4.88M|$1.87M|$1.75M|$1.64M|$1.56M|$2.14M|$510.04M		
Sixth Week|$3.08M|/|/|/|/|/|/|$513.12M		
|%± LW|-53%|/|/|/|/|/|/|/|

**Scheduled showings update for No More Bets for the next few days:**

|Day |  Number of Showings |Presales|Projection
:----------- |:-----------:|:-----------:|:-----------:|
Today |51932|$289k|$2.72M
Sunday|57560|$227k|$2.51M
Monday|26852|$17k|$1.15M
---

###**Creation Of The Gods**

A bit under projections today but in turn Sunday is looking stronger.

Weekend projections up a bit to $3.55M(-42%) after a projected strong Sunday. 

|#|THU|FRI |SAT |SUN|MON|TUE|WED|Total
:-----------:|:-----------:|:------------:|:------------:|:------------:|:------------:|:------------:|:------------:|:------------:|:------------:|			
Seventh Week|$1.25M|$1.28M|$2.68M|$2.17M|$0.79M|$0.75M|$0.72M|$350.92M		
Eight Week|$0.68M|$0.93M|$1.25M|/|/|/|/|$353.78M		
|%± LW|-45%|-27%|-52%|/|/|/|/|/|
**Scheduled showings update for Creation Of The Gods for the next few days:**

|Day |  Number of Showings |Presales|Projection
:----------- |:-----------:|:-----------:|:-----------:|   
Today|18699|$195k|$1.29M
Sunday|24977|$195k|$1.37M
Monday|12616|$5k|$524k
---

###**Other stuff:**

Next big few holywood releases are Expendables 4 on the 15th alongside Hauting in Venice. After that the next wave of releases probably hits in November when Marvels and Hunger Games come out. Between now and then Local movies will once again take or better said keep the spotlight through the Holiday Period at the end of September start of October.

**Expendables 4** 63k(+5k)

Passes $100k in pre-sales for its opening day on Friday. Last one made over $72M back in 2014. This one likely makes 1/3rd of that at most.

**The Ex-Files 4** 1.319M(+17k)

Excedes 1.3M on the Want To See metric. The 6th highest in history. This is no guarantee for a high gross though especialy if WoM is terrible. Case in point. Wonder Family just earlier in the summer passed 1M in the metric only to crash and burn with less than $50M.",2023-09-09T16:16:33,31,8,https://www.reddit.com/r/boxoffice/comments/16e9pdd/in_china_dust_to_dust_shatters_its_55m/,Mission: Impossible – Dead Reckoning Part One,Mission: Impossible – Dead Reckoning Part One
16bo9mz,boxoffice,"In China Oppenheimer drops to 2nd after grossing just $1.58M(-69%)/$34.62M on its first WED vs MI7 ($2.4M), TF($2.3M) and GOTG3 ($2.6M). Early 2nd weekend projections put it at $7.8M(-63%). No More Bets retakes first with $1.64M(-65%)/$506M. Creation Of The Gods in 3rd adds $0.72M(-47%)/$351M.","---
#Daily Box Office (September 6th 2023)

Oppenheimer continues to sink losing the lead today for the first time since last Thursday.

**Dust To Dust:** Oppenheimers biggest competition this upcoming weekend continues its very limited pre-screenings adding another $40k. It currently has $567k in pre-sales for its opening day on Saturday. Its projected to open with $5.7M on Saturday which alongside Sunday should be enough for it to win the weekend even with just 2 days.

|# | Movie |Gross|%YD| %LW|Screenings|Admisions(Today)|Total Gross|Projected Total Gross|
:----------- |:-----------|:-----------:|:-----------:|:-----------:|:-----------:|:-----------:|:-----------:|:-----------:|
1| No More Bets               |$1.64M |-5%   |-65% |82433 |0.29M |$506.32M |$521M
2| Oppenheimer                |$1.58M |-15%  |-69% |57428 |0.27M |$36.20M  |$56M
3| Creation Of The Gods       |$0.72M |-4%   |-47% |35400 |0.12M |$350.92M |$357M
4| Papa                       |$0.48M |-9%   |-78% |42358 |0.08M |$77.00M  |$89M
5| The Woman In The Storm     |$0.35M |-4%   |-40% |21987 |0.06M |$22.35M  |$27M
6| MEG 2: THE TRENCH          |$0.16M |-3%   |-62% |11910 |0.03M |$116.13M |$117M
8| Gran Turismo               |$0.09M |-13%  |/    |9052  |0.02M |$1.33M   |$2M
9| Heart's Motive             |$0.08M |-3%   |-60% |7695  |0.02M |$7.21M   |$8M
7| One And Only               |$0.07M |-30%  |-58% |4672  |0.01M |$124.99M |$126M
10| Dust To Dust(pre-screenings)|$0.04M|-20% |/    |8     |0.002M|$0.17M   |/  
11| 30,000 Miles From Chang’an|$0.04M |-20%  |-87% |5944  |0.01M |$249.63M |$251M
*YD=Yesterday, LW=Last Week

---

###**Oppenheimer**

Oppenheimer once again sticking out like a sore thumb with a double digit drop from yesterday in a sea of sub 10% drops. Does in fact fall behind No More Bets today and drops -69% from its opening day last week.

Early weekend projections have it doing $7.8M. -63% of its $21.3M FRI-SUN weekend. 

Loses further ground to GOTG3 today.

https://i.imgur.com/okLhEy7.png

WoM remains very strong with the 9.5 on Maoyan and 8.9 on Douban holding.

Oppehneimer continued to dominate across the big cities except the now cemented outlier in Chongqing. As for cities in general nothing changes with it winning T1 and T2 and losing T3 and T4 cities.  

And here's how the region map shapped up today.

https://i.imgur.com/GBGErq6.png

Further loses for Oppenheimer which is down to just 5 provinces. 2 less than yesterday.


|#|WED|THU |FRI |SAT|SUN|MON|TUE|Total
:-----------:|:-----------:|:------------:|:------------:|:------------:|:------------:|:------------:|:------------:|:------------:|:------------:|
First Week|$5.23M|$4.05M|$4.54M|$9.32M|$7.42M|$2.21M|$1.85M|$34.62M 			
Second Week|$1.58M|/|/|/|/|/|/|$36.20M		
|%± LW|-69%|/|/|/|/|/|/|/|

**Scheduled showings update for Oppehheimer for the next few days:**

|Day |  Number of Showings |Presales|Projection
:----------- |:-----------:|:-----------:|:-----------:|
Today|57849|$357k|$1.62M
Thursday|56793|$313k|$1.36M
Friday|36390|$180k|$1.77M

---

###**No More Bets**

Back in the lead today and will likely stay there till Saturday. 

Early weekend projections have it doing $7.2M(-53%). 

|#|SAT |SUN |MON|TUE|WED|THU|FRI|Total
:-----------:|:-----------:|:------------:|:------------:|:------------:|:------------:|:------------:|:------------:|:------------:|:------------:|		
Fourth Week|$12.78M|$11.20M|$5.88M|$5.53M|$4.65M|$4.34M|$3.90M|$489.61M	
Fifth Week|$6.57M|$4.88M|$1.87M|$1.75M|/|/|/|$506.32M		
|%± LW|-40%|-56%|-68%|-68%|-65|/|/|/|

**Scheduled showings update for No More Bets for the next few days:**

|Day |  Number of Showings |Presales|Projection
:----------- |:-----------:|:-----------:|:-----------:|
Today |82386|$140k|$1.62M
Thursday |82132|$148k|$1.51M
Friday |47693|$62k|$1.89M

---

###**Creation Of The Gods**

Another stellar day. A sub 50% drop from last week

Early weekend projecitons have it doing $3.27M(-47%)

|#|THU|FRI |SAT |SUN|MON|TUE|WED|Total
:-----------:|:-----------:|:------------:|:------------:|:------------:|:------------:|:------------:|:------------:|:------------:|:------------:|			
Sixth Week|$2.47M|$2.52M|$4.47M|$4.03M|$1.89M|$1.80M|$1.35M|$341.28M
Seventh Week|$1.25M|$1.28M|$2.68M|$2.17M|$0.79M|$0.75M|$0.72M|$350.92M		
|%± LW|-49%|-49%|-40%|-46%|-58%|-58%|-47%|/|
**Scheduled showings update for Creation Of The Gods for the next few days:**

|Day |  Number of Showings |Presales|Projection
:----------- |:-----------:|:-----------:|:-----------:|   
Today|35320|$74k|$709k
Thursday|35723|$77k|$689k
Friday|21384|$38k|$827k
---

###**Other stuff:**

Next big few holywood releases are. Well there aint any really. There's Haunting in Venice but thats unlikely to make an impact. Next wave of releases probably hits in November when Marvels and Hunger Games come out. Between now and then Local movies will once again take or better said keep the spotlight through the Holiday Period at the end of September start of October.

**Blue Beetle** 

Still no word on a China release for this. At this point its probably not coming. 

**Gran Turismo**

With another 87k on Monday GT climbs to $1.32M total

**The Ex-Files 4** 1.267M(+15k)",2023-09-06T16:09:31,52,11,https://www.reddit.com/r/boxoffice/comments/16bo9mz/in_china_oppenheimer_drops_to_2nd_after_grossing/,Mission: Impossible – Dead Reckoning Part One,Mission: Impossible – Dead Reckoning Part One
16asbrz,boxoffice,"In China Oppenheimer continues to struggle in the weekdays grossing just $1.85M/$34.62M on its first TUE vs MI7 ($2.7M), TF($2.6M) and GOTG3 ($3M). Down 16% from YD. No More Bets closing in with $1.75M(-68%)/$505M. Could pass Oppenheimer tomorow. Creation Of The Gods in 3rd adds $0.75M(-58%)/$350M","---
#Daily Box Office (September 5th 2023)

The slaughter contieues as the market falls below ¥50M. Most stuff drops single digits with a few outliers. Including Oppenheimer.

**Dust To Dust:** Oppenheimers biggest competition this upcoming weekend continues its very limited pre-screenings adding another $50k. It currently has $432k in pre-sales for its opening day on Saturday. 

|# | Movie |Gross|%YD| %LW|Screenings|Admisions(Today)|Total Gross|Projected Total Gross|
:----------- |:-----------|:-----------:|:-----------:|:-----------:|:-----------:|:-----------:|:-----------:|:-----------:|
1| Oppenheimer                |$1.85M |-16%  |/    |58568 |0.32M |$34.62M  |$57M
2| No More Bets               |$1.75M |-7%   |-68% |83521 |0.31M |$504.68M |$521M
3| Creation Of The Gods       |$0.75M |-5%   |-58% |35070 |0.13M |$350.20M |$358M
4| Papa                       |$0.53M |-8%   |-80% |43674 |0.09M |$76.52M  |$89M
5| The Woman In The Storm     |$0.35M |-7%   |-59% |21177 |0.06M |$22.00M  |$27M
6| MEG 2: THE TRENCH          |$0.16M |-6%   |-75% |11534 |0.03M |$115.97M |$117M
7| One And Only               |$0.10M |-56%  |-58% |4524  |0.02M |$124.92M |$124M
8| Gran Turismo               |$0.10M |-8%   |/    |9562  |0.02M |$1.24M   |$2M
9| Heart's Motive             |$0.08M |-3%   |-84% |7524  |0.02M |$7.13M   |$8M
10| Dust To Dust(pre-screenings)|$0.05M|+20%  |/|7         |0.001M|$0.13M   |/  
11| 30,000 Miles From Chang’an|$0.05M |-5%   |-88% |5900  |0.01M |$249.59M |$251M
12| Just For Meeting You      |0.04M  |-13%  |-85% |4786  |0.01M |$10.15M  |$11M    
*YD=Yesterday, LW=Last Week

---

###**Oppenheimer**

Oppenheimer sticking out like a sore thumb with a double digit drop from yesterday in a sea of sub 10% drops. Might already lose 1st to No More Bets again tomorrow and if not then very likely on Thursday. 


These poor weekdays mean its losing ground to GOTG3. Really needs a strong weekend.

https://i.imgur.com/okLhEy7.png

WoM remains very strong with the 9.5 on Maoyan and 8.9 on Douban holding.

Oppehneimer continued to dominate across the big cities except the now cemented outlier in Chongqing. As for cities in general nothing changes with it winning T1 and T2 and losing T3 and T4 cities.  

And here's how the region map shapped up today.

https://i.imgur.com/dnEsBxa.png

No More Bets wins back another province in the North West back from Oppenheimer.


|#|WED|THU |FRI |SAT|SUN|MON|TUE|Total
:-----------:|:-----------:|:------------:|:------------:|:------------:|:------------:|:------------:|:------------:|:------------:|:------------:|
First Week|$5.23M|$4.05M|$4.54M|$9.32M|$7.42M|$2.21M|$1.85M|$34.62M 			

**Scheduled showings update for Oppehheimer for the next few days:**

|Day |  Number of Showings |Presales|Projection
:----------- |:-----------:|:-----------:|:-----------:|
Today|58608|$415k|$1.80M
Wednesday|57849|$357k|$1.62M
Thursday|38753|$102k|$1.45M

###**No More Bets**

Drops slightly better from yesterday than Oppenheimer but still almost 70% from last week.

|#|SAT |SUN |MON|TUE|WED|THU|FRI|Total
:-----------:|:-----------:|:------------:|:------------:|:------------:|:------------:|:------------:|:------------:|:------------:|:------------:|		
Fourth Week|$12.78M|$11.20M|$5.88M|$5.53M|$4.65M|$4.34M|$3.90M|$489.61M	
Fifth Week|$6.57M|$4.88M|$1.87M|$1.75M|/|/|/|$504.68M		
|%± LW|-40%|-56%|-68%|-68%|/|/|/|/|

**Scheduled showings update for No More Bets for the next few days:**

|Day |  Number of Showings |Presales|Projection
:----------- |:-----------:|:-----------:|:-----------:|
Today |83612|$146k|$1.80M
Wednesday |82386|$140k|$1.62M
Thursday |50376|$52k|$1.53M

###**Creation Of The Gods**

Remains below 60% for the week on week drops and just 5% down from yesterday. One of the lowest drops for the day.

It has now passed $350M

|#|THU|FRI |SAT |SUN|MON|TUE|WED|Total
:-----------:|:-----------:|:------------:|:------------:|:------------:|:------------:|:------------:|:------------:|:------------:|:------------:|			
Sixth Week|$2.47M|$2.52M|$4.47M|$4.03M|$1.89M|$1.80M|$1.35M|$341.28M
Seventh Week|$1.25M|$1.28M|$2.68M|$2.17M|$0.79M|$0.75M|/|$350.20M		
|%± LW|-49%|-49%|-40%|-46%|-58%|-58%|/|/|
**Scheduled showings update for Creation Of The Gods for the next few days:**

|Day |  Number of Showings |Presales|Projection
:----------- |:-----------:|:-----------:|:-----------:|   
Today|34887|$79k|$733k
Wednesday|35320|$74k|$709k
Thursday|21937|$14k|$667k
---

###**Other stuff:**

Next big few holywood releases are. Well there aint any really. There's Haunting in Venice but thats unlikely to make an impact. Next wave of releases probably hits in November when Marvels and Hunger Games come out. Between now and then Local movies will once again take or better said keep the spotlight through the Holiday Period at the end of September start of October.

---

**Blue Beetle** 

Still no word on a China release for this. At this point its probably not coming. 

**Gran Turismo**

With another 100k on Monday GT climbs to $1.24M total

**The Ex-Files 4** 1.252M(+16k)",2023-09-05T16:08:52,39,14,https://www.reddit.com/r/boxoffice/comments/16asbrz/in_china_oppenheimer_continues_to_struggle_in_the/,Mission: Impossible – Dead Reckoning Part One,Mission: Impossible – Dead Reckoning Part One
169wamt,boxoffice,"In China the end of the summer weekdays hits the market like a freight train. Oppenheimer grossed $2.21M/$32.77M on MON vs MI7 ($3.1M), TF($3.2M) and GOTG3 ($3.5M). Down 70% from YD. No More Bets adds $1.87M(-68%)/$503M followed by Creation Of The Gods which takes back 3rd with $0.79M(-58%)/$349M.","---
#Daily Box Office (September 4st 2023)

The summer is over and so is the decent grosses on weekdays. The market drops over 50% on average vs last week. Only a few movies manage sub 60% drops from last week.

**Dust To Dust:** Oppenheimers biggest competition in the 2nd weekend will be holding very limited pre-screenings for the whole week before its Saturday release with tickets going up to ¥284/$35.

|# | Movie |Gross|%YD| %LW|Screenings|Admisions(Today)|Total Gross|Projected Total Gross|
:----------- |:-----------|:-----------:|:-----------:|:-----------:|:-----------:|:-----------:|:-----------:|:-----------:|
1| Oppenheimer                |$2.21M |-70%  |/    |59307 |0.38M |$32.77M  |$58M
2| No More Bets               |$1.87M |-62%  |-68% |84719 |0.33M |$502.93M |$525M
3| Creation Of The Gods       |$0.79M |-63%  |-58% |34670 |0.13M |$349.45M |$358M
4| Papa                       |$0.58M |-78%  |-79% |45030 |0.10M |$75.99M  |$89M
5| The Woman In The Storm     |$0.38M |-43%  |-56% |20296 |0.07M |$21.65M  |$27M
6| One And Only               |$0.23M |+5%   |+15% |4541  |0.04M |$124.82M |$127M
7| MEG 2: THE TRENCH          |$0.17M |-69%  |-75% |11405 |0.03M |$115.81M |$117M
8| Gran Turismo               |$0.11M |-59%  |/    |10286 |0.02M |$1.14M   |$2M
9| Heart's Motive             |$0.08M |-53%  |-87% |7286  |0.03M |$7.05M   |$8M
10| Dust To Dust(pre-screenings)|$0.05M|+90  |/|7         |0.001M|$0.08M   |/  
11| 30,000 Miles From Chang’an|$0.05M |-91%  |-88% |9725  |0.01M |$249.54M |$251M
12| Just For Meeting You      |$0.05M |-55%  |-83% |4908  |0.01M |$10.11M  |$11M    
*YD=Yesterday, LW=Last Week

---

###**Oppenheimer**

Oppenheimer just like the rest of the market does worse than predicted. Summer weekdays are over and Oppenheimer isn't spared.

The hope turns to weekends now.

https://i.imgur.com/XlylEqu.png

WoM remains very strong with the 9.5 on Maoyan and 8.9 on Douban holding.

Oppehneimer continued to dominate across the big cities but has now lost Chongqing again. Not just to No More Bets but also to One and Only which tops the day in that city. As for cities in general nothing changes with it winning T1 and T2 and losing T3 and T4 cities.  

And here's how the region map shapped up today.

https://i.imgur.com/GPSkWZu.png

No More Bets strikes back taking back the North-East provinces as well as some in the south. Then there is ofc the previously mentioned One and Only which takes Chongqing.


|#|WED|THU |FRI |SAT|SUN|MON|TUE|Total
:-----------:|:-----------:|:------------:|:------------:|:------------:|:------------:|:------------:|:------------:|:------------:|:------------:|
First Week|$5.23M|$4.05M|$4.54M|$9.32M|$7.42M|$2.21M|/|$32.77M 			

**Scheduled showings update for Oppehheimer for the next few days:**

|Day |  Number of Showings |Presales|Projection
:----------- |:-----------:|:-----------:|:-----------:|
Today|59424|$478k|$2.81M
Tuesday|58608|$415k|$1.98M
Wednesday|37899|$115k|$1.78M

###**No More Bets**

Drops slightly better from yesterday than Oppenheimer but still almost 70% from last week.

|#|SAT |SUN |MON|TUE|WED|THU|FRI|Total
:-----------:|:-----------:|:------------:|:------------:|:------------:|:------------:|:------------:|:------------:|:------------:|:------------:|		
Fourth Week|$12.78M|$11.20M|$5.88M|$5.53M|$4.65M|$4.34M|$3.90M|$489.61M	
Fifth Week|$6.57M|$4.88M|$1.87M|/|/|/|/|$502.93M		
|%± LW|-40%|-56%|-68%|/|/|/|/|/|

**Scheduled showings update for No More Bets for the next few days:**

|Day |  Number of Showings |Presales|Projection
:----------- |:-----------:|:-----------:|:-----------:|
Today |89996|$123k|$2.34M
Tuesday |83612|$146k|$1.80M
Wednesday |48999|$42k|$1.71M

###**Creation Of The Gods**

Back in 3rd after 2 weeks as it holds much better than Papa and better than most movies. Sub 60% drop from last week.

|#|THU|FRI |SAT |SUN|MON|TUE|WED|Total
:-----------:|:-----------:|:------------:|:------------:|:------------:|:------------:|:------------:|:------------:|:------------:|:------------:|			
Sixth Week|$2.47M|$2.52M|$4.47M|$4.03M|$1.89M|$1.80M|$1.35M|$341.28M
Seventh Week|$1.25M|$1.28M|$2.68M|$2.17M|$0.79M|/|/|$349.45M		
|%± LW|-49%|-49%|-40%|-46%|-58%|/|/|/|
**Scheduled showings update for Creation Of The Gods for the next few days:**

|Day |  Number of Showings |Presales|Projection
:----------- |:-----------:|:-----------:|:-----------:|   
Today|34654|$75k|$978k
Tuesday|34887|$79k|$733k
Wednesday|20837|$13k|$689k
---

###**Other stuff:**

Next big few holywood releases are. Well there aint any really. There's Haunting in Venice but thats unlikely to make an impact. Next wave of releases probably hits in November when Marvels and Hunger Games come out. Between now and then Local movies will once again take or better said keep the spotlight through the Holiday Period at the end of September start of October.

---

**Blue Beetle** 

Still no word on a China release for this. At this point its probably not coming. 

**Gran Turismo**

With another 111k on Monday GT climbs to $1.14M total

**The Ex-Files 4** 1.236M(+16k)",2023-09-04T16:17:41,26,6,https://www.reddit.com/r/boxoffice/comments/169wamt/in_china_the_end_of_the_summer_weekdays_hits_the/,Mission: Impossible – Dead Reckoning Part One,Mission: Impossible – Dead Reckoning Part One
169sxwb,boxoffice,What was not on your box office bingo card for this summer?,For me it was elemental passing Indy 5 and The Flash. Just wildly surprising. Also another surprising one for me was MI7 making less than 6.,2023-09-04T14:07:07,4,20,https://www.reddit.com/r/boxoffice/comments/169sxwb/what_was_not_on_your_box_office_bingo_card_for/,Mission: Impossible – Dead Reckoning Part One,Mission: Impossible – Dead Reckoning Part One
1690zb2,boxoffice,In China Oppenheimer takes 1st in its opening weekend collecting $21.3M for its 3 day and $30.56M for its 5 day opening. In 2nd No More Bets passed $500M after adding $15.35M(-54%)/$501M followed by Papa $7.5M(-49%)/$75M and Creation Of The Gods $6.1M(-44%)/$348M. GT in 8th flops with a $1M opening,"#Weekend Box Office (September 1st-3rd 2023)

Oppenheimer wins the weekend quite comfrotably in the end after a strong Saturday and Sunday. No More Bets settles for 2nd ahead of Papa and Creation Of The Gods which both hold well. GT opens in a lowly 8th crawling to a $1M opening weekend.

|# | Movie                 |Gross| %LW|Total Gross| Weekends
:----------- |:-----------|:-----------:|:-----------:|:-----------:|:-----------:|:-----------:|:-----------:|:-----------:|:-----------:|:-----------:
1| Oppenheimer (3 Day/5Day)      |$21.28M/$30.56M |/|$30.56M   |1
2| No More Bets                  |$15.35M   |-54%   |$501.06M  |5
3| Papa                          |$7.49M    |-49%   |$75.41M   |3
4| Creation Of The Gods Part I   |$6.13M    |-44%   |$348.66M  |7
5| The Woman In The Storm        |$1.97M    |-46%   |$21.27M   |3
6| Meg 2                         |$1.41M    |-49%   |$115.64M  |5
7| 30,000 Miles From Chang’an    |$1.30M    |-42%   |$249.49M  |9
8| Gran Turismo                  |$1.03M    |/      |$1.03M    |1 
9| One and Only                  |$0.58M    |-44%   |$124.58M  |6
10| Heart's Motive               |$0.51M    |-89    |$6.97M    |2
11| Just For Meeting You         |$0.35M    |-70%   |$10.04M   |2 
12| Raid On The Lethal Zone      |$0.26M    |-90%   |$3.63M    |2 

---
#Daily Box Office (September 3st 2023)

Worse Sunday than predicted pretty much across the range with most movies droping double digits from yesterday. Everything settling into a more normal school period.

|# | Movie |Gross|%YD| %LW|Screenings|Admisions(Today)|Total Gross|Projected Total Gross|
:----------- |:-----------|:-----------:|:-----------:|:-----------:|:-----------:|:-----------:|:-----------:|:-----------:|
1| Oppenheimer                |$7.42M |-21%  |/    |64456 |1.2M  |$30.56M  |$63M
2| No More Bets               |$4.88M |-26%  |-56% |92188 |0.84M  |$501.06M |$536M
3| Papa                       |$2.66M |-21%  |-51% |49632 |0.46M |$75.41M  |$95M
4| Creation Of The Gods       |$2.17M |-19%  |-46% |36201 |0.36M |$348.66M |$367M
5| The Woman In The Storm     |$0.67M |-19%  |-50% |19511 |0.12M |$21.27M  |$27M
6| 30,000 Miles From Chang’an |$0.59M |-3%   |-40% |9725  |0.10M |$249.49M |$251M
7| MEG 2: THE TRENCH          |$0.55M |-10%  |-53% |12698 |0.09M |$115.64M |$119M
8| Gran Turismo               |$0.27M |-3%   |/    |13203 |0.05M |$1.03M   |$1.9M
9| One And Only               |$0.22M |-5%   |-47% |4119  |0.04M |$124.58M |$127M
10| Heart's Motive            |$0.17M |-19%  |-63% |6889  |0.03M |$6.97M   |$8M
11| Just For Meeting You      |$0.11M |-25%  |-70% |4908  |0.02M |$10.04M  |$11M    
12| Raid On The Lethal Zone   |$0.07M |-30%  |-88% |4349  |0.01M |$3.63M   |$5M
*YD=Yesterday, LW=Last Week

---

###**Oppenheimer**

Not as strong as projected today means Oppenheimer gets to $30.56M for its 5 day opening. Good result all in all. Now its on the legs to get this past $60M

Its first 5 days are on par with MI7 and slightly behind GOTG3 although it should pass MI7 pretty quickly with better legs and less competition.

https://i.imgur.com/ssRnbPv.png

WoM remains very strong 9.5 on Maoyan holding and Douban increasing to 8.9!!! Crazy stuff.

Oppehneimer continued to dominate across the big cities and just like yesterday won them all. It also kept the same status quo in the tiers winning T1 and T2 and losing T3 and T4.  

And here's how the region map shapped up today.

https://i.imgur.com/GPSkWZu.png

Again more purple than the day before with Oppenheimer swinging 2 more provinces into its favor in the South.



|#|WED|THU |FRI |SAT|SUN|MON|TUE|Total
:-----------:|:-----------:|:------------:|:------------:|:------------:|:------------:|:------------:|:------------:|:------------:|:------------:|
First Week|$5.23M|$4.05M|$4.54M|$9.32M|$7.42M|/|/|$30.56M 			

**Scheduled showings update for Oppehheimer for the next few days:**

|Day |  Number of Showings |Presales|Projection
:----------- |:-----------:|:-----------:|:-----------:|
Today|64459|$2.56M|$8.41M
Monday|59424|$478k|$2.81M
Tuesday|35134|$105k|$2.53M

###**No More Bets**

A solid weekend means it manages to pass $500M on Sunday. The 3rd movie in China to do so this year and the 5th movie to pass $500M in a single market WW this year joining the Chinese Ful River Red and Wandering Earth 2 and Holywoods Super Mario and Barbie.

It has recorded the 5th best 5th weekend in history. Interestingly already behind Creation Of The Gods on that front.

https://twitter.com/bulletproofsqui/status/1698358587242971338

|#|SAT |SUN |MON|TUE|WED|THU|FRI|Total
:-----------:|:-----------:|:------------:|:------------:|:------------:|:------------:|:------------:|:------------:|:------------:|:------------:|		
Fourth Week|$12.78M|$11.20M|$5.88M|$5.53M|$4.65M|$4.34M|$3.90M|$489.61M	
Fifth Week|$6.57M|$4.88M|/|/|/|/|/|$501.06M		
|%± LW|-40%|-56%|/|/|/|/|/|/|

**Scheduled showings update for No More Bets for the next few days:**

|Day |  Number of Showings |Presales|Projection
:----------- |:-----------:|:-----------:|:-----------:|
Today |92640|$442k|$5.71M
Monday |89996|$123k|$2.34M
Tuesday |46439|$34k|$2.13M

###**Creation Of The Gods**

Another excelent weekend for Creation Of the Gods. Charting the 2nd  best 7th weekend of all time behind Nezha

https://twitter.com/bulletproofsqui/status/1698359568949252240

Tomorrow will be its first day under $1M 47 days into its run and it will pass $350M on Tuesday.

|#|THU|FRI |SAT |SUN|MON|TUE|WED|Total
:-----------:|:-----------:|:------------:|:------------:|:------------:|:------------:|:------------:|:------------:|:------------:|:------------:|			
Sixth Week|$2.47M|$2.52M|$4.47M|$4.03M|$1.89M|$1.80M|$1.35M|$341.28M
Seventh Week|$1.25M|$1.28M|$2.68M|$2.17M|/|/|/|$348.66M		
|%± LW|-49%|-49%|-40%|-46%|/|/|/|/|
**Scheduled showings update for Creation Of The Gods for the next few days:**

|Day |  Number of Showings |Presales|Projection
:----------- |:-----------:|:-----------:|:-----------:|   
Today|36159|$310k|$2.44M
Monday|34654|$75k|$978k
Tuesday|19345|$10k|$900k
---

###**Other stuff:**

Next big few holywood releases are. Well there aint any really. There's Haunting in Venice but thats unlikely to make an impact. Next wave of releases probably hits in November when Marvels and Hunger Games come out. Between now and then Local movies will once again take or better said keep the spotlight through the Holiday Period at the end of September start of October.

---

**Blue Beetle** 

Still no word on a China release for this. At this point its probably not coming. 

**Gran Turismo**

With another 270k on Sunday GT manages to just sneak past $1M for its opening weekend. The crowd goes mild.

**The Ex-Files 4** 1.220M(+21k)",2023-09-03T16:13:58,42,6,https://www.reddit.com/r/boxoffice/comments/1690zb2/in_china_oppenheimer_takes_1st_in_its_opening/,Mission: Impossible – Dead Reckoning Part One,Mission: Impossible – Dead Reckoning Part One
1685241,boxoffice,Japan box office September 2,https://twitter.com/Franspeech/status/1697969676683227219?t=ovc9J9PNNce16f2lVvhedQ&amp;s=19,2023-09-02T15:15:03,8,9,https://i.redd.it/ih6x1q1nzulb1.jpg,Mission: Impossible – Dead Reckoning Part One,Mission: Impossible – Dead Reckoning Part One
167fm05,boxoffice,Japan weekly box office (August 28-31),https://twitter.com/Franspeech/status/1697407622012366971?t=62lIQMSeTc_lKJkdOwc4-Q&amp;s=19,2023-09-01T18:53:01,8,0,https://i.redd.it/jqxns78mxolb1.jpg,Mission: Impossible – Dead Reckoning Part One,Mission: Impossible – Dead Reckoning Part One
164mhda,boxoffice,In China Oppenheimer starts its run collecting $348k from midnight previews. Tomorrow it opens across a low 67k screenings and is projected an opening day of $6.7M. 5 day opening through SUN looking around $30M. Total projections start at $53M. No More Bets leads the daily BO with $5.5M(-75%)/477M,"---
#Daily Box Office (August 29th 2023)

Single digit drops from pretty much everything today as nothing much happened. 

Week on week drops are much more interesting as last week was a Holiday which means the movies that benefited from it see big drops. The movies that didn't see smaller ones and then there's 30,000 Miles From Chang’an which casualy jumps +30%.

|# | Movie |Gross|%YD| %LW|Screenings|Admisions(Today)|Total Gross|Projected Total Gross|
:----------- |:-----------|:-----------:|:-----------:|:-----------:|:-----------:|:-----------:|:-----------:|:-----------:|
1| No More Bets               |$5.53M |-6%  |-75% |115179|0.98M |$476.72M |$534M
2| Papa                       |$2.69M |-3%  |-67% |62484 |0.48M |$63.90M  |$98M
3| Creation Of The Gods       |$1.80M |-5%  |-64% |44009 |0.30M |$339.93M |$361M
4| The Woman In The Storm     |$0.85M |-4%  |-34% |25520 |0.15M |$18.16M  |$28M
5| MEG 2: THE TRENCH          |$0.65M |-4%  |-25% |17242 |0.11M |$113.42M |$121M
6| Heart's Motive             |$0.52M |-17% |/    |24742 |0.10M |$6.01M   |$10M
7| 30,000 Miles From Chang’an |$0.40M |-2%  |+30% |11126 |0.07M |$247.62M |$254M
8| Oppenheimer                |$0.35M |/    |/     |2106 |0.05M |$0.35M   |$53M
9| Just For Meeting You       |$0.28M |-3%  |-95% |10119 |0.05M |$9.38M   |$11M
10| Raid On The Lethal Zone   |$0.24M |-14% |/    |15792 |0.05M |$3.19M   |$5M
11| One And Only              |$0.20M |-0%  |-30% |4964  |0.04M |$123.73M |$124M
12| Death Notice              |$0.11M |-5%  |-82% |6195  |0.02M |$10.39M  |$11M
13| Oh my School              |$0.12M |-0%  |-3%  |4602  |0.02M |$51.58M  |$54M
14| Never Say Never           |$0.12M |-0%  |-0%  |4796  |0.02M |$302.79M |$303M

*YD=Yesterday, LW=Last Week

---

###**Oppenheimer**

Oppenheimer scores $348k in midnight previews vs GOTG3:$384k, MI7: $340k. Raw opening day projected at $6.4M. $6.7M with previews. Total gross projections start at $53M. Lets see how that changes over the next few days.

|#|WED|THU |FRI |SAT|SUN|MON|TUE|Total
:-----------:|:-----------:|:------------:|:------------:|:------------:|:------------:|:------------:|:------------:|:------------:|:------------:|
First Week|/|/|/|/|/|/|0.35M| 			

**Scheduled showings update for Oppehheimer for the next few days:**

|Day |  Number of Showings |Presales|Projection
:----------- |:-----------:|:-----------:|:-----------:|
Today|2157|$150k|$368k
Wednesday|67710|$2.33M|$6.38M
Thursday|43972|$437k|$4.40M
Friday|22593|$249k|$5.28M

###**No More Bets**

No More Bets has passes $475M. Now just a few days away from passing Lost In The Stars ($486M) to become the 3rd highest grossing movie of the year.

Scores on Maoyan and Douban remain 9.1 and 6.9 respectively.

|#|SAT |SUN |MON|TUE|WED|THU|FRI|Total
:-----------:|:-----------:|:------------:|:------------:|:------------:|:------------:|:------------:|:------------:|:------------:|:------------:|
Third Week|$25.31M|$22.46M|$12.32M|$22.10M|$10.40M|$8.83M|$9.22M|$441.33M		
Fourth Week|$12.78M|$11.20M|$5.88M|$5.53M|/|/|/|$476.72M		
|%± LW|-49%|-50%|-52%|-75%|/|/|/|/|

**Scheduled showings update for No More Bets for the next few days:**

|Day |  Number of Showings |Presales|Projection
:----------- |:-----------:|:-----------:|:-----------:|
Today|115309|$514k|$5.64M
Wednesday|96595|$445k|$4.42M
Thursday |58043|$83k|$4.20M

###**Creation Of The Gods**

As one of the winners from last weeks Valentines day Creation Of The Gods sees a big drop. That should stabilize tomorrow.

Astonishingly enough its Douban score 6 weeks into the run has jumped from 7.8 to 7.9

|#|THU|FRI |SAT |SUN|MON|TUE|WED|Total
:-----------:|:-----------:|:------------:|:------------:|:------------:|:------------:|:------------:|:------------:|:------------:|:------------:|
Fifth Week|$3.83M|$3.75M|$6.70M|$6.26M|$3.09M|$4.98M|$2.84M|$322.75M			
Sixth Week|$2.47M|$2.52M|$4.47M|$4.03M|$1.89M|$1.80M|/|$338.13M		
|%± LW|-35%|-33%|-34%|-36%|-39%|-64%|/|/|
**Scheduled showings update for Creation Of The Gods for the next few days:**

|Day |  Number of Showings |Presales|Projection
:----------- |:-----------:|:-----------:|:-----------:|   
Today|43961|$210k|$1.79M
Wednesday|34036|$163k|$1.35M
Thursday|20428|$27k|$1.30M
---

###**Meg 2**

Meg 2 as one of the losers last week sees a much smaller drop. That in turn will increase tomorrow.

|#|FRI|SAT |SUN |MON|TUE|WED|THU|Total
:-----------:|:-----------:|:------------:|:------------:|:------------:|:------------:|:------------:|:------------:|:------------:|:------------:|
Third Week|$1.46M|$2.28M|$2.17M|$1.16M|$0.87M|$0.95M|$0.83M|$109.31M			
Fourth Week|$0.52M|$1.07M|$1.18M|$0.68M|$0.65M|/|/|$113.42M		
|%± LW|-64%|-53%|-46%|-41%|-25%|/|/|/|

**Scheduled showings update for The Meg 2 for the next few days:**

|Day |  Number of Showings |Presales|Projection
:----------- |:-----------:|:-----------:|:-----------:|
Today|17034|$43k|$645k
Wednesday|12027|$30k|$429k
Thursday|6934|$3k|$407k
---

###**Other stuff:**

Next big few holywood releases are Oppenheimer on the 30th of August and Gran Turismo on the 1st September. Some WTS(Want To See Numbers) for those movies as well as some comparisons to how other revelant movies in a comparable number of days till release. **Note these are not pre-sales**. This is just a checkbox on Maoyan saying that your interested in the movie. The pre-sales are only ever in tables and compared to more than just 1-2 movies.

---

**Oppenheimer:**

Screenings hit a pretty mediocre 67.7k in the end. Far lower than pretty much any big Holywood release this year.

Opening day pre-sales comparison:

|Days till release | Oppenheimer| MI7:DR |Guardians Of The Galaxy 3|Transformers ROTB|Fast X|Spider-Man: Across the Spider-Verse|
:----------- |:-----------:|:-----------:|:-----------:|:-----------:|:-----------:|:-----------:|:-----------:|:-----------:|:-----------:|
7|  /         |    /      |$22k/15240    | /      |    /                 |$96k/21854  |
6|$120k/9869 |/          |$97k/24240    |     /        |$196k/69382    |$170k/27854 |
5|$316k/15753|$54k/18328 |$165k/30650   |$121k/71289  |$471k/82292    |$234k/30250  |	
4|$485k/19620|$152k/25041|$246k/35550   |$312k/83324  |$728k/92034    |$317k/33450 |
3|$635k/25056|$380k/35490|$343k/42013   |$592k/94438  |$988k/103517   |$434k/39867 |$171K/38008		
2|$836k/30687|$686k/47552|$486k/52243   |$946k/106022 |$1.35M/114980 |$568k/52867  |$487K/58112
1|$1.24M/48729|$1.10M/73634|$801k/74490  |$1.45M/136762|$2.08M/140431 |$762k/74867 |$763K/85291	
0|$2.33M/67706|$2.08M/94634|$1.84M/101271|$2.78M/162406|$3.97M/168748|$1.45M/94140|$1.56M/106474	
*Gross/Screenings

---

**Blue Beetle** 

Still no word on a China release for this.

**Gran Turismo** 48k(+0.4k)

**The Ex-Files 4** 1.117M(+4k)",2023-08-29T16:04:37,59,11,https://www.reddit.com/r/boxoffice/comments/164mhda/in_china_oppenheimer_starts_its_run_collecting/,Mission: Impossible – Dead Reckoning Part One,"Mission: Impossible – Dead Reckoning Part One, Spider-Man: Across the Spider-Verse"
163kpt5,boxoffice,Can MI7 ($551M) still beat The Little Mermaid ($568M) at the worldwide boxoffice?,"

[View Poll](https://www.reddit.com/poll/163kpt5)",2023-08-28T12:25:57,21,21,https://www.reddit.com/r/boxoffice/comments/163kpt5/can_mi7_551m_still_beat_the_little_mermaid_568m/,Mission: Impossible – Dead Reckoning Part One,Mission: Impossible – Dead Reckoning Part One
162z5jq,boxoffice,Studio predictions for National Cinema Day Sunday are all over the map! Saturday-to-Sunday estimated changes:,https://twitter.com/GiteshPandya/status/1695847202600435911?t=HlgxltnjTPsd1wxTaRansw&amp;s=19,2023-08-27T19:14:46,18,7,https://i.redd.it/yvaw3otxcpkb1.jpg,Mission: Impossible – Dead Reckoning Part One,Mission: Impossible – Dead Reckoning Part One
162uzyy,boxoffice,"In China Oppenheimer collected $836k in pre-sales for its WED opening across 30k screenings. $1.4M for its 5 day opening period. Opening Day+Previews projected at $7.9M vs GOTG3 ($6.9M), MI7 ($7.9M) and ROTB ($11.4M). No More Bets wins the WKD with $33.12M(-49%)/$465M ahead of Papa $14.65(-37%)/58M","#Weekend Box Office (August 25th-27th 2023)

No More Bets stays on top although with a bit of a sharper drop than the movies behind it. Papa and Creation Of The Gods both hold well. New releases don't have much of an impact on the charts. 

|# | Movie                 |Gross| %LW|Total Gross| Weekends
:----------- |:-----------|:-----------:|:-----------:|:-----------:|:-----------:|:-----------:|:-----------:|:-----------:|:-----------:|:-----------:
1| No More Bets                  |$33.12M   |-49%   |$465.31M  |4
2| Papa                          |$14.65M   |-37%   |$58.43M   |2
3| Creation Of The Gods Part I   |$11.02M   |-34%   |$336.24M  |6
4| Heart's Motive                |$4.52M     |/      |$4.86M    |1
6| The Woman In The Storm        |$3.67M    |-42%   |$16.42M   |2
7| Meg 2                         |$2.78M    |-53%   |$112.09M  |4
8| Raid On The Lethal Zone       |$2.64M     |/      |$2.67M    |1 
9| 30,000 Miles From Chang’an    |$2.24M    |-22%   |$246.81M  |8
10| Just For Meeting You         |$1.17M     |/      |$8.81M    |1 
11| One and Only                 |$1.05M    |-54%   |$120.89M  |5
5| Death Notice                  |$0.69M    |-90%   |$10.16M   |2
12| Oh My School                 |$0.51M    |-21%   |$51.34M   |8
13| Never Say Never              |$0.46M    |-40%   |$302.55M  |10
14| The Breking Ice              |$0.36     |/      |$2.97M    |1 
15| Miraculous:Ladybug &amp; Cat Noir|$0.28M    |-76%   |$1.75M    |2
16| Barbie                       |$0.15M    |-48%   |$34.62M   |6
---
#Daily Box Office (August 27th 2023)

Pretty normal drops into Sunday now that Schools are back. With a few exceptions like Meg 2 and the ever present 30,000 Miles From Chang’an which continues to do bussiness on the weekends. 

|# | Movie |Gross|%YD| %LW|Screenings|Admisions(Today)|Total Gross|Projected Total Gross|
:----------- |:-----------|:-----------:|:-----------:|:-----------:|:-----------:|:-----------:|:-----------:|:-----------:|
1| No More Bets               |$11.20M|-13%  |-50%  |122998|1.9M |$465.31M |$531M
2| Papa                       |$5.42M |-5%   |-32% |66060 |0.96M |$58.43M  |$89M
3| Creation Of The Gods       |$4.03M |-10%  |-36% |44932 |0.66M |$336.24M |$359M
5| The Woman In The Storm     |$1.34M |-2%   |-23% |23854 |0.23M |$16.42M  |$26M
4| Heart's Motive             |$1.24M |-27%  |/    |30173 |0.23M |$4.86M   |$11M
6| MEG 2: THE TRENCH          |$1.18M |+10%  |-46% |15626 |0.20M |$112.09M |$121M
7| 30,000 Miles From Chang’an |$0.98M |+8%   |-26% |11994 |0.17M |$246.81M |$249M
8| Raid On The Lethal Zone    |$0.60M |-25%  |/    |20638 |0.11M |$2.67M   |$5M
10| One And Only              |$0.43M |+3%   |-56% |5758  |0.07M |$123.33M |$125M
9| Just For Meeting You       |$0.38M |-16%  |/    |10703 |0.07M |$8.81M   |$10M
11| Death Notice              |$0.26M |-7%   |-84% |6449  |0.04M |$10.16M  |$11M
12| Oh my School              |$0.22M |+10%  |-20% |5032  |0.04M |$51.34M  |$53M
13| Never Say Never           |$0.20M |+20%  |-40% |4434  |0.04M |$302.55M |$303M
15| Miraculous: Ladybug &amp; Cat Noir|$0.12M|+10%|-60%|4019  |0.03M |$1.75M   |$2.04M
14| The Breking Ice           |$0.11M |-20%  |/    |3138  |0.02M |$2.97M   |$3.34M
16| Barbie                    |$0.06M |+3%   |-50% |1121  |0.01M |$34.62M  |$34.8M

*YD=Yesterday, LW=Last Week

---

###**Oppehheimer**

Projected to open with 717k previews on Tuesday into a 7.25M opening day on Wednesday.

|#|WED|THU |FRI |SAT|SUN|MON|TUE|Total
:-----------:|:-----------:|:------------:|:------------:|:------------:|:------------:|:------------:|:------------:|:------------:|:------------:|
First Week|/|/|/|/|/|/|/| 			

**Scheduled showings update for Oppehheimer for the next few days:**

|Day |  Number of Showings |Presales|Projection
:----------- |:-----------:|:-----------:|:-----------:|
Tuesday|2085|$110k|$717M
Wednesday|30681|$837k|$7.25M
Thursday|13518|$156k|/

###**No More Bets**

No More Bets has now passed $465M. Even with a bit of a sharper drop this weekend it should pass Lost In The Stars sometimes this week to become the 3rd highest grossing movie of the year. 

Scores on Maoyan and Douban remain 9.1 and 6.9 respectively.

|#|SAT |SUN |MON|TUE|WED|THU|FRI|Total
:-----------:|:-----------:|:------------:|:------------:|:------------:|:------------:|:------------:|:------------:|:------------:|:------------:|
Third Week|$25.31M|$22.46M|$12.32M|$22.10M|$10.40M|$8.83M|$9.22M|$441.33M		
Fourth Week|$12.78M|$11.20M|/|/|/|/|/|$465.31M		
|%± LW|-49%|-50%|/|/|/|/|/|/|

**Scheduled showings update for No More Bets for the next few days:**

|Day |  Number of Showings |Presales|Projection
:----------- |:-----------:|:-----------:|:-----------:|
Sunday|123252|$1.15M|$11.78M
Monday|116805|$481k|$6.16M
Tuesday|68634|$94k|$5.42M
---

###**Creation Of The Gods**

Another excelent weekend hold for Creation Of The Gods. It does indeed manage to secure the 2nd best 6th weekend of all time with ¥80M behind Nezha (¥116) and comfortably ahead Wolf Warrior 2, Battle At Lake Changjin and The Eight Hundret.

https://twitter.com/bulletproofsqui/status/1695821684031558070

Astonishingly enough its Douban score 6 weeks into the run has jumped from 7.8 to 7.9

|#|THU|FRI |SAT |SUN|MON|TUE|WED|Total
:-----------:|:-----------:|:------------:|:------------:|:------------:|:------------:|:------------:|:------------:|:------------:|:------------:|
Fifth Week|$3.83M|$3.75M|$6.70M|$6.26M|$3.09M|$4.98M|$2.84M|$322.75M			
Sixth Week|$2.47M|$2.52M|$4.47M|$4.03M|/|/|/|$336.24M		
|%± LW|-35%|-33%|-34%|-36%|/|/|/|/|
**Scheduled showings update for Creation Of The Gods for the next few days:**

|Day |  Number of Showings |Presales|Projection
:----------- |:-----------:|:-----------:|:-----------:|   
Sunday|44815|$612k|$4.23M
Monday|43802|$202k|$1.89M
Tuesday|25726|$30k|$1.72M
---

###**Meg 2**

Meg 2 after a strong Sunday managed to get the weekend to almost $2.8M. $120M still potentialy on the menu here.

|#|FRI|SAT |SUN |MON|TUE|WED|THU|Total
:-----------:|:-----------:|:------------:|:------------:|:------------:|:------------:|:------------:|:------------:|:------------:|:------------:|
Third Week|$1.46M|$2.28M|$2.17M|$1.16M|$0.87M|$0.95M|$0.83M|$109.31M			
Fourth Week|$0.52M|$1.07M|$1.18M|/|/|/|/|$112.09M		
|%± LW|-64%|-53%|-46%|/|/|/|/|/|

**Scheduled showings update for The Meg 2 for the next few days:**

|Day |  Number of Showings |Presales|Projection
:----------- |:-----------:|:-----------:|:-----------:|
Today|15213|$98k|$1.14M
Monday|16116|$46k|$695k
Tuesday|9137|$4k|$643k

###**Other stuff:**

Next big few holywood releases are Oppenheimer on the 30th of August and Gran Turismo on the 1st September. Some WTS(Want To See Numbers) for those movies as well as some comparisons to how other revelant movies in a comparable number of days till release. **Note these are not pre-sales**. This is just a checkbox on Maoyan saying that your interested in the movie. The pre-sales are only ever in tables and compared to more than just 1-2 movies.


**Oppenheimer:**

With 5 days of pre-sales Oppenheimer continues to climb in pre-sales although it has now expectedly fallen behind Transformers. Passes 30k screenings which is still not a lot considering no noticable new releases in that timeframe.

Total pre-sales now stand at $1.4M. 

Opening day pre-sales comparison:

|Days till release | Oppenheimer| MI7:DR |Guardians Of The Galaxy 3|Transformers ROTB|Fast X|Spider-Man: Across the Spider-Verse|
:----------- |:-----------:|:-----------:|:-----------:|:-----------:|:-----------:|:-----------:|:-----------:|:-----------:|:-----------:|
7|  /         |    /      |$22k/15240    | /      |    /                 |$96k/21854  |
6|$120k/9869 |/          |$97k/24240    |     /        |$196k/69382    |$170k/27854 |
5|$316k/15753|$54k/18328 |$165k/30650   |$121k/71289  |$471k/82292    |$234k/30250  |	
4|$485k/19620|$152k/25041|$246k/35550   |$312k/83324  |$728k/92034    |$317k/33450 |
3|$635k/25056|$380k/35490|$343k/42013   |$592k/94438  |$988k/103517   |$434k/39867 |$171K/38008		
2|$836k/30687|$686k/47552|$486k/52243   |$946k/106022 |$1.35M/114980 |$568k/52867  |$487K/58112
1|          |$1.10M/73634|$801k/74490  |$1.45M/136762|$2.08M/140431 |$762k/74867 |$763K/85291	
0|          |$2.08M/94634|$1.84M/101271|$2.78M/162406|$3.97M/168748|$1.45M/94140|$1.56M/106474	
*Gross/Screenings

**Blue Beetle** 

Still no word on a China release for this.

**Gran Turismo** 47k(+0.5k)

**The Ex-Files 4** 1.108M(+5k)",2023-08-27T16:30:39,29,1,https://www.reddit.com/r/boxoffice/comments/162uzyy/in_china_oppenheimer_collected_836k_in_presales/,Mission: Impossible – Dead Reckoning Part One,Mission: Impossible – Dead Reckoning Part One
162qzli,boxoffice,🇯🇵 Japan Weekend Box Office August 25-27,Source: https://twitter.com/Franspeech/status/1695795956606751178?t=S4RTDe1e_FpvYRShiLaslw&amp;s=19,2023-08-27T13:52:25,13,4,https://i.redd.it/jbr7nf6frnkb1.jpg,Mission: Impossible – Dead Reckoning Part One,Mission: Impossible – Dead Reckoning Part One
161z5hp,boxoffice,In China Oppenheimer after its 4th day of pre-sales collected $635k for its opening day across 25k screenings and $1.07M total. Tuesday previews projected at $717k. 3rd best of the year behind RoTB($936k) and Fast X($2.7M). No More Bets continues to lead the daily BO with $12.78M(-49%)/$441M on SAT,"---
#Daily Box Office (August 26th 2023)

*total for No More Bets should be $454M in the title.

Of yesterday's new releases. Heart's Motive sticks around while Raid On The Lethal Zone already drops off into Saturday. 

With School's returning big Saturday jumps are back on the menu. 30,000 Miles From Chang’an which has been the usual Saturday suspect sees the biggest jump. At the front Creation of The Gods and Papa continue to hold exceptionaly well.

|# | Movie |Gross|%YD| %LW|Screenings|Admisions(Today)|Total Gross|Projected Total Gross|
:----------- |:-----------|:-----------:|:-----------:|:-----------:|:-----------:|:-----------:|:-----------:|:-----------:|
1| No More Bets               |$12.78M|+39%  |-49% |124627|2.2M  |$454.11M |$527M
2| Papa                       |$5.70M |+62%  |-34% |68717 |1.0M  |$53.01M  |$82M
3| Creation Of The Gods       |$4.47M |+77%  |-34% |43009 |0.73M |$332.21M |$366M
4| Heart's Motive             |$1.68M |+4%   |/    |34867 |0.31M |$3.62M   |$13M
5| The Woman In The Storm     |$1.35M |+36%  |-28% |22317 |0.24M |$15.08M  |$21M
6| MEG 2: THE TRENCH          |$1.08M |+106% |-53% |13464 |0.18M |$110.91M |$119M
7| 30,000 Miles From Chang’an |$0.91M |+160% |-13% |10688 |0.16M |$245.83M |$249M
8| Raid On The Lethal Zone    |$0.80M |-37%  |/    |26940 |0.15M |$2.07M   |$5M
9| Just For Meeting You       |$0.45M |+24%  |/    |13141 |0.08M |$8.43M   |$10M
10| One And Only              |$0.42M |+100% |-51% |5167  |0.07M |$122.90M |$125M
11| Death Notice              |$0.28M |+80%  |-88% |6151  |0.05M |$9.90M   |$11M
12| Oh my School              |$0.20M |+123% |-5%  |4583  |0.04M |$51.12M  |$53M
13| Never Say Never           |$0.17M |+89%  |-25% |3833  |0.03M |$302.35M |$303M
14| The Breking Ice           |$0.14M |+25%  |/    |2920  |0.02M |$2.86M   |$3.34M
15| Miraculous: Ladybug &amp; Cat Noir|0.11M|+120%|-75%|3669  |0.03M |$1.63M   |$2.04M
16| Barbie                    |0.06M |+100%  |-40% |977   |0.01M |$34.56M  |$34.8M

*YD=Yesterday, LW=Last Week

---

###**No More Bets**

No More Bets has now passed $450M and has also officialy overtaken [Lost In The Stars](https://i.imgur.com/SGyYzOi.png) at the same points in their run and its not gonna look back as its heading for $500M+

Scores on Maoyan and Douban remain 9.1 and 6.9 respectively.

|#|SAT |SUN |MON|TUE|WED|THU|FRI|Total
:-----------:|:-----------:|:------------:|:------------:|:------------:|:------------:|:------------:|:------------:|:------------:|:------------:|
Third Week|$25.31M|$22.46M|$12.32M|$22.10M|$10.40M|$8.83M|$9.22M|$441.33M		
Fourth Week|$12.78M|/|/|/|/|/|/|$454.11M		
|%± LW|-49%|/|/|/|/|/|/|/|

**Scheduled showings update for No More Bets for the next few days:**

|Day |  Number of Showings |Presales|Projection
:----------- |:-----------:|:-----------:|:-----------:|
Today|124635|$1.32M|$11.95M
Sunday|123252|$1.15M|$11.78M
Monday|65442|$87k|$5.89M
---

###**Creation Of The Gods**

Another strong drop ensures the movie remains on track for an 11M+(-33%) 6th weekend. After barelly missing out on the 2nd best 5th weekend by less than ¥1M last week it should now comfortably earn the 2nd best 6th weekend of all time behind Nezha.

Astonishingly enough its Douban score 6 weeks into the run has jumped from 7.8 to 7.9

|#|THU|FRI |SAT |SUN|MON|TUE|WED|Total
:-----------:|:-----------:|:------------:|:------------:|:------------:|:------------:|:------------:|:------------:|:------------:|:------------:|
Fifth Week|$3.83M|$3.75M|$6.70M|$6.26M|$3.09M|$4.98M|$2.84M|$322.75M			
Sixth Week|$2.47M|$2.52M|$4.47M|/|/|/|/|$332.21M		
|%± LW|-35%|-33%|-34%|/|/|/|/|/|
**Scheduled showings update for Creation Of The Gods for the next few days:**

|Day |  Number of Showings |Presales|Projection
:----------- |:-----------:|:-----------:|:-----------:|   
Today|42682|$670k|$4.57M
Sunday|44815|$612k|$4.23M
Monday|24317|$27k|$2.07M
---

###**Meg 2**

Meg 2 much stronger today passing $110M. Sunday also looking good which should get it to a $2.7M(-54%) weekend

|#|FRI|SAT |SUN |MON|TUE|WED|THU|Total
:-----------:|:-----------:|:------------:|:------------:|:------------:|:------------:|:------------:|:------------:|:------------:|:------------:|
Third Week|$1.46M|$2.28M|$2.17M|$1.16M|$0.87M|$0.95M|$0.83M|$109.31M			
Fourth Week|$0.52M|$1.07M|/|/|/|/|/|$110.91M		
|%± LW|-64%|-53%|/|/|/|/|/|/|

**Scheduled showings update for The Meg 2 for the next few days:**

|Day |  Number of Showings |Presales|Projection
:----------- |:-----------:|:-----------:|:-----------:|
Today|12972|$93k|$1.12M
Sunday|15213|$98k|$1.14M
Monday|8136|$4k|$536k
---

###**Other stuff:**

Next big few holywood releases are Oppenheimer on the 30th of August and Gran Turismo on the 1st September. Some WTS(Want To See Numbers) for those movies as well as some comparisons to how other revelant movies in a comparable number of days till release. **Note these are not pre-sales**. This is just a checkbox on Maoyan saying that your interested in the movie. The pre-sales are only ever in tables and compared to more than just 1-2 movies.


**Oppenheimer:**

With 4 days of pre-sales Oppenheimer continues to climb in pre-sales although its screenings allocation remains very meh even though there's no real competition releasing around it except GT which will be a negligeble release. 

Opening day pre-sales remain 2nd only to Fast X although Transformers should pull ahead tomorrow.  Total pre-sales pass 1M and now stand at $1.07M. About half of what Fast X had for its WED-SUN 5 day release period at the same time.



Opening day pre-sales comparison:

|Days till release | Oppenheimer| MI7:DR |Guardians Of The Galaxy 3|Transformers ROTB|Fast X|Spider-Man: Across the Spider-Verse|
:----------- |:-----------:|:-----------:|:-----------:|:-----------:|:-----------:|:-----------:|:-----------:|:-----------:|:-----------:|
7|  /         |    /      |$22k/15240    | /      |    /                 |$96k/21854  |
6|$120k/9869 |/          |$97k/24240    |     /        |$196k/69382    |$170k/27854 |
5|$316k/15753|$54k/18328 |$165k/30650   |$121k/71289  |$471k/82292    |$234k/30250  |	
4|$485k/19620|$152k/25041|$246k/35550   |$312k/83324  |$728k/92034    |$317k/33450 |
3|$635k/25056|$380k/35490|$343k/42013   |$592k/94438  |$988k/103517   |$434k/39867 |$171K/38008		
2|           |$686k/47552|$486k/52243   |$946k/106022 |$1.35M/114980 |$568k/52867  |$487K/58112
1|          |$1.10M/73634|$801k/74490  |$1.45M/136762|$2.08M/140431 |$762k/74867 |$763K/85291	
0|          |$2.08M/94634|$1.84M/101271|$2.78M/162406|$3.97M/168748|$1.45M/94140|$1.56M/106474	
*Gross/Screenings

**Blue Beetle** 

Still no word on a China release for this.

**Gran Turismo** 47k(+0.5k)

**The Ex-Files 4** 1.103M(+5k)",2023-08-26T16:06:17,60,13,https://www.reddit.com/r/boxoffice/comments/161z5hp/in_china_oppenheimer_after_its_4th_day_of/,Mission: Impossible – Dead Reckoning Part One,Mission: Impossible – Dead Reckoning Part One
161tifa,boxoffice,"UK Box Office - Friday August 25,",,2023-08-26T12:08:57,33,6,https://i.imgur.com/xLlTKJT.jpg,Mission: Impossible – Dead Reckoning Part One,Mission: Impossible – Dead Reckoning Part One
1617e1d,boxoffice,Japan box office (August 25),https://twitter.com/Franspeech/status/1695095795597394097?t=8zh52cHoDfQBphNeryDRqA&amp;s=19,2023-08-25T18:38:31,12,3,https://i.redd.it/7ltvpsbnwakb1.jpg,Mission: Impossible – Dead Reckoning Part One,Mission: Impossible – Dead Reckoning Part One
16155ij,boxoffice,In China Oppenheimer after its 3rd day of pre-sales collected a very strong $485k for its opening day across a still limited 19620 screenings and $823k total. 2nd only to Fast X at the same point. No More Bets continues to lead the daily BO with $9.14M(-46%)/$441M on Friday.,"---
#Daily Box Office (August 25th 2023)

2 new movies release and capture almost 100k screenings and once again only the top 3 movies survive while the rest of the holdovers see some massive drops.

|# | Movie |Gross|%YD| %LW|Screenings|Admisions(Today)|Total Gross|Projected Total Gross|
:----------- |:-----------|:-----------:|:-----------:|:-----------:|:-----------:|:-----------:|:-----------:|:-----------:|
1| No More Bets               |$9.14M |+4%   |-46% |119217|1.6M  |$441.25M |$524M
2| Papa                       |$3.53M |-1%   |-46% |54820 |0.63M |$47.31M  |$80M
3| Creation Of The Gods       |$2.52M |+2%   |-33% |35896 |0.42M |$327.74M |$361M
4| Heart's Motive(relese)     |$1.60M |/     |/    |54901 |0.30M |$1.94M |$118M
5| Raid On The Lethal Zone(release) |$1.24M |/   |/|44840 |0.24M |$1.27M   |$10M
6| The Woman In The Storm     |$0.98M |-17%  |-28% |22853 |0.18M |$13.73M  |$21M
7| MEG 2: THE TRENCH          |$0.52M |-37%  |-64% |9791  |0.09M |$109.83M |$118M
8| 30,000 Miles From Chang’an |$0.35M |-22%  |-30% |6877  |0.06M |$244.92M |$248M
9| Just For Meeting You       |$0.34M |-48%  |/    |9719  |0.06M |$7.98M   |$10M
10| One And Only              |$0.20M |-36%  |-57% |3752  |0.04M |$122.48M |$123M
11| Death Notice              |$0.15M |-58%  |-95% |4960  |0.03M |$9.62M   |$11M
12| The Breking Ice           |$0.11M |-54%  |/    |10894 |0.02M |$2.72M   |$3.90M
13| Never Say Never           |$0.09M |-44%  |-53% |4876  |0.02M |$302.18M |$303M
14| Oh my School              |$0.09M |-30%  |-45% |4500  |0.02M |$50.92M  |$53M
15| Miraculous: Ladybug &amp; Cat Noir|$0.05M|-27%|-80%|3766  |0.01M |$1.53M   |$1.96M
16| Barbie                    |$0.03M |-10%  |-57% |1133  |0.01M |$34.49M  |$34.8M

*YD=Yesterday, LW=Last Week

---

###**No More Bets**

Just $3M left for it to pass [Lost In The Stars](https://i.imgur.com/SGyYzOi.png) at the same points in their run.

Scores on Maoyan and Douban remain 9.1 and 6.9 respectively.

|#|SAT |SUN |MON|TUE|WED|THU|FRI|Total
:-----------:|:-----------:|:------------:|:------------:|:------------:|:------------:|:------------:|:------------:|:------------:|:------------:|
Second Week|$37.76M|$35.16M|$19.07M|$17.84M|$17.08M|$15.53M|$17.21M|$330.32M
Third Week|$25.31M|$22.46M|$12.32M|$22.10M|$10.40M|$8.83M|$9.14M|$441.25M		
|%± LW|-32%|-32%|-35%|+25%|-39%|-43%|/|/|

**Scheduled showings update for No More Bets for the next few days:**

|Day |  Number of Showings |Presales|Projection
:----------- |:-----------:|:-----------:|:-----------:|
Today|118656|$943k|$9.75M
Saturday|124635|$1.32M|$11.95M
Sunday|93172|$235k|$10.75M
---

###**Creation Of The Gods**

Strong pre-sales for tomorrow potentialy giving the move the chance for a 11M+ 6th weekend. Its -33% drop from last week is also highly impressive.

|#|THU|FRI |SAT |SUN|MON|TUE|WED|Total
:-----------:|:-----------:|:------------:|:------------:|:------------:|:------------:|:------------:|:------------:|:------------:|:------------:|
Fifth Week|$3.83M|$3.75M|$6.70M|$6.26M|$3.09M|$4.98M|$2.84M|$322.75M			
Sixth Week|$2.47M|$2.52M|/|/|/|/|/|$327.74M		
|%± LW|-35%|-33%|/|/|/|/|/|/|
**Scheduled showings update for Creation Of The Gods for the next few days:**

|Day |  Number of Showings |Presales|Projection
:----------- |:-----------:|:-----------:|:-----------:|   
Today|35518|$338k|$2.65M
Saturday|42682|$670k|$4.57M
Sunday|31898|$165k|$4.20M
---

###**Meg 2**

Meg 2 looking at a bit of a stornger weekend potentialy $2.5M+

|#|FRI|SAT |SUN |MON|TUE|WED|THU|Total
:-----------:|:-----------:|:------------:|:------------:|:------------:|:------------:|:------------:|:------------:|:------------:|:------------:|
Third Week|$1.46M|$2.28M|$2.17M|$1.16M|$0.87M|$0.95M|$0.83M|$109.31M			
Fourth Week|$0.52M|/|/|/|/|/|/|$109.83M		
|%± LW|-64%|/|/|/|/|/|/|/|

**Scheduled showings update for The Meg 2 for the next few days:**

|Day |  Number of Showings |Presales|Projection
:----------- |:-----------:|:-----------:|:-----------:|
Today|9374|$39k|$586k
Saturday|12972|$93k|$1.12M
Sunday|9342|$2k|$1.07M
---

###**Other stuff:**

Next big few holywood releases are Oppenheimer on the 30th of August and Gran Turismo on the 1st September. Some WTS(Want To See Numbers) for those movies as well as some comparisons to how other revelant movies in a comparable number of days till release. **Note these are not pre-sales**. This is just a checkbox on Maoyan saying that your interested in the movie. The pre-sales are only ever in tables and compared to more than just 1-2 movies.


**Oppenheimer** 328k(+5k) vs **ATSV** 253k(+4k) vs **Transformers: ROTB:** 589k(+9k) vs **GOTG3** 279k (+10k)

With 3 days of pre-sales Oppenheimer continues to churn along at an impressive pace however the screenings allocation remains meh. Still very limited in screenings. 

2nd only to Fast X in opening day pre-sales at this point but given the Wednesday release WoM will be extremly important to the 5 day opening. Total pre-sales now past $800k 

Opening day pre-sales comparison:

|Days till release | Oppenheimer| MI7:DR |Guardians Of The Galaxy 3|Transformers ROTB|Fast X|Spider-Man: Across the Spider-Verse|
:----------- |:-----------:|:-----------:|:-----------:|:-----------:|:-----------:|:-----------:|:-----------:|:-----------:|:-----------:|
7|  /         |    /      |$22k/15240    | /      |    /                 |$96k/21854  |
6|$120k/9869 |/          |$97k/24240    |     /        |$196k/69382    |$170k/27854 |
5|$316k/15753|$54k/18328 |$165k/30650   |$121k/71289  |$471k/82292    |$234k/30250  |	
4|$485k/19620|$152k/25041|$246k/35550   |$312k/83324  |$728k/92034    |$317k/33450 |
3|           |$380k/35490|$343k/42013   |$592k/94438  |$988k/103517   |$434k/39867 |$171K/38008		
2|           |$686k/47552|$486k/52243   |$946k/106022 |$1.35M/114980 |$568k/52867  |$487K/58112
1|          |$1.10M/73634|$801k/74490  |$1.45M/136762|$2.08M/140431 |$762k/74867 |$763K/85291	
0|          |$2.08M/94634|$1.84M/101271|$2.78M/162406|$3.97M/168748|$1.45M/94140|$1.56M/106474	
*Gross/Screenings

**Blue Beetle** 

Still no word on a China release for this.

**Gran Turismo** 47k(+0.4k)

**The Ex-Files 4** 1.098M(+5k)",2023-08-25T17:12:33,49,8,https://www.reddit.com/r/boxoffice/comments/16155ij/in_china_oppenheimer_after_its_3rd_day_of/,Mission: Impossible – Dead Reckoning Part One,Mission: Impossible – Dead Reckoning Part One
160686y,boxoffice,Japan Box Office (August 24),https://twitter.com/Franspeech/status/1694707823144563148?t=DXYmXCpfQ3BF7WOrHeVyEg&amp;s=19,2023-08-24T16:10:06,21,8,https://i.redd.it/mna4d8b913kb1.jpg,Mission: Impossible – Dead Reckoning Part One,Mission: Impossible – Dead Reckoning Part One
15y66pl,boxoffice,🇯🇵 Japan Box Office (Tuesday August 22),,2023-08-22T13:40:34,46,18,https://i.redd.it/v8glsnho0ojb1.png,Mission: Impossible – Dead Reckoning Part One,Mission: Impossible – Dead Reckoning Part One
15xcuvj,boxoffice,In China No More Bets grossed $12.3M(-35%)/$390M on Monday. Papa in 2nd grossed $4.4M/$27.7M followed by Creation Of The Gods in 3rd with $3.1M(-33%)/$315M. Tommorow is Qixi Festival (Valentines Day) which will help the top holdovers but hurt everything else as there's also 8 new movie releases.,"---
#Daily Box Office (August 21th 2023)

Tomorrow is the Qixi Festival which is China's Valentines day. As such 8 movies in total will release occupying over 200k sceenings. Almost half the market. 3 stand out being Just For Meeting which is projected to make $8M. The Breaking Ice which is projected to earn $5M and Waiting for My Cup Of Team which is projected to earn $2.5M. The rest are mostly smaller releases that won't break $500k

This also spells different fates for holdovers. No More Bets is expected to be the big winner as it loses the least screenings- Only around -17%. Papa and Creation Of The Gods will worse with a 40% and 50% cut to their screenings. All 3 however will benefit from the festival.  Behind things are less favorable for the rest of the movies which will all likely drop from today even with the Holiday. Meg 2 and One and Only face 70%+ cuts to their screenings.

**Papa:** As for Today. Papa continues to perform well into Monday once again beating projections. Total projections now as high as $67M after starting around $50M.

**The Woman In The Storm:** An excelent drop from Sunday sees this pass 9M and overtake Meg 2 on the daily chart.

**Death Notice:** Passes $8M but suffers a sharper drop. 

**Miraculous: Ladybug &amp; Cat Noir, the Movie:** 4 days into the run it has now passed Teenage Mutant Ninja Turtles: Mutant Mayhem's total gross.


|# | Movie |Gross|%YD| %LW|Screenings|Admisions(Today)|Total Gross|Projected Total Gross|
:----------- |:-----------|:-----------:|:-----------:|:-----------:|:-----------:|:-----------:|:-----------:|:-----------:|
1| No More Bets               |$12.32M|-45%  |-35% |130378|2.1M  |$390.44M |$529M
2| Papa                       |$4.45M |-45%  |/    |71049 |0.79M |$27.79M  |$67M
3| Creation Of The Gods       |$3.09M |-51%  |-33% |46612 |0.51M |$314.93M |$362M
5| The Woman In The Storm     |$1.39M |-21%  |/    |24638 |0.24M |$9.02M   |$21M
4| MEG 2: THE TRENCH          |$1.16M |-47%  |-59% |23180 |0.20M |$106.66M |$119M
6| Death Notice               |$0.77M |-53%  |/    |27519 |0.13M |$8.07M   |$14M
7| 30,000 Miles From Chang’an |$0.55M |-58%  |-36% |11060 |0.10M |$243.32M |$249M
8| One And Only               |$0.45M |-54%  |-61% |11031 |0.08M |$121.34M |$127M
9| Never Say Never            |$0.20M |-40%  |-62% |5780  |0.04M |$301.66M |$303M
11| Oh my School              |0.14M  |-50%  |-48% |4874  |0.03M |$50.55M  |$52M
10| Miraculous: Ladybug &amp; Cat Noir|$0.13M|-55%|/   |6378  |0.03M |$1.27M   |$1.72M
12| Barbie                    |0.05M  |-58%  |-71% |1229  |0.01M |$34.33M  |$34M
13| Lost In The Stars         |0.03M  |-40%  |-50% |1071  |0.005M|$486.69M |$487M 
14|MI7:Dead Reckoning         |0.02M  |-60%  |-50% |504   |0.004M|$48.47M  |$48.5M
15| TMNT: Mutant Mayhem       |0.01M  |-50%  |-89% |639   |0.001M|$1.24M   |$1.25M

*YD=Yesterday, LW=Last Week

---

###**No More Bets**

The cat and mouse game between this and [Lost In The Stars](https://i.imgur.com/SqimLQX.png) continues. Were slowly reaching the point where Lost In The Stars dailies start to fall off. According to projections No More Bets should be ahead by Saturday or at worst Sunday.

Scores on Maoyan and Douban remain 9.1 and 6.9 respectively.

|#|SAT |SUN |MON|TUE|WED|THU|FRI|Total
:-----------:|:-----------:|:------------:|:------------:|:------------:|:------------:|:------------:|:------------:|:------------:|:------------:|
Second Week|$37.76M|$35.16M|$19.07M|$17.84M|$17.08M|$15.53M|$17.21M|$330.32M
Third Week|$25.31M|$22.46M|$12.32M|/|/|/|/|$390.44M		
|%± LW|-32%|-32%|-35%|/|/|/|/|/|

**Scheduled showings update for No More Bets for the next few days:**

|Day |  Number of Showings |Presales|Projection
:----------- |:-----------:|:-----------:|:-----------:|
Today|130094|$996k|$12.13M
Tuesday|107740|$2.72M|$24.41M
Wednesday|67419|$163k|$8.36M
---

###**Creation Of The Gods**

The excelent drops continue into the new week. This will also benefit from tomorrow's festival. 

|#|THU|FRI |SAT |SUN|MON|TUE|WED|Total
:-----------:|:-----------:|:------------:|:------------:|:------------:|:------------:|:------------:|:------------:|:------------:|:------------:|
Fourth Week|$5.21M|$6.12M|$10.53M|$9.77M|$4.62M|$4.32M|$4.13M|$291.25M	
Fifth Week|$3.83M|$3.75M|$6.70M|$6.26M|$3.09M|/|/|$314.93M			
|%± LW|-27%|-39%|-36%|-36%|-33%|/|/|/|
**Scheduled showings update for Creation Of The Gods for the next few days:**

|Day |  Number of Showings |Presales|Projection
:----------- |:-----------:|:-----------:|:-----------:|   
Today|46225|$363k|$3.07M
Tuesday|27115|$793k|$4.96M
Wednesday|22025|$55k|$2.52M
---

###**Meg 2**

Meg 2 however won't. After doing relatively ok today it faces a sharp  70% loss of its screenings which will put a dent into its dailies. Even though it will get some back on Wednesday the damage will be done. Tomorrow should be its first day below $1M.

|#|FRI|SAT |SUN |MON|TUE|WED|THU|Total
:-----------:|:-----------:|:------------:|:------------:|:------------:|:------------:|:------------:|:------------:|:------------:|:------------:|
Second Week|$4.28M|$6.23M|$6.04M|$2.84M|$2.61M|$2.41M|$2.12M|$99.59M	
Third Week|$1.46M|$2.28M|$2.17M|$1.16M|/|/|/|$106.66M			
|%± LW|-66%|-63%|-63%|-59%|/|/|/|/|

**Scheduled showings update for The Meg 2 for the next few days:**

|Day |  Number of Showings |Presales|Projection
:----------- |:-----------:|:-----------:|:-----------:|
Today|22948|$88k|$1.03M
Tuesday|6255|$95k|$801k
Wednesday|7603|$9k|$761k
---

###**One and Only**

This also won't see much benefit from the Festival also loosing over 70% of its screenings. 

|#|FRI|SAT |SUN |MON|TUE|WED|THU|Total
:-----------:|:-----------:|:------------:|:------------:|:------------:|:------------:|:------------:|:------------:|:------------:|:------------:|	
Third Week|$1.60M|$2.61M|$2.34M|$1.16M|$1.12M|$1.37M|$1.21M|$118.61M		
Fourth Week|$0.48M|$0.81M|$0.99M|$0.45M|/|/|/|$121.34M			
|%± LW|-69%|-69%|-58%|-61%|/|/|/|/|

**Scheduled showings update for One and Only for the next few days:**

|Day |  Number of Showings |Presales|Projection
:----------- |:-----------:|:-----------:|:-----------:|     
Today|11000|$75k|$392k
Tuesday|2655|$67k|$295k
Wednesday|2920|$16k|$280k
---
###**Other stuff:**

Next big few holywood releases are Oppenheimer on the 30th of August and Gran Turismo on the 1st September. Some WTS(Want To See Numbers) for those movies as well as some comparisons to how other revelant movies in a comparable number of days till release. **Note these are not pre-sales**. This is just a checkbox on Maoyan saying that your interested in the movie. The pre-sales are only ever in tables and compared to more than just 1-2 movies.

**Blue Beetle** 

Still no word on a China release for this.

**TMNT**

R.I.P TMNT's run in China. Lasted a whole 8 days and culminated in it getting beaten by a French animation.

**Gran Turismo** 44k(+0.7k)

**Oppenheimer** 290k(+9k) vs **ATSV** 233k(+4k)

Pre-sales for this should start in the next few days.

**[The Ex-Files 4](https://wx2.sinaimg.cn/mw690/6ca013d1ly1hgw5bausj7j23de4s9he1.jpg)** 1.075M(+5k)",2023-08-21T16:41:50,22,7,https://www.reddit.com/r/boxoffice/comments/15xcuvj/in_china_no_more_bets_grossed_123m35390m_on/,Mission: Impossible – Dead Reckoning Part One,Mission: Impossible – Dead Reckoning Part One
15x0xbl,boxoffice,Will MI7 surpass The Little Mermaid’s WW gross?,"Little late game analysis here for this sub’s darling child. As of 8/20, MI7 is at 541M, TLM is 567. That’s a gap of 26M. 

I think MI7 is going to do 6-8M more domestically, and it’s current domestic and international split is at 30% dom 70% international. That comes out to 14-18M international if both doméstic and international continue to trend the same — which we shouldn’t expect. 

What do you think? Does MI7 has 26M left in the global tank in late August/early Sept to make it past TLM?",2023-08-21T07:57:06,3,11,https://www.reddit.com/r/boxoffice/comments/15x0xbl/will_mi7_surpass_the_little_mermaids_ww_gross/,Mission: Impossible – Dead Reckoning Part One,Mission: Impossible – Dead Reckoning Part One
15wgspt,boxoffice,In China No More Bets scores $65M(-34%)/$378M 3nd weekend. Comedy Papa opens in 2nd with $23.3M. Creation Of The Gods drops to 3rd with $16.7M(-37%)/$312M. 4th best 5th weekend ever. New releases Death Notice and TWitS take 4th and 5th with $6.9M and $6.4M ahead of Meg 2's $5.9M(-64%)/$105.5M,"#Weekend Box Office (August 18th-20th 2023)

No More Bets continues to lead into its 3rd weekend relatively unopposed. Followed by the new release Papa. Creation Of The Gods Part I taking 3rd ahead of Death Notice and The Woman In The Storm. Lower down Miraculous:Ladybug &amp; Cat Noir opens with $1.14M. $250k higher than TMNT and will outgross it. And while on TMNT. It pulls a vanishing act and dissapears in its 2nd weekend.

|# | Movie                 |Gross| %LW|Total Gross| Weekends
:----------- |:-----------|:-----------:|:-----------:|:-----------:|:-----------:|:-----------:|:-----------:|:-----------:|:-----------:|:-----------:
1| No More Bets                  |$64.96M   |-34%   |$378.12M  |3
2| Papa                          |$23.24M   |/      |$23.34M   |1
3| Creation Of The Gods Part I   |$16.71M   |-37%   |$311.84M  |5
4| Death Notice                  |$6.90M    |/      |$7.30M    |1
5| The Woman In The Storm        |$6.39M    |/      |$7.63M    |1
6| Meg 2                         |$5.91M    |-64%   |$105.50M  |3
7| 30,000 Miles From Chang’an    |$2.87M    |-42%   |$242.77M  |7
8| One and Only                  |$2.28M    |-65%   |$120.89M  |4
9| Miraculous:Ladybug &amp; Cat Noir |$1.14M    |/      |$1.14M    |1
10| Never Say Never              |$0.76M    |-65%   |$301.46M  |9
11| Oh My School                 |$0.65M    |-45%   |$50.41M   |7
12| Barbie                       |$0.29M    |-66%   |$34.28M   |5
13| MI7:Dead Reckoning           |$0.11M    |-62%   |$48.45M   |6 
14| Lost In The Stars            |$0.10M    |-58%   |$486.66M  |9 
15| TMNT: Mutant Mayhem          |$0.05M    |-94%   |$1.23M    |2

---
#Daily Box Office (August 20th 2023)

The first 3 hold stations on Sunday but behind Meg 2 jumps back to 4th. The Woman In The Storm also overtakes Death Notice to jump to 5th.

**Papa:** The comedy went into the weekend with projections around $19M. Comes out doing $23M+. Good opening off the back of decent WoM. Its projected to make 60M+ when all is said and done.

**Death Notice:** This one does about as well as expected. Weekend + previews come out at $7.3M. Reception isn't great and therefore its likely not looking at much more than $14-15M. 

**Miraculous: Ladybug &amp; Cat Noir, the Movie:** Beats expectations on Sunday and finishes the weekend above $1.1M. Nowhere near what was projected before the weekend but still good enough to beat out TMNT's opening weekend of $0.89M. It should pass TMNT's total in the next few days.

**The Woman In The Storm:** This one also does about as well as expected. Better WoM than Death Notice so it should be going a bit higher towards the high teens once all is said and done.

|# | Movie |Gross|%YD| %LW|Screenings|Admisions(Today)|Total Gross|Projected Total Gross|
:----------- |:-----------|:-----------:|:-----------:|:-----------:|:-----------:|:-----------:|:-----------:|:-----------:|
1| No More Bets               |$22.49M |-11%  |-32% |134768|3.8M  |$378.12M |$525M
2| Papa (Release)             |$7.99M  |-8%   |/    |74892 |1.4M  |$23.34M  |$64M
3| Creation Of The Gods       |$6.26M  |-7%   |-36% |46066 |1.0M  |$311.84M |$357M
4| MEG 2: THE TRENCH          |$2.17M  |-5%   |-63% |23381 |0.36M |$105.50M |$118M
5| The Woman In The Storm     |$1.75M  |+9%   |/    |22247 |0.29M |$7.63M   |$18M
6| Death Notice               |$1.64M  |-29%  |/    |29824 |0.27M |$7.30M   |$15M
7| 30,000 Miles From Chang’an |$1.33M  |+27%  |-43% |11034 |0.23M |$242.77M |$249M
8| One And Only               |$0.99M  |+20%  |-58% |17475 |0.16M |$120.89M |$126M
9| Never Say Never            |$0.34M  |+48%  |-67% |5101  |0.06M |$301.46M |$303M
10| Miraculous: Ladybug &amp; Cat Noir|$0.29M |-30%|/   |7956  |0.07M |$1.14M   |$1.82M
11| Oh my School              |$0.28M  |+35%  |-45% |4843  |0.05M |$50.41M  |$52M
12| Barbie                    |$0.12M  |+21%  |-67% |1662  |0.02M |$34.28M  |$34M
13| Lost In The Stars         |$0.05M  |+40%  |-62% |912   |0.007M|$486.66M |$487M 
14|MI7:Dead Reckoning         |$0.05M  |+30%  |-63% |464   |0.007M|$48.45M  |$48.5M
15| TMNT: Mutant Mayhem       |$0.02M  |+20%  |-95% |741   |0.005M|$1.23M   |$1.25M

*YD=Yesterday, LW=Last Week

---

###**No More Bets**

Another solid day. Really close now to coming back to parity with [Lost In The Stars](https://i.imgur.com/e1VDQly.png).

Scores on Maoyan and Douban remain 9.1 and 6.9 respectively.

|#|SAT |SUN |MON|TUE|WED|THU|FRI|Total
:-----------:|:-----------:|:------------:|:------------:|:------------:|:------------:|:------------:|:------------:|:------------:|:------------:|
Second Week|$37.76M|$35.16M|$19.07M|$17.84M|$17.08M|$15.53M|$17.21M|$330.32M
Third Week|$25.31M|$22.49M|/|/|/|/|/|$355.58M		
|%± LW|-32%|-32%|/|/|/|/|/|/|

**Scheduled showings update for No More Bets for the next few days:**

|Day |  Number of Showings |Presales|Projection
:----------- |:-----------:|:-----------:|:-----------:|
Today|134323|$2.68M|$23.07M
Monday|130094|$996k|$12.13M
Tuesday|71159|$536k|$24.31M
---

###**Creation Of The Gods**

Another great weekend. In fact its the 4th best 5th weekend ever. Ever so close to being the 2nd best 5th weekend ever missing the mark by less than $500k

https://twitter.com/bulletproofsqui/status/1693282726609408025

|#|THU|FRI |SAT |SUN|MON|TUE|WED|Total
:-----------:|:-----------:|:------------:|:------------:|:------------:|:------------:|:------------:|:------------:|:------------:|:------------:|
Fourth Week|$5.21M|$6.12M|$10.53M|$9.77M|$4.62M|$4.32M|$4.13M|$291.25M	
Fifth Week|$3.83M|$3.75M|$6.70M|$6.26M|/|/|/|$311.84M			
|%± LW|-27%|-39%|-36%|-36%|/|/|/|/|
**Scheduled showings update for Creation Of The Gods for the next few days:**

|Day |  Number of Showings |Presales|Projection
:----------- |:-----------:|:-----------:|:-----------:|   
Today|45726|$1.07M|$6.46M
Monday|46225|$363k|$3.07M
Tuesday|17058|$126k|$6.75M
---

###**Meg 2**

Meg 2 is the biggest victim of the new releases droping -64%. 

|#|FRI|SAT |SUN |MON|TUE|WED|THU|Total
:-----------:|:-----------:|:------------:|:------------:|:------------:|:------------:|:------------:|:------------:|:------------:|:------------:|
Second Week|$4.28M|$6.23M|$6.04M|$2.84M|$2.61M|$2.41M|$2.12M|$99.59M	
Third Week|$1.46M|$2.28M|$2.17M|/|/|/|/|$105.50M			
|%± LW|-66%|-63%|-63%|/|/|/|/|/|

**Scheduled showings update for The Meg 2 for the next few days:**

|Day |  Number of Showings |Presales|Projection
:----------- |:-----------:|:-----------:|:-----------:|
Today|23061|$275k|$2.06M
Monday|22948|$88k|$1.03M
Tuesday|3788|$10k|$1.87M
---

###**One and Only**

Better on Sunday but its looking less and less likely that it passes Hidden Blade.

|#|FRI|SAT |SUN |MON|TUE|WED|THU|Total
:-----------:|:-----------:|:------------:|:------------:|:------------:|:------------:|:------------:|:------------:|:------------:|:------------:|	
Third Week|$1.60M|$2.61M|$2.34M|$1.16M|$1.12M|$1.37M|$1.21M|$118.61M		
Fourth Week|$0.48M|$0.81M|$0.99M|/|/|/|/|$120.89M			
|%± LW|-69%|-69%|-58%|/|/|/|/|/|

**Scheduled showings update for One and Only for the next few days:**

|Day |  Number of Showings |Presales|Projection
:----------- |:-----------:|:-----------:|:-----------:|     
Today|17137|$223k|$995k
Monday|11000|$75k|$392k
Tuesday|1565|$12k|$745k
---
###**Other stuff:**

Next big few holywood releases are Oppenheimer on the 30th of August and Gran Turismo on the 1st September. Some WTS(Want To See Numbers) for those movies as well as some comparisons to how other revelant movies in a comparable number of days till release. **Note these are not pre-sales**. This is just a checkbox on Maoyan saying that your interested in the movie. The pre-sales are only ever in tables and compared to more than just 1-2 movies.

**Blue Beetle** 

Still no word on a China release for this.

**TMNT**

Dissaster 2nd weekend. -94% and pretty much vanished from the map. What a strange performance getting outgrossed by a French animation.

**Gran Turismo** 43k(+0.8k)

**Oppenheimer** 281k(+9k) vs **ATSV** 229k(+6k)

**[The Ex-Files 4](https://wx2.sinaimg.cn/mw690/6ca013d1ly1hgw5bausj7j23de4s9he1.jpg)** 1.070M(+4k)",2023-08-20T17:05:49,17,3,https://www.reddit.com/r/boxoffice/comments/15wgspt/in_china_no_more_bets_scores_65m34378m_3nd/,Mission: Impossible – Dead Reckoning Part One,Mission: Impossible – Dead Reckoning Part One
15wc9rm,boxoffice,🇯🇵 Japan Weekend Box Office August 18-20,,2023-08-20T14:03:38,29,15,https://i.imgur.com/4JZadl1.jpg,Mission: Impossible – Dead Reckoning Part One,Mission: Impossible – Dead Reckoning Part One
15vy2f1,boxoffice,Australian Box Office for the week ending 16 August 2023,"This week saw the Australian box office return to a somewhat more normal situation as Barbie &amp; Oppenhiemer gave up screens &amp; we saw 5 movies top the $1m mark this week including two new releases.

Barbie, as expected, went past The Lion King to become the 7th highest grossing film in the history of the Australian box office - non-inflation adjusted. Oppenhiemer went past $30m &amp; MI7 through the $20m barrier, but probably won't last more than a couple more weeks on this list.

Departing the list this week were Rocky Aur Rani Kii Prem Kahaani, The Miracle Club, Indy 5, Elemental &amp; Never Say Never. Three of the new entries to the list were from Bollywood, showing the strength of that market in Australia.

Thanks to flicks.com.au for the below figures.

1. Barbie - $8.53m (cume total $63.38m - this is the same as last week, so I think the figure hasn't been updated &amp; should actually be around $72m)
2. Oppenheimer - $3.81m ($32.47m)
3. Meg 2: The Trench - $2.14m ($5.97m)
4. Gran Turismo - $1.63m (new)
5. Jailer - $1.22m(new)
6. Asteroid City - $650k (new)
7. Talk to Me - $590k ($2.69m)
8. MI7 - $547k ($20.21m)
9. Gadar 2 - $502k (new)
10. OMG 2 - $366k (new)",2023-08-20T01:43:43,7,1,https://www.reddit.com/r/boxoffice/comments/15vy2f1/australian_box_office_for_the_week_ending_16/,Mission: Impossible – Dead Reckoning Part One,Mission: Impossible – Dead Reckoning Part One
15vkxk3,boxoffice,In China No More Bets grossed $25.3M(-32%)/$355M on Saturday. The comedy Papa in 2nd continues to do well with $8.7M/$15M ahead of Creation Of The Gods that grossed $6.75M(-36%)/$305M. Death Notice edges Meg 2 for 4th with $2.36M/$5.66M as Meg 2 has to settle for 5th with $2.28M(-63%)/$103M,"---
#Daily Box Office (August 19th 2023)

Holdovers besides No More Bets and Creation Of The Gods continue to strugle. 30,000 Miles From Chang’an sees its usual Saturday surge.

**Papa:** The comedy continues to overperform with the weekend now looking like $22M+.  WoM surprisingly pretty good opening with a 9.4 on Maoyan and also receiving decent reviews on Douban.

**Death Notice:** Also slightly better than expected. Aiming for a 7-8M opening weekend. 

**Miraculous: Ladybug &amp; Cat Noir, the Movie:** This one on the other hand has been underperforing expectations daily now. Couldn't even muster a jump today even with more screenings and being an Animation on Saturday. While it will still beat TMNT's opening weekend the total gross looks like it will just slightly exceed it.

**The Woman In The Storm:** Lost screenings today but still jumped even if ever so slightly. slightly better for tomorrow. Aiming to be around 7.5M after Sunday.

|# | Movie |Gross|%YD| %LW|Screenings|Admisions(Today)|Total Gross|Projected Total Gross|
:----------- |:-----------|:-----------:|:-----------:|:-----------:|:-----------:|:-----------:|:-----------:|:-----------:|
1| No More Bets               |$25.31M |+47%  |-32% |134682|4.3M  |$355.63M |$525M
2| Papa (Release)             |$8.75M  |+35%  |/    |89283 |1.5M  |$15.35M   |$55M
3| Creation Of The Gods       |$6.75M  |+80%  |-36% |40113 |1.0M  |$305.58M |$356M
4| Death Notice(Release)      |$2.36M  |-19%  |/    |45207 |0.41M |$5.66M   |$17M
5| MEG 2: THE TRENCH          |$2.28M  |+56%  |-63% |24197 |0.39M |$103.33M |$118M
6| The Woman In The Storm     |$1.60M  |+18%  |/    |23159 |0.28M |$5.88M   |$15M
7| 30,000 Miles From Chang’an |$1.04M  |+108% |-43% |8091  |0.18M |$241.44M |$248M
8| One And Only               |$0.81M  |+70%  |-69% |12137 |0.14M |$119.90M |$131M
9| Miraculous: Ladybug &amp; Cat Noir|$0.42M |-2%   |/  |15069 |0.09M |$0.85M   |$1.59M
10| Never Say Never           |$0.23M  |+22%  |-67% |3507  |0.04M |$301.12M |$302M
11| Oh my School              |$0.21M  |+32%  |-45% |3590  |0.04M |$50.13M  |$52M
12| Barbie                    |$0.10M  |+43%  |-67% |1079  |0.02M |$34.16M  |$34M
13| Lost In The Stars         |$0.03M  |+50%  |-62% |581   |0.005M|$486.61M |$487M 
14|MI7:Dead Reckoning         |$0.04M  |+100% |-63% |330   |0.007M|$48.42M  |$48.5M
15| TMNT: Mutant Mayhem       |$0.02M  |+53%  |-95% |568   |0.003M|$1.21M   |$1.25M

*YD=Yesterday, LW=Last Week

---

###**No More Bets**

A solid -32% from last week. A massive gain back vs [Lost In The Stars](https://i.imgur.com/C9fvaVw.png). Should make another step tomorrow.

Scores on Maoyan and Douban remain 9.1 and 6.9 respectively.

|#|SAT |SUN |MON|TUE|WED|THU|FRI|Total
:-----------:|:-----------:|:------------:|:------------:|:------------:|:------------:|:------------:|:------------:|:------------:|:------------:|
Second Week|$37.76M|$35.16M|$19.07M|$17.84M|$17.08M|$15.53M|$17.21M|$330.32M
Third Week|$25.31M|/|/|/|/|/|/|$355.63M		
|%± LW|-32%|/|/|/|/|/|/|/|

**Scheduled showings update for No More Bets for the next few days:**

|Day |  Number of Showings |Presales|Projection
:----------- |:-----------:|:-----------:|:-----------:|
Today|133787|$3.16M|$26.64M
Sunday|134323|$2.68M|$23.07M
Monday|80820|$161k|$10.98M
---

###**Creation Of The Gods**

Past both 50M admissions and $300M today. Still on track for a $16-17M 5th which could be the 2nd or 3rd best 5th weekend ever.

Tomorrow it even gains some screenings back.


|#|THU|FRI |SAT |SUN|MON|TUE|WED|Total
:-----------:|:-----------:|:------------:|:------------:|:------------:|:------------:|:------------:|:------------:|:------------:|:------------:|
Fourth Week|$5.21M|$6.12M|$10.53M|$9.77M|$4.62M|$4.32M|$4.13M|$291.25M	
Fifth Week|$3.83M|$3.75M|$6.76M|/|/|/|/|$305.58M			
|%± LW|-27%|-39%|-36%|/|/|/|/|/|
**Scheduled showings update for Creation Of The Gods for the next few days:**

|Day |  Number of Showings |Presales|Projection
:----------- |:-----------:|:-----------:|:-----------:|   
Today|39339|$1.20M|$6.55M
Sunday|45726|$1.07M|$6.46M
Monday|27937|$49k|$2.97M
---

###**Meg 2**

Meg 2 doesn't recover much from yesterday. Unlike Creation its not getting back any screenings going forward.

|#|FRI|SAT |SUN |MON|TUE|WED|THU|Total
:-----------:|:-----------:|:------------:|:------------:|:------------:|:------------:|:------------:|:------------:|:------------:|:------------:|
Second Week|$4.28M|$6.23M|$6.04M|$2.84M|$2.61M|$2.41M|$2.12M|$99.59M	
Third Week|$1.46M|$2.28M|/|/|/|/|/|$103.33M			
|%± LW|-66%|-63%|/|/|/|/|/|/|

**Scheduled showings update for The Meg 2 for the next few days:**

|Day |  Number of Showings |Presales|Projection
:----------- |:-----------:|:-----------:|:-----------:|
Today|23428|$394k|$2.25M
Sunday|23061|$275k|$2.06M
Monday|13445|$9k|$990k
---

###**One and Only**

One and Only however does recover and will also get screenings back for tomorrow.

|#|FRI|SAT |SUN |MON|TUE|WED|THU|Total
:-----------:|:-----------:|:------------:|:------------:|:------------:|:------------:|:------------:|:------------:|:------------:|:------------:|	
Third Week|$1.60M|$2.61M|$2.34M|$1.16M|$1.12M|$1.37M|$1.21M|$118.61M		
Fourth Week|$0.48M|$0.81M|/|/|/|/|/|$119.90M			
|%± LW|-69%|-69%|/|/|/|/|/|/|

**Scheduled showings update for One and Only for the next few days:**

|Day |  Number of Showings |Presales|Projection
:----------- |:-----------:|:-----------:|:-----------:|     
Today|12137|$195k|$771k
Sunday|17137|$223k|$995k
Monday|6402|$14k|$646k
---
###**Other stuff:**

Next big few holywood releases are Oppenheimer on the 30th of August and Gran Turismo on the 1st September. Some WTS(Want To See Numbers) for those movies as well as some comparisons to how other revelant movies in a comparable number of days till release. **Note these are not pre-sales**. This is just a checkbox on Maoyan saying that your interested in the movie. The pre-sales are only ever in tables and compared to more than just 1-2 movies.

**Blue Beetle** 

BlueBeetleBattalion looks to have missed China since there's no sign of the movie releasing anytime soon

**TMNT**

Another -95% day with only around $20k. Won't even pass $1.3M. One of the worst performing Holywood movies of the year.

**Gran Turismo** 43k(+0.8k)

**Oppenheimer** 272k(+10k) vs **ATSV** 223k(+9k)

**[The Ex-Files 4](https://wx2.sinaimg.cn/mw690/6ca013d1ly1hgw5bausj7j23de4s9he1.jpg)** 1.066M(+5k)",2023-08-19T16:38:39,23,4,https://www.reddit.com/r/boxoffice/comments/15vkxk3/in_china_no_more_bets_grossed_253m32355m_on/,Mission: Impossible – Dead Reckoning Part One,Mission: Impossible – Dead Reckoning Part One
15tsp8p,boxoffice,"🇯🇵 Japan Thursday box office - Elemental is #1 for the first time in admits, Kingdom 3 keeps #1 in gross",,2023-08-17T16:41:43,24,14,https://i.redd.it/6qssd2ya8pib1.jpg,Mission: Impossible – Dead Reckoning Part One,Mission: Impossible – Dead Reckoning Part One
15ts87i,boxoffice,In China No More Bets grossed $15.5M(-26%)/$313M on THU. Creation Of The Gods Part 1 added $3.83M(-27%)/$295.1M while Meg 2 in 3rd added $2.12M(-48%)/$99.5M. French animation Ladybug &amp; Cat Noir is projected to open with a $2.5M OW. On par with TLM. Above Indy ($2.2M) and almost 3x of TMNT:MM($0.89M),"---
#Daily Box Office (August 17th 2023)

After Never Say Never passed $300M yesterday it is the turn of No More Bets to pass the mark in its 10th day in relese. Tomorrow we will have Meg 2 pass $100M and then on Saturday Creation Of The Gods Part 1 will also pass $300M

**The Woman In The Storm** debuted today with an $1.67M opening day. It is projected to earn just shy of $10M by Sunday and $21M in total. 

Tomorrow sees the release of 3 movies:

**Papa:** A comedy that has acumulated over $2.3M in pre-sales for its opening day. Its projected to open with a $5.5M opening day into a weekend just shy of $20M and a total just shy of $50M 

**Death Notice:** A mystery crime movie projected to open with a $2M Friday into a $5.5M weekend and $13M total.

**Miraculous: Ladybug &amp; Cat Noir, the Movie:** And last but certainly not least. Well likely least but still the French animation is set to open with an almost $700k Friday. A $2.5M opening weekend which would not only be almost 3x of what TMNT's did but also almost $1M more than what TMNT is projected for its entire run. It would also mean an opening higher than Indiana Jones and on par with The Little Mermaid. Total gross is projected at $4.3M. Above Indy ($3.3M) and TLM($3.6M)

|# | Movie |Gross|%YD| %LW|Screenings|Admisions(Today)|Total Gross|Projected Total Gross|
:----------- |:-----------|:-----------:|:-----------:|:-----------:|:-----------:|:-----------:|:-----------:|:-----------:|
1| No More Bets               |$15.50M |-9%  |-26% |149485|2.7M  |$313.08M |$521M
2| Creation Of The Gods       |$3.83M  |-7%  |-27% |59599 |0.65M |$295.08M |$357M
3| MEG 2: THE TRENCH          |$2.12M  |-12% |-48% |44259 |0.37M |$99.59M  |$126M
7| The Woman In The Storm (release)|$1.68M  |+305%   |/    |28000  |0.29M |$2.92M   |$21M
4| One And Only               |$1.21M  |-10% |-23% |22928 |0.22M |$118.61M |$138M
5| 30,000 Miles From Chang’an |$0.75M  |-6%  |-19% |16006 |0.13M |$239.90M |$249M
6| Never Say Never            |$0.43M  |-12% |-25% |12629 |0.08M |$300.70M |$304M
8| Oh my School               |$0.26M  |-3%  |-23% |8447  |0.05M |$49.76M  |$53M
9| Barbie                     |$0.13M  |-12% |-45% |4920  |0.03M |$33.99M  |$34M
10| TMNT: Mutant Mayhem       |$0.05M  |-25% |/    |4543  |0.01M |$1.18M   |$1.57M
11| Lost In The Stars         |$0.06M  |-13% |-13% |2451  |0.01M |$486.56M |$487M 
12|MI7:Dead Reckoning         |$0.03M  |-20% |-33% |848  |0.005M |$48.36M  |$48.5M


*YD=Yesterday, LW=Last Week

---

###**No More Bets**

Officialy powers past $300M today. From tomorrow on the movie should start gaining back ground vs[Lost In The Stars](https://i.imgur.com/TBxmHr5.png). If it hits its projected $66.6M(-31%) weekend it should cut down the gap by Sunday from $41M to just $15M and continue to close it going forward.

Scores how now settled with Maoyan holding at 9.2. Douban at 7.0.

|#|SAT |SUN |MON|TUE|WED|THU|FRI|Total
:-----------:|:-----------:|:------------:|:------------:|:------------:|:------------:|:------------:|:------------:|:------------:|:------------:|
First Week|$23.95M|$30.22M|$20.55M|$25.68M|$22.77M|$21.10M|$26.44M|$170.71M
Second Week|$37.76M|$35.16M|$19.07M|$17.84M|$17.08M|$15.50M|/|$313.08M
|%± LW|+53%|+16%|-9%|-30%|-24%|-26%|/|/|

**Scheduled showings update for No More Bets for the next few days:**

|Day |  Number of Showings |Presales|Projection
:----------- |:-----------:|:-----------:|:-----------:|
Today|149485|$1.42M|$15.23M
Friday|133000|$1.76M|$17.78M
Saturday|95300|$771k|$25.36M
Sunday|53960|$169k|$23.02M
---

###**Creation Of The Gods**

Just a few more days until it passed $300M. Should happen on Saturday alongside 50M admisions. Early weekend projections at $17.4M(-34%). 

Reception remains very strong as it holds the 9.4 Maoyan and amazingly enough jumps from 7.7 to 7.8 on Douban even while 2 weeks deep into its run. 

|#|THU|FRI |SAT |SUN|MON|TUE|WED|Total
:-----------:|:-----------:|:------------:|:------------:|:------------:|:------------:|:------------:|:------------:|:------------:|:------------:|
Fourth Week|$5.21M|$6.12M|$10.53M|$9.77M|$4.62M|$4.32M|$4.13M|$291.25M	
Fifth Week|$3.83M|/|/|/|/|/|/|$295.08M			
|%± LW|-27%|/|/|/|/|/|/|/|
**Scheduled showings update for Creation Of The Gods for the next few days:**

|Day |  Number of Showings |Presales|Projection
:----------- |:-----------:|:-----------:|:-----------:|   
Today|59420|$481k|$3.78M
Friday|41108|$543k|$4.07M
Saturday|26146|$243k|$6.93M
Sunday|15047|$61k|$6.38M
---

###**Meg 2**

Just shy of $100M. Will pass the number tomorrow. Projected to gross around $7.7M(-54%)in its 3rd weekend.

|#|FRI|SAT |SUN |MON|TUE|WED|THU|Total
:-----------:|:-----------:|:------------:|:------------:|:------------:|:------------:|:------------:|:------------:|:------------:|:------------:|
First Week|$20.32M|$17.83M|$14.83M|$6.47M|$5.03M|$4.46M|$4.08M|$73.03M
Fourth Week|$4.28M|$6.23M|$6.04M|$2.84M|$2.61M|$2.41M|$2.12M|$99.59M	
|%± LW|-79%|-65%|-59%|-58%|-48%|-46%|-48%|/|

**Scheduled showings update for The Meg 2 for the next few days:**

|Day |  Number of Showings |Presales|Projection
:----------- |:-----------:|:-----------:|:-----------:|
Today|44244|$148k|$2.13M
Friday|23828|$170k|$1.91M
Saturday|15314|$90k|$2.96M
Sunday|7609|$34k|$2.81M
---

###**One and Only**

Of the back of a promotion that was on yesterday and today One and Only once again does well. Heading for a projected $3.7M(-44%) 4th weekend.

|#|FRI|SAT |SUN |MON|TUE|WED|THU|Total
:-----------:|:-----------:|:------------:|:------------:|:------------:|:------------:|:------------:|:------------:|:------------:|:------------:|
Second Week|$5.92M|$7.50M|$5.67M|$2.48M|$1.89M|$1.73M|$1.60M|$107.20M		
Third Week|$1.60M|$2.61M|$2.34M|$1.16M|$1.12M|$1.37M|$1.21M|$118.61M		
|%± LW|-74%|-65%|-59%|-53%|-40%|+23%|-23%|/|

**Scheduled showings update for One and Only for the next few days:**

|Day |  Number of Showings |Presales|Projection
:----------- |:-----------:|:-----------:|:-----------:|     
Today|22864|$146k|$959k
Friday|8914|$91k|$854k
Saturday|3714|$31k|$1.45M
Sunday|2049|$20k|$1.37M
---
###**Other stuff:**

Next big few holywood releases are Oppenheimer on the 30th of August and Gran Turismo on the 1st September. Some WTS(Want To See Numbers) for those movies as well as some comparisons to how other revelant movies in a comparable number of days till release. **Note these are not pre-sales**. This is just a checkbox on Maoyan saying that your interested in the movie. The pre-sales are only ever in tables and compared to more than just 1-2 movies.

**Blue Beetle** 

BlueBeetleBattalion looks to have missed China since there's no sign of the movie releasing anytime soon

**TMNT**

Another $50k on Thursday takes the movie to $1.18M. Still aiming for around $1.5M total

**Gran Turismo** 41k(+0.5k)

**Oppenheimer** 255k(+8k) vs **ATSV** 214k(+11k)

**[The Ex-Files 4](https://wx2.sinaimg.cn/mw690/6ca013d1ly1hgw5bausj7j23de4s9he1.jpg)** 1.056M(+3k)",2023-08-17T16:23:11,14,7,https://www.reddit.com/r/boxoffice/comments/15ts87i/in_china_no_more_bets_grossed_155m26313m_on_thu/,Mission: Impossible – Dead Reckoning Part One,Mission: Impossible – Dead Reckoning Part One
15t9th4,boxoffice,🇯🇵 Corpse on WorldofKJ: OBON FESTIVAL 2023 - UPDATED DAILY ESTIMATES,,2023-08-17T02:15:23,8,0,https://i.imgur.com/8qpEMwq.jpg,Mission: Impossible – Dead Reckoning Part One,Mission: Impossible – Dead Reckoning Part One
15sux7j,boxoffice,In China No More Bets grossed $16.9M(-24%)/$297.4M on Wednesday passing 50M admissions in the process. Creation Of The Gods Part 1 grossed $4.13M(-23%)/$291.3M while Meg 2 in 3rd added $2.41M(-46%)/$97.4M. All on the verge of $100/300M milestones. Meanwhile Never Say Never has passed $300M today.,"---
#Daily Box Office (August 16th 2023)

Never Say Never with 53.6M admissions has broken the $300M mark today. No More Bets meanwhile has passed 50M admisions today and will pass $300M tomorrow. And it will only be a few more days before Creation Of The Gods also hits the 50M mark and $300M. Likely on Saturday.

Tomorrow sees the release of The Woman In The Storm which is looking at a $1.6M opening day while total projections start at $21M. Then on Friday the comedy Papa is looking to open with a $5M+ opening day for a weekend that might reach the high teens. Another new release in Ladybug &amp; Cat noir: the movie is looking to open higher than TMNT:Mutan Mayhem last week and in fact outgross TMNT in total just in the first 3 days 💀

|# | Movie |Gross|%YD| %LW|Screenings|Admisions(Today)|Total Gross|Projected Total Gross|
:----------- |:-----------|:-----------:|:-----------:|:-----------:|:-----------:|:-----------:|:-----------:|:-----------:|
1| No More Bets               |$16.91M |-5%  |-24% |153613|2.9M  |$297.41M |$517M
2| Creation Of The Gods       |$4.13M  |-4%  |-23% |61978 |0.70M |$291.25M |$355M
3| MEG 2: THE TRENCH          |$2.41M  |-7%  |-46% |48825 |0.42M |$97.44M  |$127M
4| One And Only               |$1.37M  |+23% |-20% |25822 |0.24M |$117.37M |$137M
5| 30,000 Miles From Chang’an |$0.81M  |-1%  |-17% |16783 |0.14M |$239.15M |$251M
6| Never Say Never            |$0.50M  |-2%  |-16% |13965 |0.09M |$300.27M |$304M
7| The Woman In The Storm (Pre-screeninsg) |$0.41M  |+5%    |/    |6281  |0.07M |$1.24M   |/
8| Oh my School               |$0.27M  |-0%  |-18% |8401  |0.05M |$49.50M  |$53M
9| Barbie                     |$0.15M  |-3%  |-40% |5438  |0.03M |$33.86M  |$34M
10| TMNT: Mutant Mayhem       |$0.07M  |-11% |/    |5666  |0.01M |$1.13M   |$1.57M
11| Lost In The Stars         |$0.07M  |+0%  |-9%  |2761  |0.01M |$486.50M |$487M 
12|MI7:Dead Reckoning         |$0.04M  |+0%  |-34% |926   |0.01M |$48.33M  |$48.5M


*YD=Yesterday, LW=Last Week

---

###**No More Bets**

Passed 50M admissions today and will pass $300M tomorrow. This should be the last day where it takes a big hit vs [Lost In The Stars](https://i.imgur.com/CfgICHl.png) and should start stabiliting and gaining back ground going forward.

Scores how now settled with Maoyan holding at 9.2. Douban at 7.0.

|#|SAT |SUN |MON|TUE|WED|THU|FRI|Total
:-----------:|:-----------:|:------------:|:------------:|:------------:|:------------:|:------------:|:------------:|:------------:|:------------:|
First Week|$23.95M|$30.22M|$20.55M|$25.68M|$22.77M|$21.10M|$26.44M|$170.71M
Second Week|$37.76M|$35.16M|$19.07M|$17.84M|$16.91M|/|/|$297.41M
|%± LW|+53%|+16%|-9%|-30%|-24%|/|/|/|

**Scheduled showings update for No More Bets for the next few days:**

|Day |  Number of Showings |Presales|Projection
:----------- |:-----------:|:-----------:|:-----------:|
Today|153510|$1.56M|$16.34M
Thursday|14887|$1.42M|$15.23M
Friday|89483|$311k|$17.55M
---

###**Creation Of The Gods**

Another excelent day down just 23% vs last week. It is looking to pass 300M by Saturday.

Reception remains very strong as it holds the 9.4 Maoyan and amazingly enough jumps from 7.7 to 7.8 on Douban even while 2 weeks deep into its run. 

|#|THU|FRI |SAT |SUN|MON|TUE|WED|Total
:-----------:|:-----------:|:------------:|:------------:|:------------:|:------------:|:------------:|:------------:|:------------:|:------------:|
Third Week|$8.27M|$9.27M|$14.55M|$13.82M|$6.30M|$5.49M|$5.40M|$246.55M	
Fourth Week|$5.21M|$6.12M|$10.53M|$9.77M|$4.62M|$4.32M|$4.13M|$291.25M			
|%± LW|-37%|-34%|-27%|-29%|-27%|-21%|-23%|/|
**Scheduled showings update for Creation Of The Gods for the next few days:**

|Day |  Number of Showings |Presales|Projection
:----------- |:-----------:|:-----------:|:-----------:|   
Today|62048|$521k|$4.06M
Thursday|59420|$481k|$3.78M
Friday|26595|$85k|$3.96M
---

###**Meg 2**

Another day under a 50% drop. Projections once again creep up by $1M which has now become somewhat of a trend. Will pass the $100M mark on Friday.

|#|FRI|SAT |SUN |MON|TUE|WED|THU|Total
:-----------:|:-----------:|:------------:|:------------:|:------------:|:------------:|:------------:|:------------:|:------------:|:------------:|
First Week|$20.32M|$17.83M|$14.83M|$6.47M|$5.03M|$4.46M|$4.08M|$73.03M
Fourth Week|$4.28M|$6.23M|$6.04M|$2.84M|$2.61M|$2.41M|/|$97.44M	
|%± LW|-79%|-65%|-59%|-58%|-48%|-46%|/|/|

**Scheduled showings update for The Meg 2 for the next few days:**

|Day |  Number of Showings |Presales|Projection
:----------- |:-----------:|:-----------:|:-----------:|
Today|48812|$164k|$2.40M
Thursday|44244|$148k|$2.13M
Friday|14754|$43k|$2.28M
---

###**One and Only**

Not sure what sparked this but the movie randomly increased today by +23% which is obv good for its prospects.

|#|FRI|SAT |SUN |MON|TUE|WED|THU|Total
:-----------:|:-----------:|:------------:|:------------:|:------------:|:------------:|:------------:|:------------:|:------------:|:------------:|
Second Week|$5.92M|$7.50M|$5.67M|$2.48M|$1.89M|$1.73M|$1.60M|$107.20M		
Third Week|$1.60M|$2.61M|$2.34M|$1.16M|$1.37M|/|/|$117.37M		
|%± LW|-74%|-65%|-59%|-53%|+23%|/|/|/|

**Scheduled showings update for One and Only for the next few days:**

|Day |  Number of Showings |Presales|Projection
:----------- |:-----------:|:-----------:|:-----------:|     
Today|25890|$163k|$1.07M
Thursday|22864|$146k|$959k
Friday|5005|$15k|$1.10M
---
###**Other stuff:**

Next big few holywood releases are Oppenheimer on the 30th of August and Gran Turismo on the 1st September. Some WTS(Want To See Numbers) for those movies as well as some comparisons to how other revelant movies in a comparable number of days till release. **Note these are not pre-sales**. This is just a checkbox on Maoyan saying that your interested in the movie. The pre-sales are only ever in tables and compared to more than just 1-2 movies.

**TMNT**

Another $69k on Wednesday takes the movie to $1.13M. Still aiming for around $1.5M total

**Gran Turismo** 40k(+0.6k)

**Oppenheimer** 246k(+7k) vs **ATSV** 203k(+8k)

**[The Ex-Files 4](https://wx2.sinaimg.cn/mw690/6ca013d1ly1hgw5bausj7j23de4s9he1.jpg)** 1.05M(+4k)",2023-08-16T16:39:00,17,7,https://www.reddit.com/r/boxoffice/comments/15sux7j/in_china_no_more_bets_grossed_169m242974m_on/,Mission: Impossible – Dead Reckoning Part One,Mission: Impossible – Dead Reckoning Part One
15s2ily,boxoffice,Spain box office (August 14),https://twitter.com/Franspeech/status/1691384273331511296?t=_9v3qQ1bdCiBX-60NOPFBQ&amp;s=19,2023-08-15T19:36:10,9,0,https://i.redd.it/f72wspfttbib1.jpg,Mission: Impossible – Dead Reckoning Part One,Mission: Impossible – Dead Reckoning Part One
15rxm39,boxoffice,In China No More Bets grossed $17.65M(-30%)/$280.3M on Tuesday passing ¥2B in LC. The 6th movie to do so this year. In 2nd Creation Of The Gods Part 1 grossed $4.30M(-21%)/$287.1M while Meg 2 in 3rd added $2.61M(-58%)/$95M. TMNT: Mutant Mayhem finnaly passed $1M today after grossing $75k.,"---
#Daily Box Office (August 15th 2023)

No More Bets continues to lead at the top in what is a pretty uneventfull day where most movies hold relatively well.  The Woman In The Storm has another round ofpre-screenings today before its release on Thursday.

On Friday a comedy called Papa releases and has so far acumulated $1.35M in pre-sales for its opening day. The other 2 releases Death Notice a family drama and Ladybug &amp; Cat Noir: The Movie less so successfull with $189k and $46k respectively for its Friday openings days.

|# | Movie |Gross|%YD| %LW|Screenings|Admisions(Today)|Total Gross|Projected Total Gross|
:----------- |:-----------|:-----------:|:-----------:|:-----------:|:-----------:|:-----------:|:-----------:|:-----------:|
1| No More Bets               |$17.65M |-7%  |-30% |153700|3.0M  |$280.31M |$516M
2| Creation Of The Gods       |$4.30M  |-7%  |-21% |62211 |0.73M |$287.10M |$351M
3| MEG 2: THE TRENCH          |$2.61M  |-8%  |-48% |49233 |0.44M |$95.03M  |$126M
4| One And Only               |$1.12M  |-3%  |-40% |25871 |0.19M |$115.99M |$136M
5| 30,000 Miles From Chang’an |$0.82M  |-5%  |-18% |16711 |0.14M |$238.34M |$251M
6| Never Say Never            |$0.51M  |-5%  |-15% |13744 |0.09M |$299.77M |$304M
7| The Woman In The Storm (Pre-screeninsg) |$0.39M  |+6%    |/    |6782  |0.07M |$0.83M   |/
8| Oh my School               |$0.27M  |-0%  |-18% |8097  |0.05M |$49.23M  |$53M
9| Barbie                     |$0.15M  |-10% |-48% |5453  |0.03M |$33.71M  |$34M
10| TMNT: Mutant Mayhem       |$0.08M  |-14% |/    |6200  |0.02M |$1.06M   |$1.57M
11| Lost In The Stars         |$0.06M  |+4%  |-25% |2669  |0.01M |$486.43M |$486.5M 
12|MI7:Dead Reckoning         |$0.04M  |+3%  |-31% |901   |0.01M |$48.29M  |$48.5M


*YD=Yesterday, LW=Last Week

---

###**No More Bets**

A bit of a sharper drop today vs last week that can be explained by last Tuesday being the official release date. In comparable days since release [Lost In The Stars](https://i.imgur.com/yq2Xz4p.png) is now in its weekend period which means its making strides against NMB before No More Bets starts to stabilize things again on Thursday.

Scores how now settled with Maoyan holding at 9.2. Douban at 7.0.

|#|SAT |SUN |MON|TUE|WED|THU|FRI|Total
:-----------:|:-----------:|:------------:|:------------:|:------------:|:------------:|:------------:|:------------:|:------------:|:------------:|
First Week|$23.95M|$30.22M|$20.55M|$25.68M|$22.77M|$21.10M|$26.44M|$170.71M
Second Week|$37.76M|$35.16M|$19.07M|$17.65M|/|/|/|$280.31M
|%± LW|+53%|+16%|-9%|-30%|/|/|/|/|

**Scheduled showings update for No More Bets for the next few days:**

|Day |  Number of Showings |Presales|Projection
:----------- |:-----------:|:-----------:|:-----------:|
Today|153501|$1.57M|$18.73M
Wednesday|153510|$1.56M|$16.34M
Thursday|94236|$227k|$14.70M
---

###**Creation Of The Gods**

Another excelent day down just 21% vs last week. It has firmly settled itself into sub 30% drops this week. 

Reception remains very strong as it holds the 9.4 Maoyan and amazingly enough jumps from 7.7 to 7.8 on Douban even while 2 weeks deep into its run. 

|#|THU|FRI |SAT |SUN|MON|TUE|WED|Total
:-----------:|:-----------:|:------------:|:------------:|:------------:|:------------:|:------------:|:------------:|:------------:|:------------:|
Third Week|$8.27M|$9.27M|$14.55M|$13.82M|$6.30M|$5.49M|$5.40M|$246.55M	
Fourth Week|$5.21M|$6.12M|$10.53M|$9.77M|$4.62M|$4.30M|/|$287.10M			
|%± LW|-37%|-34%|-27%|-29%|-27%|-21%|/|/|
**Scheduled showings update for Creation Of The Gods for the next few days:**

|Day |  Number of Showings |Presales|Projection
:----------- |:-----------:|:-----------:|:-----------:|   
Today|62237|$544k|$4.67M
Wednesday|62048|$521k|$4.06M
Thursday|38874|$65k|$3.61M
---

###**Meg 2**

With no new releases Meg 2 actually manages to creep below a -50% drop from last week. 
 Total projections once again up by $1M 

|#|FRI|SAT |SUN |MON|TUE|WED|THU|Total
:-----------:|:-----------:|:------------:|:------------:|:------------:|:------------:|:------------:|:------------:|:------------:|:------------:|
First Week|$20.32M|$17.83M|$14.83M|$6.47M|$5.03M|$4.46M|$4.08M|$73.03M
Fourth Week|$4.28M|$6.23M|$6.04M|$2.84M|$2.61M|/|/|$95.03M	
|%± LW|-79%|-65%|-59%|-58%|-48%|/|/|/|

**Scheduled showings update for The Meg 2 for the next few days:**

|Day |  Number of Showings |Presales|Projection
:----------- |:-----------:|:-----------:|:-----------:|
Today|49368|$177k|$2.65M
Wednesday|48812|$164k|$2.40M
Thursday|26612|$16k|$2.09M
---

###**One and Only**

Also creeps below a -50% drop and does slightly above projections. Now needs less than ¥100M away from becoming Wang Yibo's highest grossing movie. 

|#|FRI|SAT |SUN |MON|TUE|WED|THU|Total
:-----------:|:-----------:|:------------:|:------------:|:------------:|:------------:|:------------:|:------------:|:------------:|:------------:|
Second Week|$5.92M|$7.50M|$5.67M|$2.48M|$1.89M|$1.73M|$1.60M|$107.20M		
Third Week|$1.60M|$2.61M|$2.34M|$1.16M|/|/|/|$115.99M		
|%± LW|-74%|-65%|-59%|-53%|-40%|/|/|/|

**Scheduled showings update for One and Only for the next few days:**

|Day |  Number of Showings |Presales|Projection
:----------- |:-----------:|:-----------:|:-----------:|     
Today|25897|$151k|$1.12M
Wednesday|25890|$163k|$1.07M
Thursday|13690|$21k|$934k
---
###**Other stuff:**

Next big few holywood releases are Oppenheimer on the 30th of August and Gran Turismo on the 1st September. Some WTS(Want To See Numbers) for those movies as well as some comparisons to how other revelant movies in a comparable number of days till release. **Note these are not pre-sales**. This is just a checkbox on Maoyan saying that your interested in the movie. The pre-sales are only ever in tables and compared to more than just 1-2 movies.

**TMNT**

Another $75k on Tuesday means the movie passes the $1M mark on its 5th day. Still aiming for around $1.5M total

**Gran Turismo** 40k(+0.6k)

**Oppenheimer** 239k(+7k) vs **ATSV** 196k(+6k)

**[The Ex-Files 4](https://wx2.sinaimg.cn/mw690/6ca013d1ly1hgw5bausj7j23de4s9he1.jpg)** 1.05M(+13k)

Confirmed to release as part of the the National Day Holiday week lineup in late September/Early October",2023-08-15T16:36:08,28,2,https://www.reddit.com/r/boxoffice/comments/15rxm39/in_china_no_more_bets_grossed_1765m302803m_on/,Mission: Impossible – Dead Reckoning Part One,Mission: Impossible – Dead Reckoning Part One
15qzsum,boxoffice,In China No More Bets grossed $18.85M(-9%)/$265.4M on Monday followed by Creation Of The Gods Part 1 which grossed $4.58M(-27%)/$282.7M. Meg 2 in 3rd added $2.82M(-58%)/$92.4M. TMNT: Mutant Mayhem failed to hit $1M on Monday after grossing just $90k(-68% vs YD) taking the total gross to $0.98M.,"---
#Daily Box Office (August 14th 2023)

No More Bets continues to reign at the top followed by a still very well performing Creation Of The Gods. The Woman In The Storm had some pre-screenings today before its release on Thursday followed by 3 more new releases on Friday. A comedy called Papa which has pretty decent pre-sales for Friday, Death Notice a family drama and Ladybug &amp; Cat Noir: The Movie which makes its way to China before it managed or will ever manage to find its way to US theaters.

|# | Movie |Gross|%YD| %LW|Screenings|Admisions(Today)|Total Gross|Projected Total Gross|
:----------- |:-----------|:-----------:|:-----------:|:-----------:|:-----------:|:-----------:|:-----------:|:-----------:|
1| No More Bets               |$18.85M |-46% |-9%  |154412|3.2M  |$262.44M |$522M
2| Creation Of The Gods       |$4.58M  |-53% |-27% |62278 |0.77M |$282.76M |$355M
3| MEG 2: THE TRENCH          |$2.82M  |-54% |-58% |50066 |0.48M |$92.40M  |$125M
4| One And Only               |$1.16M  |-51% |-53% |26255 |0.20M |$114.87M |$135M
5| 30,000 Miles From Chang’an |$0.87M  |-61% |-30% |16454 |0.15M |$237.52M |$251M
6| Never Say Never            |$0.54M  |-45% |-38% |13096 |0.10M |$299.26M |$306M
7| The Woman In The Storm (Pre-screeninsg)    |$0.37M  |/    |/    |6938  |0.06M |$0.44M   |/
8| Oh my School               |$0.27M  |+45% |-33% |7717  |0.05M |$48.96M  |$53M
9| Barbie                     |$0.17M  |-50% |-52% |5329  |0.03M |$33.56M  |$34M
10| TMNT: Mutant Mayhem       |$0.09M  |-68% |/    |7004  |0.02M |$0.98M   |$1.55M
11| Lost In The Stars         |$0.06M  |-40% |-50% |2499  |0.01M |$486.37M |$486.5M 
12|MI7:Dead Reckoning         |$0.04M  |-66% |-50% |841  |0.01M |$48.25M  |$48.5M


*YD=Yesterday, LW=Last Week

---

###**No More Bets**

Great hold into Monday and down just 9% from last week. We now enter the 3 days weekend for [Lost In The Stars](https://i.imgur.com/9J0FnA3.png) which means its gonna be making strides against NMB before No More Bets stars to gain back ground on Thursday.

Reception remains just ok but it doesn't seem to be affecting the movie in any way. Maoyan score holds at 9.2. Douban at 7.0.

|#|SAT |SUN |MON|TUE|WED|THU|FRI|Total
:-----------:|:-----------:|:------------:|:------------:|:------------:|:------------:|:------------:|:------------:|:------------:|:------------:|
First Week|$23.95M|$30.22M|$20.55M|$25.68M|$22.77M|$21.10M|$26.44M|$170.71M
Second Week|$37.76M|$35.16M|$18.85M|/|/|/|/|$262.44M
|%± LW|+53%|+16%|-9%|/|/|/|/|/|

**Scheduled showings update for No More Bets for the next few days:**

|Day |  Number of Showings |Presales|Projection
:----------- |:-----------:|:-----------:|:-----------:|
Today|154201|$1.56M|$17.41M
Tuesday|153501|$1.57M|$18.73M
Wednesday|100236|$226k|$17.35M
---

###**Creation Of The Gods**

A sub 30% drop from last week sets the movie up for another strong week where it will pass $300M

Reception remains very strong as it holds the 9.4 Maoyan and amazingly enough jumps from 7.7 to 7.8 on Douban even while 2 weeks deep into its run. 

|#|THU|FRI |SAT |SUN|MON|TUE|WED|Total
:-----------:|:-----------:|:------------:|:------------:|:------------:|:------------:|:------------:|:------------:|:------------:|:------------:|
Third Week|$8.27M|$9.27M|$14.55M|$13.82M|$6.30M|$5.49M|$5.40M|$246.55M	
Fourth Week|$5.21M|$6.12M|$10.53M|$9.77M|$4.58M|/|/|$282.76M		
|%± LW|-37%|-34%|-27%|-29%|-27%|/|/|/|
**Scheduled showings update for Creation Of The Gods for the next few days:**

|Day |  Number of Showings |Presales|Projection
:----------- |:-----------:|:-----------:|:-----------:|   
Today|61826|$520k|$4.69M
Tuesday|62237|$544k|$4.67M
Wednesday|40074|$75k|$4.39M

---

###**Meg 2**

Not a terrible drop into Monday. Sub -60% and the first time in days where the projections went up even if just by $2M.

|#|FRI|SAT |SUN |MON|TUE|WED|THU|Total
:-----------:|:-----------:|:------------:|:------------:|:------------:|:------------:|:------------:|:------------:|:------------:|:------------:|
First Week|$20.32M|$17.83M|$14.83M|$6.47M|$5.03M|$4.46M|$4.08M|$73.03M
Fourth Week|$4.28M|$6.23M|$6.04M|/|/|/|/|$92.40M	
|%± LW|-79%|-65%|-59%|-58%|/|/|/|/|

**Scheduled showings update for The Meg 2 for the next few days:**

|Day |  Number of Showings |Presales|Projection
:----------- |:-----------:|:-----------:|:-----------:|
Today|49818|$183k|$2.71M
Tuesday|49368|$177k|$2.65M
Wednesday|30812|$18k|$2.38M

---
###**Barbie**

Looks like it will hit $34M around Friday. 

|#|FRI|SAT |SUN |MON|TUE|WED|THU|Total
:-----------:|:-----------:|:------------:|:------------:|:------------:|:------------:|:------------:|:------------:|:------------:|:------------:|
Third Week|$0.57M|$0.75M|$0.80M|$0.36M|$0.27M|$0.25M|0.24M|$32.54M		
Fourth Week|$0.20M|$0.31M|$0.34M|$0.17M|/|/|/|$33.56M		
|%± LW|-58%|-58%|-57%|-52%|/|/|/|/|

**Scheduled showings update for Barbie for the next few days:**

|Day |  Number of Showings |Presales|Projection
:----------- |:-----------:|:-----------:|:-----------:|
Today|5264|$50k|$167k
Tuesday|5438|$44k|$156k
Wednesday|3666|$8k|$142k
---

###**One and Only**

Needs about another ¥100M or $14M to become Wang Yibo's highest grossing movie. Looks like it will be really close.

|#|FRI|SAT |SUN |MON|TUE|WED|THU|Total
:-----------:|:-----------:|:------------:|:------------:|:------------:|:------------:|:------------:|:------------:|:------------:|:------------:|
Second Week|$5.92M|$7.50M|$5.67M|$2.48M|$1.89M|$1.73M|$1.60M|$107.20M		
Third Week|$1.60M|$2.61M|$2.34M|$1.16M|/|/|/|$114.87M		
|%± LW|-74%|-65%|-59%|-53%|/|/|/|/|

**Scheduled showings update for One and Only for the next few days:**

|Day |  Number of Showings |Presales|Projection
:----------- |:-----------:|:-----------:|:-----------:|     
Today|26165|$161k|$1.15M
Tuesday|25897|$151k|$1.12M
Wednesday|16190|$28k|$1.04M

---
###**Other stuff:**

Next big few holywood releases are Oppenheimer on the 30th of August and Gran Turismo on the 1st September. Some WTS(Want To See Numbers) for those movies as well as some comparisons to how other revelant movies in a comparable number of days till release. Note these are not pre-sales. This is just a checkbox on Maoyan saying that your interested in the movie. The pre-sales are only ever in tables.

**TMNT**

Just about $90k on Monday. Not even enough to pass $1M. Will do so tomorrow but its rapidly collapsing from its already non existent box office.

**Gran Turismo** 40k(+1k)

**Oppenheimer** 232k(+7k) vs **ATSV** 190k(+7k)

**[The Ex-Files 4](https://wx2.sinaimg.cn/mw690/6ca013d1ly1hgw5bausj7j23de4s9he1.jpg)** 1.03M(+22k)

Confirmed to release as part of the the National Day Holiday week lineup in late September/Early October",2023-08-14T16:40:12,24,7,https://www.reddit.com/r/boxoffice/comments/15qzsum/in_china_no_more_bets_grossed_1885m92654m_on/,Mission: Impossible – Dead Reckoning Part One,Mission: Impossible – Dead Reckoning Part One
15qpza0,boxoffice,🇳🇬 Top six movies of August 4th - 10th in Nigeria,,2023-08-14T09:39:38,22,2,https://i.imgur.com/ZJf23QH.jpg,Mission: Impossible – Dead Reckoning Part One,Mission: Impossible – Dead Reckoning Part One
15q2vxj,boxoffice,In China No More Bets scores massive $99.3M(+84%)/$243.5M 2nd weekend. Creation Of The Gods Part 1 after passing ¥2B today records the 4th best 4th weekend of all time with $26.42M(-29%)/$278M. Meg 2 in 3rd modest with $16.5M(-69%)/$89.6M. TMNT bombs grossing just $0.89M in its opening weekend.,"#Weekend Box Office (August 11th-13th 2023)

No More Bets comfortably holds 1st increasing from last week. Behind Creation Of The Gods Part I phenomenal as is 30,000 Miles From Chang’an still going strong into its 6th weekend.

|# | Movie                 |Gross| %LW|Total Gross| Weekends
:----------- |:-----------|:-----------:|:-----------:|:-----------:|:-----------:|:-----------:|:-----------:|:-----------:|:-----------:|:-----------:
1| No More Bets                 |$99.36M          |+84%   |$243.59M  |2
2| Creation Of The Gods Part I  |$26.42M          |-29%   |$278.18M  |4
3| Meg 2                        |$16.55M          |-69%   |$89.58M   |2
4| One and Only                 |$6.55M           |-66%   |$113.71M  |3
5| 30,000 Miles From Chang’an   |$4.92M           |-38%   |$236.65M  |6
6| Never Say Never              |$2.17M           |-44%   |$298.72M  |8
7| Oh My School                 |$1.18M           |-33%   |$48.69M   |6
8| TMNT: Mutant Mayhem          |$0.89M           |/      |$0.89M    |1
9| Barbie                       |$0.85M           |-60%   |$33.39M   |4
10| MI7:Dead Reckoning          |$0.29M           |-45%   |$48.21M   |5 
11| Lost In The Stars           |$0.24M           |-45%   |$486.31M  |8 


---
#Daily Box Office (August 13th 2023)

No More Bets manages to pull over 35M on Sunday still sitting pretty in 1st. Behind Creation Of The Gods and Meg 2 do pretty good.

|# | Movie                 |Gross|%YD| %LW|Screenings|Admisions(Today)|Total Gross|Projected Total Gross|
:----------- |:-----------|:-----------:|:-----------:|:-----------:|:-----------:|:-----------:|:-----------:|:-----------:|
1| No More Bets               |$35.16M |-7%  |+16% |165817|6.0M  |$243.59M |$518M
2| Creation Of The Gods       |$9.77M  |-7%  |-29% |63998 |1.5M  |$278.18M |$354M
3| MEG 2: THE TRENCH          |$6.04M  |-3%  |-59% |52631 |1.0M  |$89.58M  |$123M
4| One And Only               |$2.34M  |-10% |-59% |27023 |0.40M |$113.71M |$135M
5| 30,000 Miles From Chang’an |$2.22M  |+21% |-30% |16635 |0.39M |$236.65M |$251M
6| Never Say Never            |$0.97M  |+37% |-37% |12054 |0.17M |$298.72M |$306M
7| Oh my School               |$0.55M  |+45% |-30% |8312  |0.10M |$48.69M  |$52M
8| TMNT: Mutant Mayhem        |$0.28M  |-22% |/    |9209  |0.06M |$0.89M   |$1.55M
9| Barbie                     |$0.34M  |+10% |-57% |4637  |0.06M |$33.39M  |$34M
10|MI7:Dead Reckoning         |$0.12M  |+10% |-45% |1009  |0.02M |$48.21M  |$48.5M
11| Lost In The Stars         |$0.10M  |+25% |-40% |2185  |0.02M |$486.31M |$486.5M 

*YD=Yesterday, LW=Last Week

---

###**No More Bets**

So agonizingly close to a $100M weekend. It gains ground on [Lost In The Stars](https://i.imgur.com/pkOks8f.png) today however that should once again flip tomorrow once the weekend numbers from LITS come in due to the 2 day difference in release dates.

Reception remains just ok but it doesn't seem to be affecting the movie in any way. Maoyan score holds at 9.2. Douban at 7.0.

|#|SAT |SUN |MON|TUE|WED|THU|FRI|Total
:-----------:|:-----------:|:------------:|:------------:|:------------:|:------------:|:------------:|:------------:|:------------:|:------------:|
First Week|$23.95M|$30.22M|$20.55M|$25.68M|$22.77M|$21.10M|$26.44M|$170.71M
Second Week|$37.76M|$35.16M|/|/|/|/|/|$243.59M
|%± LW|+53%|+16%|/|/|/|/|/|/|

**Scheduled showings update for No More Bets for the next few days:**

|Day |  Number of Showings |Presales|Projection
:----------- |:-----------:|:-----------:|:-----------:|
Today|165682|$4.64M|$33.44M
Monday|154201|$1.56M|$17.41M
Tuesday|93357|$181k|$16.17M

---

###**Meg 2**

Manages to sneak in under a 70% drop just about. Not great but no dissastrous numbers. Just ehhh.

|#|FRI|SAT |SUN |MON|TUE|WED|THU|Total
:-----------:|:-----------:|:------------:|:------------:|:------------:|:------------:|:------------:|:------------:|:------------:|:------------:|
First Week|$20.32M|$17.83M|$14.83M|$6.47M|$5.03M|$4.46M|$4.08M|$73.03M
Fourth Week|$4.28M|$6.23M|$6.04M|/|/|/|/|$83.54M	
|%± LW|-79%|-65%|-59%|/|/|/|/|/|

**Scheduled showings update for The Meg 2 for the next few days:**

|Day |  Number of Showings |Presales|Projection
:----------- |:-----------:|:-----------:|:-----------:|
Today|51682|$898k|$5.61M
Monday|49818|$183k|$2.71M
Tuesday|28941|$17k|$2.44M

---
###**Barbie**

Ends up -60% for the weekend. Not terrible but clearly at the end of its run here. It hasn't been extended yet and i don't really see a reason for it to be so the next week is likely all it has left.

|#|FRI|SAT |SUN |MON|TUE|WED|THU|Total
:-----------:|:-----------:|:------------:|:------------:|:------------:|:------------:|:------------:|:------------:|:------------:|:------------:|
Third Week|$0.57M|$0.75M|$0.80M|$0.36M|$0.27M|$0.25M|0.24M|$32.54M		
Fourth Week|$0.20M|$0.31M|$0.34M|/|/|/|/|$33.39M		
|%± LW|-58%|-58%|-57%|/|/|/|/|/|

**Scheduled showings update for Barbie for the next few days:**

|Day |  Number of Showings |Presales|Projection
:----------- |:-----------:|:-----------:|:-----------:|
Today|4526|$115k|$330k
Monday|5264|$50k|$167k
Tuesday|3363|$8k|$150k
---
###**Creation Of The Gods**

A good Sunday caps of what has been a spectacular 4th weekend. Passing ¥2B and recording the 4th best 4th weekend of all time behind Ne Zha, Wolf Warrior 2 and The Battle at Lake Changjin. 3 movies that grossed more than $700M

Credit to: https://twitter.com/bulletproofsqui/status/1690745978608074753 

Reception remains very strong as it holds the 9.4 Maoyan and amazingly enough jumps from 7.7 to 7.8 on Douban even while 2 weeks deep into its run. 

|#|THU|FRI |SAT |SUN|MON|TUE|WED|Total
:-----------:|:-----------:|:------------:|:------------:|:------------:|:------------:|:------------:|:------------:|:------------:|:------------:|
Third Week|$8.27M|$9.27M|$14.55M|$13.82M|$6.30M|$5.49M|$5.40M|$246.55M	
Fourth Week|$5.21M|$6.12M|$10.53M|$9.77M|/|/|/|$278.18M		
|%± LW|-37%|-34%|-27%|-29%|/|/|/|/|
**Scheduled showings update for Creation Of The Gods for the next few days:**

|Day |  Number of Showings |Presales|Projection
:----------- |:-----------:|:-----------:|:-----------:|   
Today|63704|$1.76M|$9.81M
Monday|61826|$520k|$4.69M
Tuesday|37176|$60k|$4.36M

---

###**One and Only**

Needs about another ¥110M or $15-16M to become Wang Yibo's highest grossing movie. Looks like it will be really close.

|#|FRI|SAT |SUN |MON|TUE|WED|THU|Total
:-----------:|:-----------:|:------------:|:------------:|:------------:|:------------:|:------------:|:------------:|:------------:|:------------:|
Second Week|$5.92M|$7.50M|$5.67M|$2.48M|$1.89M|$1.73M|$1.60M|$107.20M		
Third Week|$1.60M|$2.61M|$2.34M|/|/|/|/|$113.71M		
|%± LW|-74%|-65%|-59%|/|/|/|/|/|

**Scheduled showings update for One and Only for the next few days:**

|Day |  Number of Showings |Presales|Projection
:----------- |:-----------:|:-----------:|:-----------:|     
Today|27040|$409k|$1.95M
Monday|26165|$161k|$1.15M
Tuesday|15069|$27k|$1.06M
---
###**Other stuff:**

Next big few holywood releases are Oppenheimer on the 30th of August and Gran Turismo on the 1st September. Some WTS(Want To See Numbers) for those movies as well as some comparisons to how other revelant movies in a comparable number of days till release. Note these are not pre-sales. This is just a checkbox on Maoyan saying that your interested in the movie. The pre-sales are only ever in tables.

**TMNT**

A massive bomb. Only grossing $0.89M for the weekend. Less than half of Indy's and TLM's opening weekends. It also won't even reach half of the total gross of those movies ($3.3M and $3.6M)

**Gran Turismo** 39k(+1.5k)

**Oppenheimer** 225k(+8k) vs **ATSV** 183k(+3k)",2023-08-13T16:13:19,25,6,https://www.reddit.com/r/boxoffice/comments/15q2vxj/in_china_no_more_bets_scores_massive_993m842435m/,Mission: Impossible – Dead Reckoning Part One,Mission: Impossible – Dead Reckoning Part One
15pzvga,boxoffice,"🇯🇵 Japan Aug 11-13 weekend box office - MI7 and Elemental enjoy increases over the holidays, Barbie has a soft $1.6M estimated opening.",,2023-08-13T14:09:01,50,34,https://i.redd.it/kghwmk49xvhb1.jpg,Mission: Impossible – Dead Reckoning Part One,Mission: Impossible – Dead Reckoning Part One
15puof0,boxoffice,U.K. &amp; IRL Box Office for Saturday 12th August. Barbie (£1.63m) / Oppenheimer (£1.23m) / Haunted Mansion (£369k) / Gran Turismo (£272k) / Jailer (£177k).,,2023-08-13T09:43:57,28,4,https://i.redd.it/up3npc3cmuhb1.jpg,Mission: Impossible – Dead Reckoning Part One,Mission: Impossible – Dead Reckoning Part One
15olbqb,boxoffice,"[Corpse on WOKJ] Analysis of recent releases in Japan - MI7 likely to outgross MI6 in local currency and break ¥5B (~$35M); ¥10B (~$70M) is still in play for How Do You Live?; Elemental can make a run for ¥3B ($21M); Barbie not looking like a breakout, likely tops out at ¥1.5B ($11M).",,2023-08-11T21:29:47,35,14,https://i.redd.it/9bza0evstjhb1.png,Mission: Impossible – Dead Reckoning Part One,Mission: Impossible – Dead Reckoning Part One
15odjcg,boxoffice,In China No More Bets scores good $26.40M/$170M on Friday. Weekend looking closer to $90M than $100M. Meg 2 drops hard with just $4.28M(-79%)/$77M. Creation Of The Gods meanwhile excelent with $6.12M(-34%)/$258M. TMNT opens very poorly with just $250k. Looking at a $1M OW. $1.7M total run,"---
#Daily Box Office (August 11th 2023)

No More Bets good but not quite as good as projected. Total projections lowered a bit. Behind Creation Of The Gods really good and Meg 2 pretty bad. The top 3 movies are the only ones that manage an increse on Friday. TMNT: Mutant Mayhem flops.

|# | Movie                 |Gross|%YD| %LW|Screenings|Admisions(Today)|Total Gross|Projected Total Gross|
:----------- |:-----------|:-----------:|:-----------:|:-----------:|:-----------:|:-----------:|:-----------:|:-----------:|
1| No More Bets               |$26.40M|+25%  |/    |162764|4.5M   |$170.67M |$517M
2| Creation Of The Gods       |$6.12M  |+18%  |-34% |66218 |1.0M  |$257.88M |$354M
3| MEG 2: THE TRENCH          |$4.28M  |+5%   |-79% |61526 |0.72M |$77.31M  |$122M
4| One And Only               |$1.56M  |-2%   |-74% |26520 |0.27M |$108.76M |$136M
5| 30,000 Miles From Chang’an |$0.88M  |-6%   |-53% |13643 |0.16M |$232.61M |$247M
6| Never Say Never            |$0.50M  |-15%  |-55% |10268 |0.09M |$297.04M |$305M
7| Oh my School               |$0.25M  |-21%  |-34% |7439  |0.05M |$47.76M  |$51M
8| TMNT: Mutant Mayhem        |$0.25M  |-4%   |/    |12135 |0.05M |$0.25M   |$1.7M
9| Barbie                     |$0.20M  |-15%  |-58% |4221  |0.04M |$32.74M  |$34M
10| Lost In The Stars         |$0.06M  |-13%  |-46% |1865  |0.01M |$486.13M |$487M 
11|MI7:Dead Reckoning         |$0.06M  |-5%   |-50% |841   |0.01M |$47.98M  |$48M

*YD=Yesterday, LW=Last Week

---

###**No More Bets**

Looking closer to $90M than $100M unless it overperforms which is possible. Still behind [Lost In The Stars](https://i.imgur.com/5UkvhO2.png) but due to the different release schedules it could pass it again tomorrow.

Reception is just ok. Maoyan score drops to 9.2. Douban to 7.0.

|#|SAT |SUN |MON|TUE|WED|THU|FRI|Total
:-----------:|:-----------:|:------------:|:------------:|:------------:|:------------:|:------------:|:------------:|:------------:|:------------:|
First Week|$23.95M|$30.22M|$20.55M|$25.68M|$22.77M|$21.10M|$26.40M|$170.67M

**Scheduled showings update for No More Bets for the next few days:**

|Day |  Number of Showings |Presales|Projection
:----------- |:-----------:|:-----------:|:-----------:|
Today|162450|$3.80M|$26.88M
Saturday|165066|$5.04M|$33.87M
Sunday|132155|$1.02M|$32.21M

---

###**Meg 2**

Meg 2 suffers are pretty bad 79% drop from its opening day. Total projections now well below Fast X with the weekend only looking only around $16M

Scores seem to have stabilized on a 9.0 on Maoyan and 5.6 on Douban.

|#|FRI|SAT |SUN |MON|TUE|WED|THU|Total
:-----------:|:-----------:|:------------:|:------------:|:------------:|:------------:|:------------:|:------------:|:------------:|:------------:|
First Week|$20.32M|$17.83M|$14.83M|$6.47M|$5.03M|$4.46M|$4.08M|$73.03M
Fourth Week|$4.28M|/|/|/|/|/|/|$77.31M	
|%± LW|-79%|/|/|/|/|/|/|/|

**Scheduled showings update for The Meg 2 for the next few days:**

|Day |  Number of Showings |Presales|Projection
:----------- |:-----------:|:-----------:|:-----------:|
Today|60929|$529k|$4.74M
Saturday|59499|$896k|$6.10M
Sunday|39277|$168k|$5.42M
---
###**Barbie**

Should pass $33M tommorow. Emphasis on should but it could fall short if it falls under the projections.

|#|FRI|SAT |SUN |MON|TUE|WED|THU|Total
:-----------:|:-----------:|:------------:|:------------:|:------------:|:------------:|:------------:|:------------:|:------------:|:------------:|
Third Week|$0.57M|$0.75M|$0.80M|$0.36M|$0.27M|$0.25M|0.24M|$32.54M		
Fourth Week|$0.20M|/|/|/|/|/|/|$32.74M		
|%± LW|-58%|/|/|/|/|/|/|/|

**Scheduled showings update for Barbie for the next few days:**

|Day |  Number of Showings |Presales|Projection
:----------- |:-----------:|:-----------:|:-----------:|
Today|4163|$62k|$178k
Saturday|3362|$100k|$268k
Sunday|3282|$30k|$277k

---
###**Creation Of The Gods**

While Meg 2 is faltering early Creation Of The Gods is still going strong even in its 4th week. Its holds have only gotten better in the last few days and its now looking at a comfrotable $25M+ weekend.

Its started outpacing the dailies of Lost In the Stars at the same time into their run.

Reception remains very strong as it holds the 9.4 Maoyan and amazingly enough jumps from 7.7 to 7.8 on Douban even while 2 weeks deep into its run. 

|#|THU|FRI |SAT |SUN|MON|TUE|WED|Total
:-----------:|:-----------:|:------------:|:------------:|:------------:|:------------:|:------------:|:------------:|:------------:|:------------:|
Third Week|$8.27M|$9.27M|$14.55M|$13.82M|$6.30M|$5.49M|$5.40M|$246.55M	
Fourth Week|$5.21M|$6.12M|/|/|/|/|/|$257.88M		
|%± LW|-37%|-34%|/|/|/|/|/|/|
**Scheduled showings update for Creation Of The Gods for the next few days:**

|Day |  Number of Showings |Presales|Projection
:----------- |:-----------:|:-----------:|:-----------:|   
Today|65497|$978k|$5.96M
Saturday|65776|$1.92M|$11.03M
Sunday|47269|$361k|$10.48M
---

###**One and Only**

Should pass $110M tomorrow but the holds are not getting any better.

|#|FRI|SAT |SUN |MON|TUE|WED|THU|Total
:-----------:|:-----------:|:------------:|:------------:|:------------:|:------------:|:------------:|:------------:|:------------:|:------------:|
Second Week|$5.92M|$7.50M|$5.67M|$2.48M|$1.89M|$1.73M|$1.60M|$107.20M		
Third Week|$1.60M|/|/|/|/|/|/|$108.76M		
|%± LW|-74%|/|/|/|/|/|/|/|

**Scheduled showings update for One and Only for the next few days:**

|Day |  Number of Showings |Presales|Projection
:----------- |:-----------:|:-----------:|:-----------:|     
Today|26391|$300k|$1.59M
Saturday|35296|$503k|$2.50M
Sunday|19687|$99k|$2.00M
---
###**Other stuff:**

Next big few holywood releases are Oppenheimer on the 30th of August and Gran Turismo on the 1st September. Some WTS(Want To See Numbers) for those movies as well as some comparisons to how other revelant movies in a comparable number of days till release. Note these are not pre-sales. This is just a checkbox on Maoyan saying that your interested in the movie. The pre-sales are only ever in tables.

**TMNT**

As predicted. A blip on the radar that will vanish very quickly. 

**Gran Turismo** 36k(+0.8k)

**Oppenheimer** $209k(+5k) vs **ATSV** 176k(+8k)",2023-08-11T16:30:35,21,4,https://www.reddit.com/r/boxoffice/comments/15odjcg/in_china_no_more_bets_scores_good_2640m170m_on/,Mission: Impossible – Dead Reckoning Part One,Mission: Impossible – Dead Reckoning Part One
15o93ry,boxoffice,🇯🇵 Japan Box Office (holiday Friday),,2023-08-11T13:34:28,48,15,https://i.redd.it/ktt8c7rjhhhb1.png,Mission: Impossible – Dead Reckoning Part One,Mission: Impossible – Dead Reckoning Part One
15o3t1d,boxoffice,UK &amp; IRL Box Office for Thursday 10th August. Barbie (£1.29m) / Oppenheimer (£717k) / Meg 2: The Trench (£419k) / TMNT: Mutant Mayhem (£224k) / M:I - Dead Reckoning (£138k) / Elemental (£123k) / Gran Turismo (£122k),Note: Mutant Mayhem’s total is £4.87m rather than £2.87m. I think UKBO forgot to add on last week’s previews.,2023-08-11T09:13:17,37,16,https://i.redd.it/qp7ono317ghb1.jpg,Mission: Impossible – Dead Reckoning Part One,Mission: Impossible – Dead Reckoning Part One
15nhai1,boxoffice,In China No More Bets adds $20.78M/$144M on Thursday. Heading for a $100M+ weekend. MEG 2: THE TRENCH adds $4.08M/$73M. Looking at a sub $20M 2nd weekend. Creation Of The Gods added $5.18M(-37%)/$264M. TMNT opens tommorow and is projected to earn $394k into a $1.4M opening weekend and $2.3M total,"---
#Daily Box Office (August 10th 2023)

No More Bets still far in the lead. Behind Creation Of The Gods keeps increasing its lead in dailies over Meg 2. 

|# | Movie                 |Gross|%YD| %LW|Screenings|Admisions(Today)|Total Gross|Projected Total Gross|
:----------- |:-----------|:-----------:|:-----------:|:-----------:|:-----------:|:-----------:|:-----------:|:-----------:|
1| No More Bets               |$20.78M |-9%   |/    |155114|3.5M  |$143.95M |$536M
2| Creation Of The Gods       |$5.18M  |-4%   |-37% |60505 |0.87M |$264.51M |$340M
3| MEG 2: THE TRENCH          |$4.08M  |-8%   |/    |61792 |0.68M |$73.03M  |$136M
4| One And Only               |$1.60M  |-7%   |-74% |31867 |0.28M |$107.20M |$136M
5| 30,000 Miles From Chang’an |$0.94M  |-3%   |-61% |15340 |0.16M |$231.73M |$246M
6| Never Say Never            |$0.59M  |-2%   |-70% |12594 |0.10M |$296.54M |$306M
7| Oh my School               |$0.32M  |-3%   |-54% |9655  |0.06M |$47.51M  |$53M
8| Barbie                     |$0.24M  |-4%   |-75% |6291  |0.05M |$32.54M  |$34M
9| Lost In The Stars          |$0.07M  |-0%   |-80% |2411  |0.01M |$486.07M |$488M 
10|MI7:Dead Reckoning         |$0.06M  |-0%   |-81% |1159  |0.01M |$47.92M  |$49M

*YD=Yesterday, LW=Last Week

---

###**No More Bets**

Still shaping up for a $100M+ weekend. It and Lost In The Stars have been keeping pretty [close](https://i.imgur.com/6u9SAXt.png) for its first few days pretty much swaping leads every day. Although Lost In The Stars had the bennefit of $5M extra start from previews.

Reception is just ok. 9.3 on Maoyan and 7.1 on Douban.

|#|SAT |SUN |MON|TUE|WED|THU|FRI|Total
:-----------:|:-----------:|:------------:|:------------:|:------------:|:------------:|:------------:|:------------:|:------------:|:------------:|
First Week|$23.95M|$30.22M|$20.55M|$25.68M|$22.77M|$20.78M|/|$143.95M

**Scheduled showings update for No More Bets for the next few days:**

|Day |  Number of Showings |Presales|Projection
:----------- |:-----------:|:-----------:|:-----------:|
Today|156079|$1.93M|$19.84M
Friday|162450|$3.80M|$26.88M
Saturday|129066|$1.29M|$40.32M
Sunday|87066|$405k|$36.71M

---

###**Meg 2**

Meg 2 better today. Weekend looks like it will land in the high teens. $100M next week.

Scores seem to have stabilized on a 9.0 on Maoyan and 5.6 on Douban.

|#|FRI|SAT |SUN |MON|TUE|WED|THU|Total
:-----------:|:-----------:|:------------:|:------------:|:------------:|:------------:|:------------:|:------------:|:------------:|:------------:|
First Week|$20.32M|$17.83M|$14.83M|$6.47M|$5.03M|$4.46M|$4.08M|$73.03M

**Scheduled showings update for The Meg 2 for the next few days:**

|Day |  Number of Showings |Presales|Projection
:----------- |:-----------:|:-----------:|:-----------:|
Today|60095|$418k|$3.95M
Friday|60929|$529k|$4.74M
Saturday|42984|$195k|$7.86M
Sunday|22965|$53k|$7.00M
---
###**Barbie**

Looks like the movie will pass $33M this weekend.

|#|FRI|SAT |SUN |MON|TUE|WED|THU|Total
:-----------:|:-----------:|:------------:|:------------:|:------------:|:------------:|:------------:|:------------:|:------------:|:------------:|
Second Week|$1.84M|$2.83M|$2.56M|$1.27M|$1.11M|$1.03M|$0.95M|$29.30M
Third Week|$0.57M|$0.75M|$0.80M|$0.36M|$0.27M|$0.25M|0.24M|$32.54M		
|%± LW|-69%|-73%|-69%|-71%|-75%|-75%|-74%|/|

**Scheduled showings update for Barbie for the next few days:**

|Day |  Number of Showings |Presales|Projection
:----------- |:-----------:|:-----------:|:-----------:|
Today|4347|$78k|$233k
Friday|4163|$62k|$178k
Saturday|2398|$25k|$285k
Sunday|1736|$9k|$297k

---
###**Creation Of The Gods**

Another strong day. Its lead over Meg 2 is now over 1 million. 4th weekend still looking around $24-25M

Reception remains very strong as it holds the 9.4 Maoyan and amazingly enough jumps from 7.7 to 7.8 on Douban even while 2 weeks deep into its run. 

|#|THU|FRI |SAT |SUN|MON|TUE|WED|Total
:-----------:|:-----------:|:------------:|:------------:|:------------:|:------------:|:------------:|:------------:|:------------:|:------------:|
Third Week|$8.27M|$9.27M|$14.55M|$13.82M|$6.30M|$5.49M|$5.40M|$259.33M	
Fourth Week|$5.18M|/|/|/|/|/|/|$264.51M		
|%± LW|-37%|/|/|/|/|/|/|/|
**Scheduled showings update for Creation Of The Gods for the next few days:**

|Day |  Number of Showings |Presales|Projection
:----------- |:-----------:|:-----------:|:-----------:|   
Today|60170|$785k|$5.11M
Friday|65497|$978k|$5.96M
Saturday|47382|$420k|$9.42M
Sunday|27148|$100k|$8.95M
---

###**One and Only**

Total projections now getting dangerously close to Hidden Blade. Less than a $10M margin for this movie to stay ahead of Hidden Blade and become Wang Yibo's highest grossing movie. 

|#|FRI|SAT |SUN |MON|TUE|WED|THU|Total
:-----------:|:-----------:|:------------:|:------------:|:------------:|:------------:|:------------:|:------------:|:------------:|:------------:|
First Week|$10.43M|$12.62M|$12.46M|$7.33M|$7.08M|$6.58M|$6.08M|$80.42M
Second Week|$5.92M|$7.50M|$5.67M|$2.48M|$1.89M|$1.73M|$1.60M|$107.20M		
|%± LW|-43%|-40%|-55%|-66%|-73%|-74%|-74%|/|

**Scheduled showings update for One and Only for the next few days:**

|Day |  Number of Showings |Presales|Projection
:----------- |:-----------:|:-----------:|:-----------:|     
Today|31035|$267k|$1.58M
Friday|26391|$300k|$1.59M
Saturday|24125|$130k|$2.55M
Sunday|10723|$38k|$2.04M
---
###**Other stuff:**

Next big few holywood releases are Oppenheimer on the 30th of August and Gran Turismo on the 1st September. Some WTS(Want To See Numbers) for those movies as well as some comparisons to how other revelant movies in a comparable number of days till release. Note these are not pre-sales. This is just a checkbox on Maoyan saying that your interested in the movie. The pre-sales are only ever in tables.

**TMNT**

Only has around 70k in pre-sales for its opening day Tomorrow. Opening weekend projected at around $1.4M. $2.3M total.

**Gran Turismo** 35k(+0.6k)

**Oppenheimer** $203k(+7k)vs **Flash** 151k(+4k)  vs **ATSV** 168k(+8k)",2023-08-10T16:34:50,39,6,https://www.reddit.com/r/boxoffice/comments/15nhai1/in_china_no_more_bets_adds_2078m144m_on_thursday/,Mission: Impossible – Dead Reckoning Part One,Mission: Impossible – Dead Reckoning Part One
15na9ek,boxoffice,🇪🇸 Spain Box Office - August 9 ( Discount day),,2023-08-10T11:48:56,30,5,https://i.imgur.com/JkP0TW3.jpg,Mission: Impossible – Dead Reckoning Part One,Mission: Impossible – Dead Reckoning Part One
15lmnl3,boxoffice,"In China No More Bets officialy releases on Tuesday after 3 days of ""pre-screenings"". Beats projections once again taking in an impressive $25.20M across over 150k screenings. 4 day total hits $100M. MEG 2: THE TRENCH slips to 3rd with $5.04M/$64.49M behind Creation Of The Gods $5.45M(-48%)/$254M","---
#Daily Box Office (August 8th 2023)

No More Bets officialy releases and most movies feel its impact. Creation Of The Gods once again holds best. Meg 2 does not.

|# | Movie                 |Gross|%YD| %LW|Screenings|Admisions(Today)|Total Gross|Projected Total Gross|
:----------- |:-----------|:-----------:|:-----------:|:-----------:|:-----------:|:-----------:|:-----------:|:-----------:|
1| No More Bets               |$25.20M |+23%  |/    |152340|4.3M  |$99.92M  |$534M
2| Creation Of The Gods       |$5.45M  |-13%  |-48% |60397 |0.91M |$253.93M |$340M
3| MEG 2: THE TRENCH          |$5.04M  |-22%  |/    |64797 |0.85M |$64.49M  |$131M
4| One And Only               |$1.88M  |-24%  |-73% |33180 |0.33M |$103.87M |$140M
5| 30,000 Miles From Chang’an |$1.00M  |-19%  |-67% |15212 |0.17M |$229.82M |$248M
6| Never Say Never            |$0.60M  |-30%  |-75% |12306 |0.10M |$295.35M |$308M
7| Oh my School               |$0.33M  |-17%  |-57% |9547  |0.06M |$46.86M  |$53M
8| Barbie                     |$0.27M  |-25%  |-75% |6491  |0.06M |$32.05M  |$34M
9| Lost In The Stars          |$0.08M  |-34%  |-79% |2340  |0.01M |$485.93M |$488M 
10|MI7:Dead Reckoning         |$0.06M  |-25%  |-81% |1176  |0.01M |$47.82M  |$49M

*YD=Yesterday, LW=Last Week

---

###**No More Bets**

No More Bets once again beats projections grossing 25M+ on what is its official release date. Also hits $100M at the same time. Total projection hold above $500M. Looks like were in for another crazy run akin to Lost In The Stars 

Audiences swing 65% women and young. Ages under 30 make up for almost 75% of the viewership.

Reception is just ok. Opens with 9.3 on Maoyan and 7.2 on Douban.

|#|FRI|SAT |SUN |MON|TUE|WED|THU|Total
:-----------:|:-----------:|:------------:|:------------:|:------------:|:------------:|:------------:|:------------:|:------------:|:------------:|
First Week|$23.95M|$30.22M|$20.55M|$25.30M|/|/|/|$99.92M

**Scheduled showings update for No More Bets for the next few days:**

|Day |  Number of Showings |Presales|Projection
:----------- |:-----------:|:-----------:|:-----------:|
Today|150336|$2.53M|$23.21M
Wednesday|155537|$2.17M|$23.00M
Thursday|113144|$310k|$21.20M

###**Meg 2**

Meg 2 sees a prety sharp drop from yesterday which finnaly means it slips behind Creation Of The Gods. Its losing screenings pretty fast being at less than half of what it started on Friday already.

Maoyan score slipped to 9.0 and the Douban score is also down to 5.6 below the first movie and still slipping.

|#|FRI|SAT |SUN |MON|TUE|WED|THU|Total
:-----------:|:-----------:|:------------:|:------------:|:------------:|:------------:|:------------:|:------------:|:------------:|:------------:|
First Week|$20.32M|$17.83M|$14.83M|$6.47M|$5.03M|/|/|$64.49M

**Scheduled showings update for The Meg 2 for the next few days:**

|Day |  Number of Showings |Presales|Projection
:----------- |:-----------:|:-----------:|:-----------:|
Today|65462|$574k|$5.49M
Wednesday|62227|$481k|$4.28M
Thursday|42481|$100k|$3.85M
---
###**Barbie**

Even worse than yesterday. Well and trully fizzling out now.

|#|FRI|SAT |SUN |MON|TUE|WED|THU|Total
:-----------:|:-----------:|:------------:|:------------:|:------------:|:------------:|:------------:|:------------:|:------------:|:------------:|
Second Week|$1.84M|$2.83M|$2.56M|$1.27M|$1.11M|$1.03M|$0.95M|$29.30M
Third Week|$0.57M|$0.75M|$0.80M|$0.36M|$0.27M|/|/|$32.05M		
|%± LW|-69%|-73%|-69%|-71%|-75%|/|/|/|

**Scheduled showings update for Barbie for the next few days:**

|Day |  Number of Showings |Presales|Projection
:----------- |:-----------:|:-----------:|:-----------:|
Today|6495|$96k|$276k
Wednesday|6244|$84k|$247k
Thursday|4347|$17k|$222k

---
###**Creation Of The Gods**

3rd time's the charm as Creation Of The Gods passes MEG 2 today and does it comfortably. Now past $250M. 

Reception remains very strong as it holds the 9.4 Maoyan and amazingly enough jumps from 7.7 to 7.8 on Douban even while 2 weeks deep into its run. 

|#|THU|FRI |SAT |SUN|MON|TUE|WED|Total
:-----------:|:-----------:|:------------:|:------------:|:------------:|:------------:|:------------:|:------------:|:------------:|:------------:|
Second Week|$10.66M|$13.02M|$22.43M|$21.82M|$11.07M|$10.57M|$9.63M|$185.48M
Third Week|$8.27M|$9.27M|$14.55M|$13.82M|$6.30M|$5.49M|/|$253.93M		
|%± LW|-22%|-28%|-35%|-35%|-42%|-48%|/|/|
**Scheduled showings update for Creation Of The Gods for the next few days:**

|Day |  Number of Showings |Presales|Projection
:----------- |:-----------:|:-----------:|:-----------:|   
Today|60501|$874k|$5.59M
Wednesday|60506|$871k|$5.05M
Thursday|39478|$135k|$4.55M
---

###**One and Only**

Another harsher drop. Still on course to beat Hidden Blade to become Wang Yibo's highest grossing movie but the margin for error is shrinking every day.

|#|FRI|SAT |SUN |MON|TUE|WED|THU|Total
:-----------:|:-----------:|:------------:|:------------:|:------------:|:------------:|:------------:|:------------:|:------------:|:------------:|
First Week|$10.43M|$12.62M|$12.46M|$7.33M|$7.08M|$6.58M|$6.08M|$80.42M
Second Week|$5.92M|$7.50M|$5.67M|$2.48M|$1.89M|/|/|$103.87M		
|%± LW|-43%|-40%|-55%|-66%|-71%|/|/|/|

**Scheduled showings update for One and Only for the next few days:**

|Day |  Number of Showings |Presales|Projection
:----------- |:-----------:|:-----------:|:-----------:|     
Today|33588|$332k|$2.00M
Wednesday|21031|$286k|$1.65M
Thursday|21282|$68k|$1.51M

---
###**Other stuff:**

Next big few holywood releases are Oppenheimer on the 30th of August and Gran Turismo on the 1st September. Some WTS(Want To See Numbers) for those movies as well as some comparisons to how other revelant movies in a comparable number of days till release. Note these are not pre-sales. This is just a checkbox on Maoyan saying that your interested in the movie. The pre-sales are only ever in tables.

**Gran Turismo** 34k(+1k)

Delayed to September 1st.

**Oppenheimer** $188k(+8k)vs **Flash** 143k(+2k)  vs **ATSV** 156k(+4k)

Officialy confirmed to relese on the 30th August.",2023-08-08T16:15:21,11,7,https://www.reddit.com/r/boxoffice/comments/15lmnl3/in_china_no_more_bets_officialy_releases_on/,Mission: Impossible – Dead Reckoning Part One,Mission: Impossible – Dead Reckoning Part One
15lmmw6,boxoffice,"*Mission Impossible 7* and *Indiana Jones 5* are neck and neck. *MI7* started off ahead but then trailed behind, now it’s looking to catch up again. Can it surpass *Indy 5* in the end?",Source: The Numbers,2023-08-08T16:14:41,125,49,https://www.reddit.com/gallery/15lmmw6,Mission: Impossible – Dead Reckoning Part One,Mission: Impossible – Dead Reckoning Part One
15kokhl,boxoffice,Japan box office (August 7),https://twitter.com/Franspeech/status/1688552075976732672?t=2zCRdDjT5xBZhsOaPRrBtQ&amp;s=19,2023-08-07T15:52:28,19,10,https://i.redd.it/5szvusslmpgb1.jpg,Mission: Impossible – Dead Reckoning Part One,Mission: Impossible – Dead Reckoning Part One
15izkkd,boxoffice,"In China No More Bets scores huge $24.2M in its first day of pre-screenings across 62k screenings. MEG 2: THE TRENCH slips -12% from yesterday and drops to 2nd with only $17.94M. Opening Weekend closer to $50M, maybe even under the first movie. Creation Of The Gods in 3rd earns $14.40M(-35%)/$228M","---
#Daily Box Office (August 5th 2023)

MEG 2 reign at the top ends just like that after 1 day as No More Bets scores big in its ""pre-screenings"" before its release next week. Very debatable term to be honest. Its playing on 60k+ screenings which will only increase tomorrow and its having ""pre-screenings"" all the way till its ""release"" on Friday. Anyways anything not Creation Of The Gods and One and Only folds under the pressure.

|# | Movie                 |Gross|%YD| %LW|Screenings|Admisions(Today)|Total Gross|Projected Total Gross|
:----------- |:-----------|:-----------:|:-----------:|:-----------:|:-----------:|:-----------:|:-----------:|:-----------:|
1| No More Bets               |$24.21M |/     |/    |62978 |4.0M  |$24.21M  |/
1| MEG 2: THE TRENCH          |$17.94M |-12%  |/    |130251|2.9M  |$38.26M  |$137M
2| Creation Of The Gods       |$14.40M |+54%  |-35% |77822 |2.3M  |$228.21M |$338M
3| One And Only               |$7.50M  |+27%  |-40% |64802 |1.2M  |$93.84M  |$169M
4| 30,000 Miles From Chang’an |$2.86M  |+53%  |-69% |18799 |0.48M |$224.42M |$249M
5| Never Say Never            |$1.22M  |+9%   |-71% |14131 |0.21M |$292.34M |$303M
6| Barbie                     |$0.75M  |+32%  |-73% |6933  |0.14M |$30.62M  |$35M
7| Oh my School               |$0.59M  |+55%  |-53% |8888  |0.10M |$45.34M  |$52M
8| Lost In The Stars          |$0.14M  |+8%   |-64% |2545  |0.02M |$485.56M |$491M 
9| MI7:Dead Reckoning         |$0.19M  |+60%  |-77% |1198  |0.03M |$47.46M  |$49M

*YD=Yesterday, LW=Last Week

---

###**No More Bets**

No More Bets comes in crazy hot with almost $25M across less than half the screenings MEG 2 had today. Its want to see number has passed 1 million yesterday and added another 42k today. It also has over $5M in pre-sales for tommorow where its projected to make another 29M. There is a real chance this beats MEG 2 for the weekend crown with a day less.


|#|FRI|SAT |SUN |MON|TUE|WED|THU|Total
:-----------:|:-----------:|:------------:|:------------:|:------------:|:------------:|:------------:|:------------:|:------------:|:------------:|
First Week|$24.21M|/|/|/|/|/|/|$24.21M

**Scheduled showings update for No More Bets for the next few days:**

|Day |  Number of Showings |Presales|Projection
:----------- |:-----------:|:-----------:|:-----------:|
Today|62978|/|$19.39M
Sunday|80787|$5.62M|$29.15M
Monday|51519|$320k|$16.04M

###**Meg 2**

After the high of yesterday comes the low of today. Meg 2 drops from its opening day and is loking to drop further tomorrow. Still just about on track to beat the first ones opening weekend but could very well miss out and miss $50M completely this weekend.

Reception just mediocre with a 9.1 on Maoyan and 6.1 on Douban.

|#|FRI|SAT |SUN |MON|TUE|WED|THU|Total
:-----------:|:-----------:|:------------:|:------------:|:------------:|:------------:|:------------:|:------------:|:------------:|:------------:|
First Week|$20.32M|$17.94M|/|/|/|/|/|$38.26M

**Scheduled showings update for The Meg 2 for the next few days:**

|Day |  Number of Showings |Presales|Projection
:----------- |:-----------:|:-----------:|:-----------:|
Today|131236|$3.68M|$22.30M
Sunday|100835|$2.98M|$12.50M
Monday|56725|$73k|$5.75M

---
###**Barbie**

Another massive drop for Barbie today. Does however break $30M which is an achievement in itself considering how bleak it was looking before release.


|#|FRI|SAT |SUN |MON|TUE|WED|THU|Total
:-----------:|:-----------:|:------------:|:------------:|:------------:|:------------:|:------------:|:------------:|:------------:|:------------:|
Second Week|$1.84M|$2.83M|$2.56M|$1.27M|$1.11M|$1.03M|$0.95M|$29.30M
Third Week|$0.57M|$0.75M|/|/|/|/|/|$30.62M		
|%± LW|-69%|-73%|/|/|/|/|/|/|

**Scheduled showings update for Barbie for the next few days:**

|Day |  Number of Showings |Presales|Projection
:----------- |:-----------:|:-----------:|:-----------:|
Today|6784|$306k|$897k
Sunday|9019|$334k|$841k
Monday|6071|$22k|$420k

---
###**Creation Of The Gods**

Creation again one of the best holders incresing a solid ammount from yesterday and droping the least in the top 10 vs last week. Its gonna start creeping on MEG 2 tomorrow and potentialy even overtake it.

Reception remains very strong as it holds the 9.4 Maoyan and amazingly enough jumps from 7.7 to 7.8 on Douban even while 2 weeks deep into its run. 

|#|THU|FRI |SAT |SUN|MON|TUE|WED|Total
:-----------:|:-----------:|:------------:|:------------:|:------------:|:------------:|:------------:|:------------:|:------------:|:------------:|
Second Week|$10.66M|$13.02M|$22.43M|$21.82M|$11.07M|$10.57M|$9.63M|$185.48M
Third Week|$8.27M|$9.27M|$14.40M|/|/|/|/|$228.21M		
|%± LW|-22%|-28%|-35%|/|/|/|/|/|
**Scheduled showings update for Creation Of The Gods for the next few days:**

|Day |  Number of Showings |Presales|Projection
:----------- |:-----------:|:-----------:|:-----------:|   
Today|77659|$2.82M|$14.78M
Sunday|75059|$3.02M|$14.36M
Monday|42388|$94k|$7.25M

---

###**One and Only**

One and Only is the only other movie that comes out of this somewhat ok. Not the greatest increase from yesterday but a solid enough alongside its drop from last week.

|#|FRI|SAT |SUN |MON|TUE|WED|THU|Total
:-----------:|:-----------:|:------------:|:------------:|:------------:|:------------:|:------------:|:------------:|:------------:|:------------:|
First Week|$10.43M|$12.62M|$12.46M|$7.33M|$7.08M|$6.58M|$6.08M|$80.42M
Second Week|$5.92M|$7.50M|/|/|/|/|/|$93.84M		
|%± LW|-43%|-40%|/|/|/|/|/|/|

**Scheduled showings update for One and Only for the next few days:**

|Day |  Number of Showings |Presales|Projection
:----------- |:-----------:|:-----------:|:-----------:|     
Today|64751|$1.85M|$7.97M
Sunday|49522|$1.52M|$6.00M
Monday|28565|$63k|$3.36M
---
###**Mission Impossible Dead Reckoning**

MI7 increses the most in the top 10 but that doesn't really matter when the gross is non existent.

|#|FRI|SAT |SUN |MON|TUE|WED|THU|Total
:-----------:|:-----------:|:------------:|:------------:|:------------:|:------------:|:------------:|:------------:|:------------:|:------------:|
Third Week|$0.43M|$0.85M|$0.94M|$0.37M|$0.33M|$0.31M|$0.31M|$47.15M
Second Week|$0.12M|$0.19M|/|/|/|/|/|$47.46M		
|%± LW|-72%|-77%|/|/|/|/|/|/|

**Scheduled showings update for Dead Reckoning for the next few days:**

|Day |  Number of Showings |Presales|Projection
:----------- |:-----------:|:-----------:|:-----------:| 
Saturday|1198|$58k|$217k
Sunday|1776|$76k|$213k
Monday|1387|$3k|$106k

---
###**Other stuff:**

Next big few holywood releases are Oppenheimer on the 30th of August and Gran Turismo on the 1st September. Some WTS(Want To See Numbers) for those movies as well as some comparisons to how other revelant movies in a comparable number of days till release. Note these are not pre-sales. This is just a checkbox on Maoyan saying that your interested in the movie. The pre-sales are only ever in tables.

**Gran Turismo** 31k(+1k)

Delayed to September 1st.

**Oppenheimer** $168k(+6k)

Officialy confirmed to relese on the 30th August.",2023-08-05T16:09:14,53,4,https://www.reddit.com/r/boxoffice/comments/15izkkd/in_china_no_more_bets_scores_huge_242m_in_its/,Mission: Impossible – Dead Reckoning Part One,Mission: Impossible – Dead Reckoning Part One
15ixbj2,boxoffice,"Japan box office (Saturday, August 5)",,2023-08-05T14:36:38,23,10,https://i.redd.it/cy0ykpf9zagb1.jpg,Mission: Impossible – Dead Reckoning Part One,Mission: Impossible – Dead Reckoning Part One
15i48t2,boxoffice,"[UK] Thursday, August 3 box office: Barbie £2.54m (£59.62m), Oppy £1.38m (£33.8m), TMNT £395k (£2.0m), MI7 £340k (£21.7m), Elemental £287k (£13.2m)",,2023-08-04T16:11:18,30,4,https://forums.boxofficetheory.com/topic/281-uk-box-office-thread/?do=findComment&amp;comment=4571801,Mission: Impossible – Dead Reckoning Part One,Mission: Impossible – Dead Reckoning Part One
15i48sz,boxoffice,In China MEG 2: THE TRENCH opens with a massive $20M opening day on Friday. Aiming for a $55M+ opening weekend and $150M+ total. Creation Of The Gods the only movie in the top 10 that holds well against it with $9.27M(-28%)/$214M. Barbie falls hard with $0.57M(-69%)/$30M,"---
#Daily Box Office (August 4th 2023)

MEG 2 comes in hot opening above $20M followed by Creation Of The Gods which is the only movie to hold well against it. One and Only does decently enough while the rest of the top 10 takes a big hit.

|# | Movie                 |Gross|%YD| %LW|Screenings|Admisions(Today)|Total Gross|Projected Total Gross|
:----------- |:-----------|:-----------:|:-----------:|:-----------:|:-----------:|:-----------:|:-----------:|:-----------:|
1| MEG 2: THE TRENCH          |$20.02M |/     |/    |143951|3.4M  |$20.02M |$152M
2| Creation Of The Gods       |$9.27M  |+12%  |-28% |87265 |1.5M  |$213.77M |$336M
3| One And Only               |$5.92M  |-3%   |-43% |74945 |1.0M  |$86.34M  |$175M
4| 30,000 Miles From Chang’an |$1.86M  |-24%  |-61% |24876 |0.32M |$221.56M |$249M
5| Never Say Never            |$1.13M  |-44%  |-56% |19109 |0.20M |$291.12M |$308M
6| Barbie                     |$0.57M  |-40%  |-69% |8827  |0.12M |$29.87M  |$35M
7| Oh my School               |$0.38M  |-44%  |-51% |9364  |0.07M |$44.75M  |$51M
8| Lost In The Stars          |$0.13M  |-62%  |-65% |3230  |0.02M |$485.42M |$491M 
9| MI7:Dead Reckoning         |$0.12M  |-61%  |-72% |1524  |0.02M |$47.27M  |$49M



*YD=Yesterday, LW=Last Week


---
###**Meg 2**

Meg 2 opens above expectations and manages to get over $20M for its pure opening day no previews needed. Biggest opening for Holywood by far ahead of Fast X's pure OD of $14.5M. Well thats if you count MEG 2 as a Holywood movie. 

No scores yet on Maoyan or Douban but it doesn't look like the reception is dissastrous at least. 

|#|FRI|SAT |SUN |MON|TUE|WED|THU|Total
:-----------:|:-----------:|:------------:|:------------:|:------------:|:------------:|:------------:|:------------:|:------------:|:------------:|
First Week|$20.02M|/|/|/|/|/|/|$20.02M

**Scheduled showings update for The Meg 2 for the next few days:**

|Day |  Number of Showings |Presales|Projection
:----------- |:-----------:|:-----------:|:-----------:|
Today|142263|$6.42M|$17.43M
Saturday|131236|$3.68M|$22.30M
Sunday|86218|$914k|$13.84M

---
###**Barbie**

Barbie gets hit hard droping 40% from yesterday and almost 70% from last week. Firmly solidifies it to finish in the mid 30's.


|#|FRI|SAT |SUN |MON|TUE|WED|THU|Total
:-----------:|:-----------:|:------------:|:------------:|:------------:|:------------:|:------------:|:------------:|:------------:|:------------:|
Second Week|$1.84M|$2.83M|$2.56M|$1.27M|$1.11M|$1.03M|$0.95M|$29.30M
Third Week|$0.57M|/|/|/|/|/|/|$29.87M		
|%± LW|-69%|/|/|/|/|/|/|/|

**Scheduled showings update for Barbie for the next few days:**

|Day |  Number of Showings |Presales|Projection
:----------- |:-----------:|:-----------:|:-----------:|
Today|8721|$169k|$572k
Saturday|6784|$306k|$897k
Sunday|6318|$84k|$799k
---
###**Creation Of The Gods**

Creation expectedly the movie that gets hit the least and the only movie in the top 10 that manages to increase from yesterday.

Reception remains very strong as it holds the 9.4 Maoyan and amazingly enough jumps from 7.7 to 7.8 on Douban even while 2 weeks deep into its run. 

|#|THU|FRI |SAT |SUN|MON|TUE|WED|Total
:-----------:|:-----------:|:------------:|:------------:|:------------:|:------------:|:------------:|:------------:|:------------:|:------------:|
Second Week|$10.66M|$13.02M|$22.43M|$21.82M|$11.07M|$10.57M|$9.63M|$185.48M
Third Week|$8.27M|$9.27M|/|/|/|/|/|$213.77M		
|%± LW|-22%|-28%|/|/|/|/|/|/|
**Scheduled showings update for Creation Of The Gods for the next few days:**

|Day |  Number of Showings |Presales|Projection
:----------- |:-----------:|:-----------:|:-----------:|   
Today|86523|$1.64M|$9.99M
Saturday|77659|$2.82M|$14.78M
Sunday|54008|$805k|$14.22M

---

###**One and Only**

One and Only also drops relatively well even if under projections by quite a bit.

|#|FRI|SAT |SUN |MON|TUE|WED|THU|Total
:-----------:|:-----------:|:------------:|:------------:|:------------:|:------------:|:------------:|:------------:|:------------:|:------------:|
First Week|$10.43M|$12.62M|$12.46M|$7.33M|$7.08M|$6.58M|$6.08M|$80.42M
Second Week|$5.92M|/|/|/|/|/|/|$86.34M		
|%± LW|-43%|/|/|/|/|/|/|/|

**Scheduled showings update for One and Only for the next few days:**

|Day |  Number of Showings |Presales|Projection
:----------- |:-----------:|:-----------:|:-----------:|     
Today|73864|$1.29M|$7.32M
Saturday|64751|$1.85Mk|$7.97M
Sunday|37728|$588k|$7.65M

---
###**Mission Impossible Dead Reckoning**

MI7 on the other hand expectedly drops like a rock. It barelly has screens left anyways. $50M definitely off the table.

|#|FRI|SAT |SUN |MON|TUE|WED|THU|Total
:-----------:|:-----------:|:------------:|:------------:|:------------:|:------------:|:------------:|:------------:|:------------:|:------------:|
Third Week|$0.43M|$0.85M|$0.94M|$0.37M|$0.33M|$0.31M|$0.31M|$47.15M
Second Week|$0.12M|/|/|/|/|/|/|$47.27M		
|%± LW|-72%|/|/|/|/|/|/|/|

**Scheduled showings update for Dead Reckoning for the next few days:**

|Day |  Number of Showings |Presales|Projection
:----------- |:-----------:|:-----------:|:-----------:| 
Today|1509|$22k|$0.16M
Saturday|1198|$58k|$217k
Sunday|1313|$17k|$195k
---
###**Other stuff:**

Next big few holywood releases are Oppenheimer on the 30th of August and Gran Turismo on the 1st September. Some WTS(Want To See Numbers) for those movies as well as some comparisons to how other revelant movies in a comparable number of days till release. Note these are not pre-sales. This is just a checkbox on Maoyan saying that your interested in the movie. The pre-sales are only ever in tables.

**Gran Turismo** 30k(+0.6k)

Delayed to September 1st.

**Oppenheimer** $162k(+7k)

Officialy confirmed to relese on the 30th August.",2023-08-04T16:11:18,84,14,https://www.reddit.com/r/boxoffice/comments/15i48sz/in_china_meg_2_the_trench_opens_with_a_massive/,Mission: Impossible – Dead Reckoning Part One,Mission: Impossible – Dead Reckoning Part One
15hyjry,boxoffice,"[katniss on BOT] Showing counts for this weekend - Barbie &amp; Oppenheimer both lose ~25% to make room for TMNT and Meg 2 which have the 2nd and 3rd highest number of showings respectively and dominate the PLF showings. Other holdovers - HM (-35%), SoF (-20%), MI7 (-33%), TTM (-12%), Elemental (-58%).",,2023-08-04T12:17:57,18,11,https://www.reddit.com/gallery/15hyjry,Mission: Impossible – Dead Reckoning Part One,Mission: Impossible – Dead Reckoning Part One
15hpv39,boxoffice,Australian box office for week ending 2 August 2023,"This week's box office, while down on last week's record-setting takings, was still an incredible week for our local cinemas. The three top movies of last week were the same as the previous week, and three new movies made their debut, including the Australian horror film **Talk to Me** in 4th place.

The Bollywood films **Rocky Aur Rani Kii Prem Kahaani** &amp; **Bro** debuted in 5th &amp; 8th places. These new movies saw the departure of **Spider-Man: ATSV, No Hard Feelings &amp; The Little Mermaid.**

Barbie is now the 16th highest-grossing film in the history of Australian cinema (non-inflation adjusted) and will overtake The Super Mario Bros. Movie by the end of this weekend.

Thanks to flicks.com.au for the below figures.

1. Barbie - $21.63m (cume total $49.45m)
2. Oppenheimer - $9.38m ($ 22.16m)
3. MI7 - $1.85m ($18.52m)
4. Talk to Me - $1.08m (new)
5. Rocky Aur Rani Kii Prem Kahaani - $631k (new)
6. Indy 5 - $503k ($15.73m)
7. Elemental - $357k ($16.35m)
8. Bro - $179k (new)
9. Insidious: TRD - $165k ($4.00m)
10. Transformers:ROTB - $163k ($12.39m)",2023-08-04T04:22:02,13,0,https://www.reddit.com/r/boxoffice/comments/15hpv39/australian_box_office_for_week_ending_2_august/,Mission: Impossible – Dead Reckoning Part One,Mission: Impossible – Dead Reckoning Part One
15hhv7e,boxoffice,Can the sharks and the turtles combine to take down Barbie this weekend? [Barbie vs. Meg 2 + TMNT 3-day weekend showdown],"Note that this comparison is for the **3-day weekend (Fri/Sat/Sun)** only, so TMNT's Wed and Thu number won't count, though I expect paramount will add on the Tuesday EA numbers like they did with MI7 last month.

Trades have Barbie at $55-60m, tracking seems to have TMNT in the 30s and Meg 2 in the 20s so it could be close!

[View Poll](https://www.reddit.com/poll/15hhv7e)",2023-08-03T22:16:22,7,6,https://www.reddit.com/r/boxoffice/comments/15hhv7e/can_the_sharks_and_the_turtles_combine_to_take/,Mission: Impossible – Dead Reckoning Part One,Mission: Impossible – Dead Reckoning Part One
15hfsfq,boxoffice,MI7 lost 432 locations on Wednesday?,"3191 locations on Tuesday: [https://www.reddit.com/r/boxoffice/comments/15gi0pr/paramounts\_mission\_impossible\_dead\_reckoning\_part/](https://www.reddit.com/r/boxoffice/comments/15gi0pr/paramounts_mission_impossible_dead_reckoning_part/)

2759 locations on Wednesday: [https://www.reddit.com/r/boxoffice/comments/15h7t63/paramounts\_mission\_impossible\_dead\_reckoning\_part/](https://www.reddit.com/r/boxoffice/comments/15h7t63/paramounts_mission_impossible_dead_reckoning_part/)

It's weird because normally movies only lose locations on Friday.",2023-08-03T20:57:36,17,11,https://www.reddit.com/r/boxoffice/comments/15hfsfq/mi7_lost_432_locations_on_wednesday/,Mission: Impossible – Dead Reckoning Part One,Mission: Impossible – Dead Reckoning Part One
15hbnp2,boxoffice,"Which of these movies grosses the most worldwide by the end of its run? (TLM, MI7, Elemental, SoF)","TLM - $564m current gross, basically done bar a couple million more.

MI7 - $452m current gross, has fallen behind Elemental's dailies internationally but has built up a big lead.

Elemental - $394m current gross, still making $30m+ weekly and has yet to open in Japan.

Sound of Freedom - on track for nearly $200m domestic, will release in 20+ international territories with the pay-it forward system.

[View Poll](https://www.reddit.com/poll/15hbnp2)",2023-08-03T18:20:27,2,26,https://www.reddit.com/r/boxoffice/comments/15hbnp2/which_of_these_movies_grosses_the_most_worldwide/,Mission: Impossible – Dead Reckoning Part One,Mission: Impossible – Dead Reckoning Part One
15h99vg,boxoffice,"[UK] Wednesday, August 3 box office: Barbie £3.14m (£57.06m to date), Opp £1.68m (£32.4m), TMNT £567k, Elemental £458k (£12.9m), MI7 £440k (£21.48m)",,2023-08-03T16:46:46,34,5,https://forums.boxofficetheory.com/topic/281-uk-box-office-thread/?do=findComment&amp;comment=4571276,Mission: Impossible – Dead Reckoning Part One,Mission: Impossible – Dead Reckoning Part One
15h8dft,boxoffice,"🇰🇷 South Korea Thursday - Smugglers $1.30M (-5% last week), Ransomed $678K, Elemental $483K (+1%), The Moon $424K, MI7 $205K (-40%). Elemental surpasses 6 million admissions!",,2023-08-03T16:07:51,20,4,https://www.koreanfilm.or.kr/eng/news/boxOffice_Daily.jsp?mode=BOXOFFICE_DAILY&amp;startYMD=20230801&amp;endYMD=20230803,Mission: Impossible – Dead Reckoning Part One,Mission: Impossible – Dead Reckoning Part One
15h8ca4,boxoffice,In China Barbie falls below $1M on Thursday with $0.95M(-54%)/$29M. Creation Of The Gods leads with $8.3M(-22%)/$194M ahead of One and Only $6.1M/$80M. The Meg 2 hits $6.4M in pre-sales for its OD. $8.3M total. $17.4M opening day projected into a $51.3M opening weekend and $147M total.,"---
#Daily Box Office (August 3rd 2023)

On The eve of the Shark Attack nothing much really changes. Creation Of The Gods continues its strong run as does One and Only.  

|# | Movie                 |Gross|%YD| %LW|Screenings|Admisions(Today)|Total Gross|Projected Total Gross|
:----------- |:-----------|:-----------:|:-----------:|:-----------:|:-----------:|:-----------:|:-----------:|:-----------:|
1| Creation Of The Gods       |$8.27M  |-14%  |-22% |98538 |1.3M  |$193.75M |$344M
2| One And Only               |$6.08M  |-8%   |/    |80762 |1.0M  |$80.42M  |$192M
3| 30,000 Miles From Chang’an |$2.44M  |-9%   |-44% |49421 |0.42M |$219.70M |$254M
4| Never Say Never            |$2.00M  |-8%   |-38% |40950 |0.35M |$289.99M |$311M
5| Barbie                     |$0.95M  |-7%   |-54% |24521 |0.20M |$29.30M  |$35M
6| Oh my School               |$0.69M  |-2%   |-34% |18968 |0.12M |$44.37M  |$49M
7| Lost In The Stars          |$0.35M  |-3%   |-47% |11172 |0.06M |$485.29M |$491M 
8| MI7:Dead Reckoning         |$0.31M  |-2%   |-47% |6477  |0.05M |$47.15M  |$50M
9| Wonder Family              |$0.25M  |-7%   |-80% |10483 |0.04M |$41.05M  |$43M


*YD=Yesterday, LW=Last Week


---
###**Meg 2**

The Meg 2 releases tommorow across 140k+ screenings. Looking at a $17.4M opening day which would be sub 3x of its pre-sales. $51M weekend which is in line with the first movie.

It collected some small change from very limited screenings today.

|#|FRI|SAT |SUN |MON|TUE|WED|THU|Total
:-----------:|:-----------:|:------------:|:------------:|:------------:|:------------:|:------------:|:------------:|:------------:|:------------:|
First Week|/|/|/|/|/|/|/|$13k

**Scheduled showings update for The Meg 2 for the next few days:**

|Day |  Number of Showings |Presales|Projection
:----------- |:-----------:|:-----------:|:-----------:|
Today|17|/|
Friday|142263|$6.42M|$17.43M
Saturday|101236|$1.43M|$19.38M
Sunday|57921|$306k|$14.51M

---
###**Barbie**

Barbie falls below $1M and will likely stay there even with the weekend. Its looking a massive ammount of screenings tomorrow with pre-sales behind Thursday.


|#|FRI|SAT |SUN |MON|TUE|WED|THU|Total
:-----------:|:-----------:|:------------:|:------------:|:------------:|:------------:|:------------:|:------------:|:------------:|:------------:|
First Week|$1.16M|$2.73M|$4.18M|$2.90M|$2.68M|$2.41M|$2.05M|$18.11M
Second Week|$1.84M|$2.83M|$2.56M|$1.27M|$1.11M|$1.03M|$0.95M|$29.30M
|%± LW|+60%|+4%|-39%|-56%|-58%|-57%|-54%|/|

**Scheduled showings update for Barbie for the next few days:**

|Day |  Number of Showings |Presales|Projection
:----------- |:-----------:|:-----------:|:-----------:|
Today|24520|$251k|$969k
Friday|8721|$169k|$572k
Saturday|4795|$70k|$914k
Sunday|3201|$23k|$814k
---
###**Creation Of The Gods**

Still looking at a strong 40M+ weekend. Unlike a lot of other movies Creation wont lose too many screenings.

Reception remains very strong as it holds the 9.4 Maoyan and amazingly enough jumps from 7.7 to 7.8 on Douban even while 2 weeks deep into its run. 

|#|THU|FRI |SAT |SUN|MON|TUE|WED|Total
:-----------:|:-----------:|:------------:|:------------:|:------------:|:------------:|:------------:|:------------:|:------------:|:------------:|
Second Week|$10.66M|$13.02M|$22.43M|$21.82M|$11.07M|$10.57M|$9.63M|$185.48M
Third Week|$8.27M|/|/|/|/|/|/|$193.75M		
|%± LW|-22%|/|/|/|/|/|/|/|
**Scheduled showings update for Creation Of The Gods for the next few days:**

|Day |  Number of Showings |Presales|Projection
:----------- |:-----------:|:-----------:|:-----------:|   
Today|98558|$854k|$8.80M
Friday|86523|$1.64M|$9.99M
Saturday|57302|$768k|$15.90M
Sunday|30064|$419k|$15.20M
---

###**One and Only**

And Neither will One and Only which is also looking to keep most of its screenings and looking at a very strong weekend almost flat from last week.

|#|FRI|SAT |SUN |MON|TUE|WED|THU|Total
:-----------:|:-----------:|:------------:|:------------:|:------------:|:------------:|:------------:|:------------:|:------------:|:------------:|
First Week|$10.43M|$12.62M|$12.46M|$7.33M|$7.08M|$6.58M|$6.08M|$80.42M

**Scheduled showings update for One and Only for the next few days:**

|Day |  Number of Showings |Presales|Projection
:----------- |:-----------:|:-----------:|:-----------:|     
Today|80571|$676k|$6.04M
Friday|73864|$1.29M|$7.32M
Saturday|44635|$639k|$11.71M
Sunday|20176|$181k|$11.24M

---
###**Mission Impossible Dead Reckoning**

MI7 has no such luck and will lose a lot. Might not even pass $48M this weekend.

|#|FRI|SAT |SUN |MON|TUE|WED|THU|Total
:-----------:|:-----------:|:------------:|:------------:|:------------:|:------------:|:------------:|:------------:|:------------:|:------------:|
Second Week|$1.03M|$1.93M|$2.10M|$0.83M|$0.72M|$0.66M|$0.59M|$43.61M
Third Week|$0.43M|$0.85M|$0.94M|$0.37M|$0.33M|$0.31M|$0.31M|$47.15M
|%± LW|-65%|-56%|-55%|-56%|-54%|-52%|-47%|/|
**Scheduled showings update for Dead Reckoning for the next few days:**

|Day |  Number of Showings |Presales|Projection
:----------- |:-----------:|:-----------:|:-----------:| 
Today|6481|$43k|$0.30M
Friday|1509|$22k|$0.16M
Saturday|913|$12k|$0.30M
Sunday|687|$5k|$0.26M
---
###**Other stuff:**

Next big few holywood releases are MEG2 on the 4th August and Oppenheimer which does not have a date yet. Some WTS(Want To See Numbers) for those movies as well as some comparisons to how other revelant movies in a comparable number of days till release. Note these are not pre-sales. This is just a checkbox on Maoyan saying that your interested in the movie. The pre-sales are only ever in tables.

**MEG2** 675k(+11k)

Final pre-sales hit $6.4M for its opening day and $8.2M total. 
 
Opening day pre-sales comparison:

|Days till release | Creation Of The Gods Part 1 | Wonder Family |Lost In The Stars |Transformers ROTB|Fast X|The Meg 2  |The Meg 
:----------- |:-----------:|:-----------:|:-----------:|:-----------:|:-----------:|:-----------:|:-----------:|:-----------:|:-----------:|
12|$203k/18616|          |$93k/22228    |       |                     |$497k/34372|$339k/18679
11|$221k/19085|          |$162k/25858   |       |                     |$640k/38455|$435k/19840
10|$240k/19478|$68k/32748|$233k/28535   |       |                     |$789k/42955|$556k/22182
9|$353k/21633|$290k/44426|$302k/31672    |       |                    |$951k/46289|$763k/25264
8|$498k/22873|$497k/49041|$397k/34388    |       |                    |$1.15M/50034|$945k/27463
7|$616k/24049|$642k/52977|$571k/39422    |       |                   |$1.48M/53656|$1.19M/29629
6|$699k/25284|$793k/56363|$705k/44992    |             |$196k/69382  |$1.87M/58794|$1.62M/32376
5|$785k/26673|$925k/59299|$802k/50423   |$121k/71289  |$471k/82292   |$2.22M/63516|$1.93M/34145	
4|$861k/28606|$1.07M/62121|$902k/55347  |$312k/83324  |$728k/92034   |$2.53M/67717|$2.30M/35854
3|$961k/30621|$1.28M/68808|$1.05M/61048 |$592k/94438  |$988k/103517  |$2.87M/74642|$2.75M/40533		
2|$1.11M/35990|$1.56M/80988|$1.29M/76567|$946k/106022 |$1.35M/114980 |$3.34M/88020|$3.22M/48395
1|$1.36M/46824|$2.03M/114817|$1.68M/119658|$1.45M/136762|$2.08M/140431|$4.01M/117169|$3.93M/5924
0|$2.08M/60004|$3.31M/142828|$3.54M/149993|$2.78M/162406|$3.97M/168748|$6.42M/142177|$5.66M/70354	
*Gross/Screenings

***

**Gran Turismo** 29k(+0.5k)

Delayed to September 1st.

**Oppenheimer** $155k(+6k)

Officialy confirmed to relese on the 30th August.",2023-08-03T16:06:33,28,15,https://www.reddit.com/r/boxoffice/comments/15h8ca4/in_china_barbie_falls_below_1m_on_thursday_with/,Mission: Impossible – Dead Reckoning Part One,Mission: Impossible – Dead Reckoning Part One
15h7rj1,boxoffice,"Japan Box Office (Thursday August 3, 2023)",,2023-08-03T15:44:40,11,5,https://i.redd.it/3mtspnhk1xfb1.jpg,Mission: Impossible – Dead Reckoning Part One,Mission: Impossible – Dead Reckoning Part One
15h2x6a,boxoffice,🇪🇸 Spain Box Office - August 2,,2023-08-03T12:30:58,21,6,https://i.redd.it/2nkrjusz2wfb1.jpg,Mission: Impossible – Dead Reckoning Part One,Mission: Impossible – Dead Reckoning Part One
15gdcu7,boxoffice,In China Barbie grossed $1.03M(-57%)/$28M on Wednesday. Creation Of The Gods leads with $9.6M(-9%)/$185M ahead of One and Only $6.58M/$74M. The Meg 2 passed $4M in opening day pre-sales. $5M total. Weaker and very frontloaded. Opening Day projection were lowered to $14.5M. Weekend around $50M,"---
#Daily Box Office (August 2nd 2023)

No changes into today with Creation Of The Gods  still comfortably in the lead and holding well.

|# | Movie                 |Gross|%YD| %LW|Screenings|Admisions(Today)|Total Gross|Projected Total Gross|
:----------- |:-----------|:-----------:|:-----------:|:-----------:|:-----------:|:-----------:|:-----------:|:-----------:|
1| Creation Of The Gods       |$9.63M  |-9%   |-12% |98339 |1.7M  |$185.43M |$335M
2| One And Only               |$6.58M  |-7%   |/    |79831 |1.2M  |$74.34M  |$183M
3| 30,000 Miles From Chang’an |$2.69M  |-10%  |-47% |50406 |0.52M |$217.26M |$257M
4| Never Say Never            |$2.17M  |-10%  |-38% |40844 |0.43M |$287.99M |$311M
5| Barbie                     |$1.03M  |-7%   |-57% |24943 |0.23M |$28.35M  |$37M
6| Oh my School               |$0.71M  |-7%   |-37% |18974 |0.14M |$43.68M  |$49M
7| Lost In The Stars          |$0.36M  |-7%   |-50% |11147 |0.07M |$484.94M |$490M 
8| MI7:Dead Reckoning         |$0.31M  |-6%   |-52% |6610  |0.06M |$46.84M  |$50M
9| Wonder Family              |$0.27M  |-12%  |-82% |10852 |0.05M |$40.80M  |$43M


*YD=Yesterday, LW=Last Week

---
###**Barbie**

Barbie manages to fend off sub $1M for 1 more day but tomorrow is likely the end of that run.


|#|FRI|SAT |SUN |MON|TUE|WED|THU|Total
:-----------:|:-----------:|:------------:|:------------:|:------------:|:------------:|:------------:|:------------:|:------------:|:------------:|
First Week|$1.16M|$2.73M|$4.18M|$2.90M|$2.68M|$2.41M|$2.05M|$18.11M
Second Week|$1.84M|$2.83M|$2.56M|$1.27M|$1.11M|$1.03M|/|$28.35M
|%± LW|+60%|+4%|-39%|-56%|-58%|-57%|/|/|

**Scheduled showings update for Barbie for the next few days:**

|Day |  Number of Showings |Presales|Projection
:----------- |:-----------:|:-----------:|:-----------:|
Today|24943|$321k|$997k
Thursday|24520|$251k|$969k
Friday|6082|$28k|$756k
---
###**Creation Of The Gods**

Another strong day setting itself up for another strong weekend that could be in the mid 40's and now a world away from MEG 2 if The Meg 2 matches its projections.

Reception remains very strong as it holds the 9.4 Maoyan and amazingly enough jumps from 7.7 to 7.8 on Douban even while 2 weeks deep into its run. 

|#|THU|FRI |SAT |SUN|MON|TUE|WED|Total
:-----------:|:-----------:|:------------:|:------------:|:------------:|:------------:|:------------:|:------------:|:------------:|:------------:|
First Week|$6.84M/$11.11M|$8.15M|$15.77M|$18.14M|$10.95M|$11.12M|$10.99M|$86.23M
Second Week|$10.66M|$13.02M|$22.43M|$21.82M|$11.07M|$10.57M|$9.63M|$185.43M	
|%± LW|+60%|+60%|+41%|+20%|+1%|-5%|-9%|/|
**Scheduled showings update for Creation Of The Gods for the next few days:**

|Day |  Number of Showings |Presales|Projection
:----------- |:-----------:|:-----------:|:-----------:|   
Today|98339|$928k|$9.81M 
Thursday|98558|$854k|$8.80M
Friday|59710|$575k|$9.75M
---

###**One and Only**

One and Only also holding well. Heading for a 20M+ 2nd weekend.

|#|FRI|SAT |SUN |MON|TUE|WED|THU|Total
:-----------:|:-----------:|:------------:|:------------:|:------------:|:------------:|:------------:|:------------:|:------------:|:------------:|
First Week|$10.43M|$12.62M|$12.46M|$7.33M|$7.08M|$6.58M|/|$74.34M

**Scheduled showings update for One and Only for the next few days:**

|Day |  Number of Showings |Presales|Projection
:----------- |:-----------:|:-----------:|:-----------:|     
Today|79831|$721k|$6.86M
Thursday|80571|$676k|$6.04M
Friday|49812|$335k|$5.74M
---
 
###**Wonder Family**

Wonder Family will pass $41M tomorrow and then fall of being one of the more affected movies going into Friday.

|#|FRI|SAT |SUN |MON|TUE|WED|THU|Total
:-----------:|:-----------:|:------------:|:------------:|:------------:|:------------:|:------------:|:------------:|:------------:|:------------:|
First Week|$12.15M|$11.10M|$7.51M|$2.47M|$1.86M|$1.52M|/|$37.78M
Second Week|$0.56M|$0.77M|$0.74M|$0.37M|$0.31M|$0.27M|/|$40.80M	
|%± LW|-95%|-93%|-90%|-85%|-83%|-82%|/|/|

**Scheduled showings update for Wonder Family for the next few days:**

|Day |  Number of Showings |Presales|Projection
:----------- |:-----------:|:-----------:|:-----------:|    
Today|10852|$28k|$0.27M 
Thursday|10550|$25k|$0.24M
Friday|1531|$1k|$0.11M
---
###**Mission Impossible Dead Reckoning**

MI7 should follow suit as its also predicted to take a heavy hit on Friday.

|#|FRI|SAT |SUN |MON|TUE|WED|THU|Total
:-----------:|:-----------:|:------------:|:------------:|:------------:|:------------:|:------------:|:------------:|:------------:|:------------:|
Second Week|$1.03M|$1.93M|$2.10M|$0.83M|$0.72M|$0.66M|$0.59M|$43.61M
Third Week|$0.43M|$0.85M|$0.94M|$0.37M|$0.33M|$0.31M|/|$46.84M
|%± LW|-65%|-56%|-55%|-56%|-54%|-52%|/|/|
**Scheduled showings update for Dead Reckoning for the next few days:**

|Day |  Number of Showings |Presales|Projection
:----------- |:-----------:|:-----------:|:-----------:| 
Today|6610|$40k|$0.30M 
Thursday|6481|$43k|$0.30M
Friday|1052|$4k|$0.18M
---
###**Other stuff:**

Next big few holywood releases are MEG2 on the 4th August and Oppenheimer which does not have a date yet. Some WTS(Want To See Numbers) for those movies as well as some comparisons to how other revelant movies in a comparable number of days till release. Note these are not pre-sales. This is just a checkbox on Maoyan saying that your interested in the movie. The pre-sales are only ever in tables.

**MEG2** 654k(+9k)

MEG 2 passes $4M in opening day pre-sales. With that it has passed Fast X's total with a day to spare. Pre-sales not as strong as expected though. Especialy Saturday so projections have been lowered to a $14.5M Opening day into just a 16.5M Saturday. Very small increase. If Sunday is flat or even goes up a bit its still only good for around $50-55M. Unless walkups make up the difference significantly.
 
Opening day pre-sales comparison:

|Days till release | Creation Of The Gods Part 1 | Wonder Family |Lost In The Stars |Transformers ROTB|Fast X|The Meg 2  |The Meg 
:----------- |:-----------:|:-----------:|:-----------:|:-----------:|:-----------:|:-----------:|:-----------:|:-----------:|:-----------:|
12|$203k/18616|          |$93k/22228    |       |                     |$497k/34372|$339k/18679
11|$221k/19085|          |$162k/25858   |       |                     |$640k/38455|$435k/19840
10|$240k/19478|$68k/32748|$233k/28535   |       |                     |$789k/42955|$556k/22182
9|$353k/21633|$290k/44426|$302k/31672    |       |                    |$951k/46289|$763k/25264
8|$498k/22873|$497k/49041|$397k/34388    |       |                    |$1.15M/50034|$945k/27463
7|$616k/24049|$642k/52977|$571k/39422    |       |                   |$1.48M/53656|$1.19M/29629
6|$699k/25284|$793k/56363|$705k/44992    |             |$196k/69382  |$1.87M/58794|$1.62M/32376
5|$785k/26673|$925k/59299|$802k/50423   |$121k/71289  |$471k/82292   |$2.22M/63516|$1.93M/34145	
4|$861k/28606|$1.07M/62121|$902k/55347  |$312k/83324  |$728k/92034   |$2.53M/67717|$2.30M/35854
3|$961k/30621|$1.28M/68808|$1.05M/61048 |$592k/94438  |$988k/103517  |$2.87M/74642|$2.75M/40533		
2|$1.11M/35990|$1.56M/80988|$1.29M/76567|$946k/106022 |$1.35M/114980 |$3.34M/88020|$3.22M/48395
1|$1.36M/46824|$2.03M/114817|$1.68M/119658|$1.45M/136762|$2.08M/140431|$4.01M/117169|$3.93M/5924
0|$2.08M/60004|$3.31M/142828|$3.54M/149993|$2.78M/162406|$3.97M/168748|           |$5.66M/70354	
*Gross/Screenings

***

**Gran Turismo** 29k(+0.5k)

**Oppenheimer** $149k(+6k)

Officialy confirmed to relese on the 30th August",2023-08-02T16:22:55,41,4,https://www.reddit.com/r/boxoffice/comments/15gdcu7/in_china_barbie_grossed_103m5728m_on_wednesday/,Mission: Impossible – Dead Reckoning Part One,Mission: Impossible – Dead Reckoning Part One
15ga0ds,boxoffice,Barbie beats Oppenheimer 2 weeks in a row at Malaysia &amp; Singapore Box Office,"&amp;#x200B;

https://preview.redd.it/zh3b5sh1gpfb1.jpg?width=666&amp;format=pjpg&amp;auto=webp&amp;s=bfbc2dff8c806de230ea67f74607dbb718cd31eb

https://preview.redd.it/rp2jz2g1gpfb1.jpg?width=660&amp;format=pjpg&amp;auto=webp&amp;s=d7bfa0b492b948121f9bef636345ec4fc4143e87",2023-08-02T14:13:08,16,1,https://www.reddit.com/r/boxoffice/comments/15ga0ds/barbie_beats_oppenheimer_2_weeks_in_a_row_at/,Mission: Impossible – Dead Reckoning Part One,Mission: Impossible – Dead Reckoning Part One
15fh9ib,boxoffice,UK Monday (July 31st) actuals,,2023-08-01T16:23:55,15,6,https://i.redd.it/pymdkqxqyifb1.jpg,Mission: Impossible – Dead Reckoning Part One,Mission: Impossible – Dead Reckoning Part One
15fgw0x,boxoffice,In China Barbie grossed $1.11M(-58%)/$27M on Tuesday. Creation Of The Gods leads with $10.5M(-5%)/$176M. One and Only in 2nd adds strong $7.09M/$68M. The Meg 2 passed $3.3M in opening day pre-sales. $3.94M total. Maoyan projecting a $17.5M opening day. Above Fast X ($14.5M) and Transformers ($10.5M),"---
#Daily Box Office (August 1st 2023)

Creation Of The Gods Part I continues to lead ahead of One and Only that has been holding really decently. 30,000 Miles From Chang’an and Never Say Never  continue their good runs.

|# | Movie                 |Gross|%YD| %LW|Screenings|Admisions(Today)|Total Gross|Projected Total Gross|
:----------- |:-----------|:-----------:|:-----------:|:-----------:|:-----------:|:-----------:|:-----------:|:-----------:|
1| Creation Of The Gods       |$10.51M |-5%   |-5%  |97476 |1.7M  |$175.74M |$335M
2| One And Only               |$7.09M  |-3%   |/    |78383 |1.2M  |$67.76M  |$183M
3| 30,000 Miles From Chang’an |$2.98M  |-11%  |-49% |51530 |0.52M |$214.57M |$256M
4| Never Say Never            |$2.42M  |-8%   |-34% |40382 |0.43M |$285.82M |$313M
5| Barbie                     |$1.11M  |-12%  |-58% |25525 |0.23M |$27.32M  |$36M
6| Oh my School               |$0.77M  |-5%   |-36% |18671 |0.14M |$42.97M  |$49M
7| Lost In The Stars          |$0.39M  |-8%   |-50% |10928 |0.07M |$484.58M |$491M 
8| MI7:Dead Reckoning         |$0.33M  |-10%  |-54% |6520  |0.06M |$46.53M  |$50M
9| Wonder Family              |$0.31M  |-15%  |-83% |11230 |0.05M |$40.53M  |$43M


*YD=Yesterday, LW=Last Week

---
###**Barbie**

Another bog standard day. Should be close to $30M by Friday. Likely facing a big 60%+ drop this weekend.


|#|FRI|SAT |SUN |MON|TUE|WED|THU|Total
:-----------:|:-----------:|:------------:|:------------:|:------------:|:------------:|:------------:|:------------:|:------------:|:------------:|
First Week|$1.16M|$2.73M|$4.18M|$2.90M|$2.68M|$2.41M|$2.05M|$18.11M
Second Week|$1.84M|$2.83M|$2.56M|$1.27M|$1.11M|/|/|$27.32M
|%± LW|+60%|+4%|-39%|-56%|-58%|/|/|/|

**Scheduled showings update for Barbie for the next few days:**

|Day |  Number of Showings |Presales|Projection
:----------- |:-----------:|:-----------:|:-----------:|
Today|25555|$286k|$1.14M 
Wednesday|25008|$321k|$997k
Thursday|17821|$42k|$898k
---
###**Creation Of The Gods**

Without sounding like a broken record Creation Of The Gods again does very well dropping just slightly from yesterday and last week. Heading for another strong weekend even with Meg 2 releasing.

Reception remains very strong as it holds the 9.4 Maoyan and amazingly enough jumps from 7.7 to 7.8 on Douban even while 2 weeks deep into its run. 

|#|THU|FRI |SAT |SUN|MON|TUE|WED|Total
:-----------:|:-----------:|:------------:|:------------:|:------------:|:------------:|:------------:|:------------:|:------------:|:------------:|
First Week|$6.84M/$11.11M|$8.15M|$15.77M|$18.14M|$10.95M|$11.12M|$10.99M|$86.23M
Second Week|$10.66M|$13.02M|$22.43M|$21.82M|$11.07M|$10.51M|/|$175.74M	
|%± LW|+60%|+60%|+41%|+20%|+1%|-5%|/|/|
**Scheduled showings update for Creation Of The Gods for the next few days:**

|Day |  Number of Showings |Presales|Projection
:----------- |:-----------:|:-----------:|:-----------:|   
Today|97306|$922k|$10.96M
Wednesday|98308|$928k|$9.81M 
Thursday|68034|$115k|$9.31M
---

###**One and Only**

One and Only has really hit its stride continuing to hold really well and beating projections. Should also be in for a good weekend hold.

|#|FRI|SAT |SUN |MON|TUE|WED|THU|Total
:-----------:|:-----------:|:------------:|:------------:|:------------:|:------------:|:------------:|:------------:|:------------:|:------------:|
First Week|$10.43M|$12.62M|$12.46M|$7.33M|$7.08M|/|/|$67.76M

**Scheduled showings update for One and Only for the next few days:**

|Day |  Number of Showings |Presales|Projection
:----------- |:-----------:|:-----------:|:-----------:|     
Today|77895|$700k|$6.92M 
Wednesday|79643|$721k|$6.86M
Thursday|54512|$135k|$6.59M

---
 
###**Wonder Family**

Well the drops are getting smaller but thats because it has less and less to drop from each day. 

|#|FRI|SAT |SUN |MON|TUE|WED|THU|Total
:-----------:|:-----------:|:------------:|:------------:|:------------:|:------------:|:------------:|:------------:|:------------:|:------------:|
First Week|$12.15M|$11.10M|$7.51M|$2.47M|$1.86M|$1.52M|/|$37.78M
Second Week|$0.56M|$0.77M|$0.74M|$0.37M|$0.31M|/|/|$40.53M	
|%± LW|-95%|-93%|-90%|-85%|-83%|/|/|/|

**Scheduled showings update for Wonder Family for the next few days:**

|Day |  Number of Showings |Presales|Projection
:----------- |:-----------:|:-----------:|:-----------:|    
Today|11401|$30k|$0.30M 
Wednesday|10946|$28k|$0.27M 
Thursday|7111|$3k|$0.24M
---
###**Mission Impossible Dead Reckoning**

Now really in the crawling part of the run.

|#|FRI|SAT |SUN |MON|TUE|WED|THU|Total
:-----------:|:-----------:|:------------:|:------------:|:------------:|:------------:|:------------:|:------------:|:------------:|:------------:|
Second Week|$1.03M|$1.93M|$2.10M|$0.83M|$0.72M|$0.66M|$0.59M|$43.61M
Third Week|$0.43M|$0.85M|$0.94M|$0.37M|$0.33M|/|/|$46.53M
|%± LW|-65%|-56%|-55%|-56%|-54%|/|/|/|
**Scheduled showings update for Dead Reckoning for the next few days:**

|Day |  Number of Showings |Presales|Projection
:----------- |:-----------:|:-----------:|:-----------:| 
Today|6527|$44k|$0.31M 
Wednesday|6637|$40k|$0.30M 
Thursday|4856|$7k|$0.27M
---
###**Other stuff:**

Next big few holywood releases are MEG2 on the 4th August and Oppenheimer which does not have a date yet. Some WTS(Want To See Numbers) for those movies as well as some comparisons to how other revelant movies in a comparable number of days till release. Note these are not pre-sales. This is just a checkbox on Maoyan saying that your interested in the movie. The pre-sales are only ever in tables.

**MEG2** 654k(+9k)

MEG 2 passes $3M in opening day pre-sales. It should pass Fast X total opening day pre-sales tomorrow with a day to spare. Opening day projected at $17.5M
 
Opening day pre-sales comparison:

|Days till release | Creation Of The Gods Part 1 | Wonder Family |Lost In The Stars |Transformers ROTB|Fast X|The Meg 2  |The Meg 
:----------- |:-----------:|:-----------:|:-----------:|:-----------:|:-----------:|:-----------:|:-----------:|:-----------:|:-----------:|
12|$203k/18616|          |$93k/22228    |       |                     |$497k/34372|$339k/18679
11|$221k/19085|          |$162k/25858   |       |                     |$640k/38455|$435k/19840
10|$240k/19478|$68k/32748|$233k/28535   |       |                     |$789k/42955|$556k/22182
9|$353k/21633|$290k/44426|$302k/31672    |       |                    |$951k/46289|$763k/25264
8|$498k/22873|$497k/49041|$397k/34388    |       |                    |$1.15M/50034|$945k/27463
7|$616k/24049|$642k/52977|$571k/39422    |       |                   |$1.48M/53656|$1.19M/29629
6|$699k/25284|$793k/56363|$705k/44992    |             |$196k/69382  |$1.87M/58794|$1.62M/32376
5|$785k/26673|$925k/59299|$802k/50423   |$121k/71289  |$471k/82292   |$2.22M/63516|$1.93M/34145	
4|$861k/28606|$1.07M/62121|$902k/55347  |$312k/83324  |$728k/92034   |$2.53M/67717|$2.30M/35854
3|$961k/30621|$1.28M/68808|$1.05M/61048 |$592k/94438  |$988k/103517  |$2.87M/74642|$2.75M/40533		
2|$1.11M/35990|$1.56M/80988|$1.29M/76567|$946k/106022 |$1.35M/114980 |$3.34M/88020|$3.22M/48395
1|$1.36M/46824|$2.03M/114817|$1.68M/119658|$1.45M/136762|$2.08M/140431|           |$3.93M/59242	
0|$2.08M/60004|$3.31M/142828|$3.54M/149993|$2.78M/162406|$3.97M/168748|           |$5.66M/70354	
*Gross/Screenings

***

**Gran Turismo** 28k(+0.6k)

**Oppenheimer** $143k(+6k)

Officialy confirmed to relese on the 30th August",2023-08-01T16:09:43,42,5,https://www.reddit.com/r/boxoffice/comments/15fgw0x/in_china_barbie_grossed_111m5827m_on_tuesday/,Mission: Impossible – Dead Reckoning Part One,Mission: Impossible – Dead Reckoning Part One
15f2lco,boxoffice,What will most likely finish as the third highest grossing movie of 2023?,"Barbie is very close to passing Guardians of the Galaxy 3 for the #2 spot, and may even beat the Mario movie for #1. Regardless, I doubt anything is taking the top two spots away from Mario and Barbie, so what will take the crown for #3 in the end? Will GOTG3 be able to keep that spot, or will something end up beating it? I thought MI7 would do it, but it ended up flopping. Is Oppenheimer currently on track to take the #3 spot?

[View Poll](https://www.reddit.com/poll/15f2lco)",2023-08-01T04:54:57,6,7,https://www.reddit.com/r/boxoffice/comments/15f2lco/what_will_most_likely_finish_as_the_third_highest/,Mission: Impossible – Dead Reckoning Part One,Mission: Impossible – Dead Reckoning Part One
15elofs,boxoffice,Who will gross more than Antman 2’s world wide gross of $476m?,"As of 7/31 Oppenheimer has made $400m and MI7 has made $448m. Which one grosses Antman 3 first? And when do they gross it?

[View Poll](https://www.reddit.com/poll/15elofs)",2023-07-31T17:01:05,0,8,https://www.reddit.com/r/boxoffice/comments/15elofs/who_will_gross_more_than_antman_2s_world_wide/,Mission: Impossible – Dead Reckoning Part One,Mission: Impossible – Dead Reckoning Part One
15dwfiw,boxoffice,Box Office Battle: Which Movie makes more Worldwide (TLM or MI7),"This seems like it’s going to be a close one so I would like to see the majority opinion on this.

Anyways I believe MI7 is going to barely edge TLM and end with \~$580-600m WW

[View Poll](https://www.reddit.com/poll/15dwfiw)",2023-07-30T21:03:37,13,8,https://www.reddit.com/r/boxoffice/comments/15dwfiw/box_office_battle_which_movie_makes_more/,Mission: Impossible – Dead Reckoning Part One,Mission: Impossible – Dead Reckoning Part One
15dpiy9,boxoffice,"In China Barbie in 5th grossed $7.23M(-11%)/$25M its 2nd weekend. Creation Of The Gods repeats 1st with $57.12M(+35%)/$154M. One and Only opens in 2nd with $35.51/$53.34M ahead of 30,000 Miles From Chang’an $22.51M(-43%)/208M and NSN $11.8M(-41%)/$281M. Meg 2 passes $2.5M in opening day pre-sales","***

#Weekend Box Office (July 28-30th 2023)

Creation of the Gods Part 1 continues its impressive run increasing a nice +35% of its opening FRI-SUN gross. Even if we account the full 4 day opening + early previews gross of $53M it still managed to beat it this weekend. One and Only after a good Sunday pulls a respectable opening weekend. Both NSN and 30,000 Miles From Chang’an continue to hold well as does Barbie. 

|# | Movie                 |Gross| %LW|Total Gross| Weekends
:----------- |:-----------|:-----------:|:-----------:|:-----------:|:-----------:|:-----------:|:-----------:|:-----------:|:-----------:|:-----------:
1| Creation Of The Gods Part I    |$57.12M          |+35%   |$154.01M  |2
2| One and Only(release)   |$35.51M           |/      |$53.34M   |1
3| 30,000 Miles From Chang’an|$22.51M        |-43%   |$208.22M  |4
4| Never Say Never         |$11.86M          |-41%   |$280.77M  |6
5| Barbie                  |$7.23M            |-10%   |$24.94M   |4
6| Oh My School            |$3.63M           |-42%   |$41.38M   |4
7| MI7:Dead Reckoning      |$2.22M           |-56%   |$45.83M   |3 
8| Wonder Family           |$2.07M           |-93%   |$39.85M   |2
9| Lost In The Stars       |$1.64M           |-58%   |$483.76M  |6 

---
#Daily Box Office (30th of July 2023)

Creation Of The Gods Part I continues to dominate on Sunday. Nothing even close to it. One and Only does better than expected as many movies benefit from getting some screenings back and increase nicely from yesterday.

|# | Movie                 |Gross|%YD| %LW|Screenings|Admisions(Today)|Total Gross|Projected Total Gross|
:----------- |:-----------|:-----------:|:-----------:|:-----------:|:-----------:|:-----------:|:-----------:|:-----------:|
1| Creation Of The Gods       |$21.67M |-3%   |+20% |98977 |3.6M  |$154.01M |$334M
2| One And Only               |$12.46M |-2%   |/    |82104 |2.1M  |$53.34M  |$165M
3| 30,000 Miles From Chang’an |$8.66M  |-4%   |-51% |58000 |1.4M  |$208.22M |$256M
4| Never Say Never            |$5.07M  |+21%  |-41% |39797 |0.89M |$280.77M |$314M
5| Barbie                     |$2.56M  |-9%   |-39% |26893 |0.50M |$24.94M  |$36M
6| Oh my School               |$1.57M  |+25%  |-46% |17982 |0.28M |$41.38M  |$49M
7| MI7:Dead Reckoning         |$0.94M  |+11%  |-55% |6017  |0.16M |$45.83M  |$50M
8| Wonder Family              |$0.74M  |-3%   |-90% |11775 |0.13M |$39.85M  |$43M
9| Lost In The Stars          |$0.71M  |+30%  |-58% |10159 |0.12M |$483.76M |$493M 

*YD=Yesterday, LW=Last Week

---
###**Barbie**

A very solid 2nd weekend of $7.23M sees barbie continue its run towards the high $30's. Even so total projections decrease to $36M of what is expected to be more normal drops going forward into the week and Meg 2's release next weekend.

It has passed Mario's total gross today and will pass Flash tomorrow.

|#|FRI|SAT |SUN |MON|TUE|WED|THU|Total
:-----------:|:-----------:|:------------:|:------------:|:------------:|:------------:|:------------:|:------------:|:------------:|:------------:|
First Week|$1.16M|$2.73M|$4.18M|$2.90M|$2.68M|$2.41M|$2.05M|$18.11M
Second Week|$1.84M|$2.83M|$2.56M|/|/|/|/|$24.94M
|%± LW|+60%|+4%|-39%|/|/|/|/|/|

**Scheduled showings update for Barbie for the next few days:**

|Day |  Number of Showings |Presales|Projection
:----------- |:-----------:|:-----------:|:-----------:|
Today|26837|$856k|$2.56M 
Monday|26080|$316k|$1.21M 
Tuesday|15637|$40k|$1.09M 
---
###**Creation Of The Gods**

Creation caps of an excelent weekend with another great day. It has now passed $150M and looks on course for $300M 

Reception remains very strong as it holds the 9.4 Maoyan and 7.7 Douban score it got right on release. Most movies tend to slip a bit as the first weekends pass.

|#|THU|FRI |SAT |SUN|MON|TUE|WED|Total
:-----------:|:-----------:|:------------:|:------------:|:------------:|:------------:|:------------:|:------------:|:------------:|:------------:|
First Week|$6.84M/$11.11M|$8.15M|$15.77M|$18.14M|$10.95M|$11.12M|$10.99M|$86.23M
Second Week|$10.66M|$13.02M|$22.43M|$21.67M|/|/|/|$154.01M
|%± LW|+60%|+60%|+41%|+20%|/|/|/|/|
**Scheduled showings update for Creation Of The Gods for the next few days:**

|Day |  Number of Showings |Presales|Projection
:----------- |:-----------:|:-----------:|:-----------:|  
Today|98440|$2.67M|$21.12M  
Monday|96527|$884k|$11.29M 
Tuesday|56486|$93k|$10.62M 
---

###**One and Only**

One and Only shows some staying power on Sunday defying its sub $10M projections and staying almost flat from yesterday. Bodes well going forward.

Reception to the surprise of noone considering its a Wang Yibo movie is positive with a 9.7 on Maoyan and 7.5 on Douban
 
|#|FRI|SAT |SUN |MON|TUE|WED|THU|Total
:-----------:|:-----------:|:------------:|:------------:|:------------:|:------------:|:------------:|:------------:|:------------:|:------------:|
First Week|$10.43M|$12.62M|$12.46M|/|/|/|/|$53.34M

**Scheduled showings update for One and Only for the next few days:**

|Day |  Number of Showings |Presales|Projection
:----------- |:-----------:|:-----------:|:-----------:|  
Today|82726|$1.79M|$9.31M   
Monday|77310|$708k|$5.94M 
Tuesday|44763|$96k|$5.64M 

###**Wonder Family**

Wonder Family caps of the dissastrous weekend with another -90% drop and barrely shy of $40M. Its only projected to earn another $3M after opening to 30M+ just 7 days ago.

|#|FRI|SAT |SUN |MON|TUE|WED|THU|Total
:-----------:|:-----------:|:------------:|:------------:|:------------:|:------------:|:------------:|:------------:|:------------:|:------------:|
First Week|$12.15M|$11.10M|$7.51M|$2.47M|$1.86M|$1.52M|/|$37.78M
Second Week|$0.56M|$0.77M|$0.74M|/|/|/|/|$39.85M
|%± LW|-95%|-93%|-90%|/|/|/|/|/|

**Scheduled showings update for Wonder Family for the next few days:**

|Day |  Number of Showings |Presales|Projection
:----------- |:-----------:|:-----------:|:-----------:|    
Today|11907|$102k|$0.51M   
Monday|11925|$36k|$0.32M 
Tuesday|6594|$3k|$0.29M 
---
###**Mission Impossible Dead Reckoning**

A better? if you can call it that weekend for MI7. Passes 45M and looks like it will just about get there to $50M

|#|FRI|SAT |SUN |MON|TUE|WED|THU|Total
:-----------:|:-----------:|:------------:|:------------:|:------------:|:------------:|:------------:|:------------:|:------------:|:------------:|
Second Week|$1.03M|$1.93M|$2.10M|$0.83M|$0.72M|$0.66M|$0.59M|$43.61M
Third Week|$0.43M|$0.85M|$0.94M|/|/|/|/|$45.83M
|%± LW|-65%|-56%|-55%|/|/|/|/|/|
**Scheduled showings update for Dead Reckoning for the next few days:**

|Day |  Number of Showings |Presales|Projection
:----------- |:-----------:|:-----------:|:-----------:|
Today|5921|$222k|$0.93M 
Monday|6445|$52k|$0.37M 
Tuesday|4046|$7k|$0.34M 
---
###**Other stuff:**

Next big few holywood releases are MEG2 on the 4th August and Oppenheimer which does not have a date yet. Some WTS(Want To See Numbers) for those movies as well as some comparisons to how other revelant movies in a comparable number of days till release. Note these are not pre-sales. This is just a checkbox on Maoyan saying that your interested in the movie. The pre-sales are only ever in tables.

**MEG2** 638k(+8k)

MEG 2 breezes past $2.5M for its opening day pre-sales. It will surpass Transformers ROTB total opening day pre-sales tomorrow.
 
Opening day pre-sales comparison:

|Days till release | Creation Of The Gods Part 1 | Wonder Family |Lost In The Stars |Transformers ROTB|Fast X|The Meg 2  |The Meg 
:----------- |:-----------:|:-----------:|:-----------:|:-----------:|:-----------:|:-----------:|:-----------:|:-----------:|:-----------:|
12|$203k/18616|          |$93k/22228    |       |                     |$497k/34372|$339k/18679
11|$221k/19085|          |$162k/25858   |       |                     |$640k/38455|$435k/19840
10|$240k/19478|$68k/32748|$233k/28535   |       |                     |$789k/42955|$556k/22182
9|$353k/21633|$290k/44426|$302k/31672    |       |                    |$951k/46289|$763k/25264
8|$498k/22873|$497k/49041|$397k/34388    |       |                    |$1.15M/50034|$945k/27463
7|$616k/24049|$642k/52977|$571k/39422    |       |                   |$1.48M/53656|$1.19M/29629
6|$699k/25284|$793k/56363|$705k/44992    |             |$196k/69382  |$1.87M/58794|$1.62M/32376
5|$785k/26673|$925k/59299|$802k/50423   |$121k/71289  |$471k/82292   |$2.22M/63516|$1.93M/34145	
4|$861k/28606|$1.07M/62121|$902k/55347  |$312k/83324  |$728k/92034   |$2.53M/67717|$2.30M/35854
3|$961k/30621|$1.28M/68808|$1.05M/61048 |$592k/94438  |$988k/103517  |            |$2.75M/40533		
2|$1.11M/35990|$1.56M/80988|$1.29M/76567|$946k/106022 |$1.35M/114980 |            |$3.22M/48395
1|$1.36M/46824|$2.03M/114817|$1.68M/119658|$1.45M/136762|$2.08M/140431|           |$3.93M/59242	
0|$2.08M/60004|$3.31M/142828|$3.54M/149993|$2.78M/162406|$3.97M/168748|           |$5.66M/70354	
*Gross/Screenings

***

**Gran Turismo** 27k(+1k)

**Oppenheimer** $131k(+7k)

Officialy confirmed to relese on the 30th August",2023-07-30T16:18:56,28,4,https://www.reddit.com/r/boxoffice/comments/15dpiy9/in_china_barbie_in_5th_grossed_723m1125m_its_2nd/,Mission: Impossible – Dead Reckoning Part One,Mission: Impossible – Dead Reckoning Part One
15dnl59,boxoffice,"Japan box office weekend (July 28-30, 2023)",,2023-07-30T14:55:55,15,5,https://i.redd.it/ghq31vb894fb1.jpg,Mission: Impossible – Dead Reckoning Part One,Mission: Impossible – Dead Reckoning Part One
15dnk70,boxoffice,"Spain box office (July 29, 2023)",,2023-07-30T14:54:46,13,2,https://i.redd.it/xtvis7y094fb1.jpg,Mission: Impossible – Dead Reckoning Part One,Mission: Impossible – Dead Reckoning Part One
15dgr2s,boxoffice,"🇬🇧 UK &amp; Ireland Saturday Numbers: Barbie £4.6M (-27% last Sat), Oppenheimer £3.11M (-22%), MI7 £712K (-42%), Elemental £396K (-39%), Talk to Me £198K",,2023-07-30T08:57:16,66,4,https://forums.boxofficetheory.com/topic/281-uk-box-office-thread/?do=findComment&amp;comment=4568178,Mission: Impossible – Dead Reckoning Part One,Mission: Impossible – Dead Reckoning Part One
15dgp1m,boxoffice,"Highest Grossing Hollywood movies in India, 2023 (English version only)","Film	                      India Nett(₹)

Oppenheimer	          81.2cr*(10 days)

MI7                        	  67.1cr*(19 days)

Fast X	                      51.5cr

GOTG3	                    38.7cr

John Wick 4	            37.2cr

Barbie	                      35.5cr*(10 days)

Ant-Man 3	              32.8cr    

Spider-Verse 2	        32.4cr

Evil Dead Rise        	31.2cr

The Flash	                19.1cr


*  - still running

Grosses of Oppenheimer, Barbie and MI7 are including the projections of this Sunday.

The gross excludes the grosses of dubbed versions in local languages.",2023-07-30T08:53:26,14,5,https://www.reddit.com/r/boxoffice/comments/15dgp1m/highest_grossing_hollywood_movies_in_india_2023/,Mission: Impossible – Dead Reckoning Part One,Mission: Impossible – Dead Reckoning Part One
15de3pv,boxoffice,"And in a mere 10 days of release, Oppenheimer has passed the cumulative gross of Mission: Impossible and will likely finish with a vastly higher gross. Just 11.6% of people got this question right, posed just 17 days ago",,2023-07-30T06:15:22,1162,203,https://i.redd.it/gobw5ptco1fb1.jpg,Mission: Impossible – Dead Reckoning Part One,Mission: Impossible – Dead Reckoning Part One
1673wvw,movies,What are Examples of Studio Meddling Improving a Film,"We all hear stories of studio meddling destroying perfectly good movies, but what are examples of studio or executive meddling actually helping a film and making it better. For example, producer Avi Arad insisted the creators of *Across the Spider-verse* use the Spot as the main villain and this worked for the film,",2023-09-01T10:57:31,0,14,https://www.reddit.com/r/movies/comments/1673wvw/what_are_examples_of_studio_meddling_improving_a/,Spider-Man: Across the Spider-Verse,Spider-Man: Across the Spider-Verse
164ougo,movies,"These are the 100 greatest movies of all time, based on averaging ratings from 30 websites","After embarking on this journey to come up with my own statistical ""**1001 Movies You Must See Before You Die**"" list almost 3 years ago, I have finally finished this massive project and am pumped to share with all of you. Here are my [top 250](https://www.reddit.com/r/movies/comments/g90unl/the_statistical_top_250_movies_of_all_time_based/?utm_source=share&amp;utm_medium=web2x&amp;context=3) and [500 movies](https://www.reddit.com/r/movies/comments/ixo81z/these_are_the_statistical_top_500_movies_of_all/?utm_source=share&amp;utm_medium=web2x&amp;context=3) lists from 2020 for comparison.

I went through data from **30 different websites** this time for **almost 5000 movies**, including from the classic Rotten Tomatoes / IMDb / Metacritic sites to international gems like Moviepilot / Filmweb / CSFD / Douban, etc. There remains work to be done on weighting, compiling, and updating; **building a platform that provides real-time rankings and data of every single movie ever released is the ultimate goal**. Ambitious and maybe impossible, but we can dream. Feel free to share your feedback and ideas, or just reach out to me through [this form](https://forms.gle/fDC3xFHdiELmEdjs8).

In the lead up to the top 1001 movies' full release, here are the best 100 movies on that list. I will be releasing the top 500 movies next Tuesday, and the **final 1001 movies list on 9/15**!

Come support through [Buy Me a Coffee](https://www.buymeacoffee.com/reelstats), or simply share this project with all of your cinephile friends. Hope you find some gems on here.

[Letterboxd: The 100 Greatest Movies of All Time, according to statistics (2023)](https://boxd.it/oMLrm)

Without further ado, let's get into the greatest 100 movies of all time:

&amp;#x200B;

|Ranking|Movie|Year|
|:-|:-|:-|
|**1**|The Godfather|1972|
|**2**|Seven Samurai|1954|
|**3**|12 Angry Men|1957|
|**4**|The Godfather: Part II|1974|
|**5**|Tokyo Story|1953|
|**6**|City Lights|1931|
|**7**|Schindler's List|1993|
|**8**|Citizen Kane|1941|
|**9**|Rear Window|1954|
|**10**|Psycho|1960|
|**11**|Casablanca|1942|
|**12**|Modern Times|1936|
|**13**|Pulp Fiction|1994|
|**14**|Sunset Boulevard|1950|
|**15**|Singin' in the Rain|1952|
|**16**|Spirited Away|2001|
|**17**|Ordet|1955|
|**18**|Fanny and Alexander|1982|
|**19**|Apocalypse Now|1979|
|**20**|Vertigo|1958|
|**21**|Parasite|2019|
|**22**|Sherlock Jr.|1924|
|**23**|The 400 Blows|1959|
|**24**|The Good, the Bad, and the Ugly|1966|
|**25**|M|1931|
|**26**|Dr. Strangelove: or: How I Learned to Stop Worrying and Love the Bomb|1964|
|**27**|The Passion of Joan of Arc|1928|
|**28**|Bicycle Thieves|1948|
|**29**|Grave of the Fireflies|1988|
|**30**|The Lord of the Rings: The Return of the King|2003|
|**31**|Metropolis|1927|
|**32**|Pather Panchali|1955|
|**33**|A Man Escaped|1956|
|**34**|GoodFellas|1990|
|**35**|Rashomon|1950|
|**36**|Some Like It Hot|1959|
|**37**|Ugetsu|1953|
|**38**|North by Northwest|1959|
|**39**|All About Eve|1950|
|**40**|Lawrence of Arabia|1962|
|**41**|Children of Paradise|1945|
|**42**|Woman in the Dunes|1964|
|**43**|Sansho the Bailiff|1954|
|**44**|Late Spring|1949|
|**45**|Stalker|1979|
|**46**|The Third Man|1949|
|**47**|Ikiru|1952|
|**48**|Come and See|1985|
|**49**|Three Colors: Red|1994|
|**50**|Taxi Driver|1976|
|**51**|Double Indemnity|1944|
|**52**|Witness for the Prosecution|1957|
|**53**|The Gold Rush|1925|
|**54**|Ran|1985|
|**55**|Andrei Rublev|1966|
|**56**|The Treasure of the Sierra Madre|1948|
|**57**|The Shawshank Redemption|1994|
|**58**|The Battle of Algiers|1966|
|**59**|Sunrise: A Song of Two Humans|1927|
|**60**|Satantango|1994|
|**61**|I Am Cuba|1964|
|**62**|Paths of Glory|1957|
|**63**|The World of Apu|1959|
|**64**|The Great Dictator|1940|
|**65**|The Kid|1921|
|**66**|Harakiri|1962|
|**67**|A Brighter Summer Day|1991|
|**68**|One Flew Over the Cuckoo's Nest|1975|
|**69**|Nights of Cabiria|1957|
|**70**|Ali: Fear Eats the Soul|1974|
|**71**|Kes|1969|
|**72**|Army of Shadows|1969|
|**73**|Le Trou|1960|
|**74**|Il Sorpasso|1962|
|**75**|Early Summer|1951|
|**76**|It's a Wonderful Life|1946|
|**77**|Chinatown|1974|
|**78**|The Apartment|1960|
|**79**|Spider-Man: Across the Spider-Verse|2023|
|**80**|Make Way for Tomorrow|1937|
|**81**|The Cabinet of Dr. Caligari|1920|
|**82**|Alien|1979|
|**83**|A Separation|2011|
|**84**|The Leopard|1963|
|**85**|La Dolce Vita|1960|
|**86**|Grand Illusion|1937|
|**87**|The Dark Knight|2008|
|**88**|The Night of the Hunter|1955|
|**89**|The Shop Around the Corner|1940|
|**90**|Yojimbo|1961|
|**91**|The Shop on Main Street|1965|
|**92**|The Red Shoes|1948|
|**93**|The Lord of the Rings: The Two Towers|2002|
|**94**|Portrait of a Lady on Fire|2019|
|**95**|Toy Story|1995|
|**96**|Battleship Potemkin|1925|
|**97**|The Conformist|1970|
|**98**|The Lord of the Rings: The Fellowship of the Ring|2001|
|**99**|Umberto D.|1952|
|**100**|WALL-E|2008|

Some movies that just missed the cut: *Ivan's Childhood (#101)*, *Saving Private Ryan (#107), Star Wars (#109), The Silence of the Lambs (#111)*",2023-08-29T17:34:58,141,201,https://www.reddit.com/r/movies/comments/164ougo/these_are_the_100_greatest_movies_of_all_time/,Spider-Man: Across the Spider-Verse,Spider-Man: Across the Spider-Verse
15run1o,movies,My Favourite Movies from each year i have been alive,"1) 2007: Transformers
2) 2008: Hancock &amp; Kung Fu Panda
3) 2009: Transformers: Revenge Of The Fallen &amp; 9
4) 2010: Tron: Legacy &amp; How To Train Your Dragon
5) 2011: Kung Fu Panda 2, Transformers: Dark Of The Moon &amp; Cars 2
6) 2012: Madagascar 3: Europe's Most Wanted &amp; Rise Of The Guardians
7) 2013: Pacific Rim
8) 2014: Godzilla, Teenage Mutant Ninja Turtles, HTTYD 2 &amp; Transformers: Age Of Extinction
9) 2015: Jurassic World &amp; Avengers: Age Of Ultron
10) 2016: Kung Fu Panda 3, TMNT: Out Of The Shadows &amp; Max Steel
11) 2017: Transformers: The Last Knight &amp; Power Rangers
12) 2018: Pacific Rim Uprising, Spider-Man: Into The Spider-Verse, Jurassic World: Fallen Kingdom &amp; Aquaman
13) 2019: Spider-Man: No Way Home, Men in Black: International, Godzilla: King of the Monsters, HTTYD: The Hidden World &amp; Hobbs &amp; Shaw
14) 2020: Sonic the Hedgehog
15) 2021: Godzilla VS Kong, Eternals &amp; Mortal Kombat
16) 2022: Jurassic World: Dominion, Sonic the Hedgehog 2, Puss In Boots: The Last Wish &amp; Nope
17) 2023: Transformers: Rise of The Beasts &amp; Spider-Man: Across The Spider-Verse
18) 2024: Godzilla X Kong: The New Empire, Transformers One, Venom: The Last Dance &amp; Sonic the Hedgehog 3",2023-08-15T14:41:32,0,22,https://www.reddit.com/r/movies/comments/15run1o/my_favourite_movies_from_each_year_i_have_been/,Spider-Man: Across the Spider-Verse,Spider-Man: Across the Spider-Verse
15qgh9s,movies,What are your top ten of 2023 so far?,"Well, I have now seen my tenth film released this year. Here's my list, what's yours?

10. Ant-Man and The Wasp: Quantumania (utter trash)

9. Knock at The Cabin

8. Spider-Man: Across the Spider-Verse (would be rated higher if it was a complete movie)

7. Tetris (my most recent watch, a fun time)

6. They Cloned Tyrone

5. Mission Impossible - Dead Reckoning: Part 1

4. John Wick: Chapter 4

3. Air

2. Suzume (I haven't been able to get this movie out of my head, I need a western blu-ray release)

1.Guardians of the Galaxy Vol. 3",2023-08-14T01:29:44,30,81,https://www.reddit.com/r/movies/comments/15qgh9s/what_are_your_top_ten_of_2023_so_far/,Spider-Man: Across the Spider-Verse,Spider-Man: Across the Spider-Verse
152p3q6,movies,What do you guys think are the most magical movies you’ve watched?,"For me it’s:

The Lord of the Rings trilogy 
Hobbit trilogy
The Lion King 
Aladdin
Beauty and the Beast
Sleeping Beauty
The Hunchback of Notre Dame
Harry Potter films 
Pan’s Labyrinth
Hugo
The Aviator
Goodfellas 
8 1/2 
Seven Samurai
Kagemusha
Hugo 
Ran
Rashomon 
A Clockwork Orange (in a really twisted way I honestly don’t know why but I find it really enticing haha)
Game of Thrones (ik it’s not a movie but I love this show and it’s world too much)
Little Mermaid
Spirited Away
Metropolis
Citizen Kane 
Lawrence of Arabia
The Green Mile
Shawshank Redemption
King Kong 2005 movie
Jurassic Park 
Zootopia
Soul
Coco
Ratatouille 
The Seventh Seal 
Kubo and the Two Strings
Monsters Inc 
Toy Story franchise
Kung Fu Panda Trilogy 
Spider-man Into The Spider-Verse 
Spider-Man Across the Spider-Verse
Entergalactic
2001: A Space Odyssey
Phantom Thread
Gangs of New York 
Encanto
Mulan
Snow White
Cinderella
Nightmare Before Christmas 
West Side Story 
Forrest Gump
Blade Runner and Blade Runner 2049
Batman Begins (my favorite batman movie of all time)

I consider films magical by the beauty and immersiveness (idk if that’s even a word lol) of their worlds and precise and incredible world building. It’s also a measure of how much I wanna be there and actually live with the characters in that world. I’m definitely missing a lot more but here are some of my favorites for their worlds. Not considering plot or anything else

What are your guys thoughts on this?",2023-07-18T05:15:51,0,37,https://www.reddit.com/r/movies/comments/152p3q6/what_do_you_guys_think_are_the_most_magical/,Spider-Man: Across the Spider-Verse,Spider-Man: Across the Spider-Verse
14w6h31,movies,IMDb 2020s movies in the all-time top 250 that dropped out or significantly lowered rank over time,"Almost all these peak rankings were achieved during a film's opening week or two. So the fact that *all* of these titles either lowered their rank significantly over time, or dropped out of the top 250 entirely, seems to prove that people like watching movies best at a cinema.

And specifically, in a premium format like IMAX. Most of these films dropped in rank while they were still playing on the big screen, but just no longer in IMAX.



Film | Peak rank| [Current rank](https://www.imdb.com/chart/top/)
---|---|----
*Spider-Man: Across the Spider-Verse*| [12](https://web.archive.org/web/20230607171429/https://www.imdb.com/chart/top)| 13
*Top Gun: Maverick*| [42](https://web.archive.org/web/20220612064039/https://www.imdb.com/chart/top/)| 126
*Spider-Man: No Way Home* | [8](https://web.archive.org/web/20211217222116/https://www.imdb.com/chart/top/)| 155
*Guardians of the Galaxy Vol. 3*| [135](https://web.archive.org/web/20230511044839/https://www.imdb.com/chart/top)| 207
*Everything Everywhere All at Once*| [44](https://web.archive.org/web/20220516213547/https://www.imdb.com/chart/top/)| &gt;250
*Dune*| [127](https://web.archive.org/web/20211023122113/https://www.imdb.com/chart/top/)| &gt;250
*The Batman*| [138](https://web.archive.org/web/20220304005128/https://www.imdb.com/chart/top/)| &gt;250
*John Wick: Chapter 4*| [160](https://web.archive.org/web/20230326045705/https://www.imdb.com/chart/top/)| &gt;250
*Demon Slayer: Mugen Train*| [242](https://web.archive.org/web/20210902182127/https://www.imdb.com/chart/top/)| &gt;250",2023-07-10T21:10:22,0,4,https://www.reddit.com/r/movies/comments/14w6h31/imdb_2020s_movies_in_the_alltime_top_250_that/,Spider-Man: Across the Spider-Verse,Spider-Man: Across the Spider-Verse
14spxbe,movies,Which actor and actress do you think is having a great year so far in 2023?,"For me, Pedro Pascal even though he's been industry for a quite a while but the last of us hbo series which came out back in January 2023 has pretty much made him a household name. Now he's getting even more roles for movies and shows. Even Ayo Edebiri who has five films that is being released in one year 2023 like Theater Camp, Across the Spider Verse, Bottoms, Teenage Mutant Ninja Turtles Mutant Mayhem, and The Sweet East. I know we are are halfway throughout the year right now and it got me thinking which actor and actress do you think is having the best year in 2023 so far?",2023-07-06T23:41:13,5,12,https://www.reddit.com/r/movies/comments/14spxbe/which_actor_and_actress_do_you_think_is_having_a/,Spider-Man: Across the Spider-Verse,Spider-Man: Across the Spider-Verse
14mskap,movies,How often do you see a movie if you consider going with another person?,"I wanna see Across The Spider-Verse again because I got a bad seat with my family the first time I saw it. But my friend also wants to see it too. I was just wondering if seeing it the third time would mean as much if I saw it a 3rd time with a friend. (Since this would be our first movie together)

It's more like I'd wait until they got back from vacation (which would be like July 15th and onward)

&amp;#x200B;

But I don't know how long the movie will be in theaters. Or if I should ask her if she wants to see another movie.

&amp;#x200B;

That's my main dilemma. ",2023-06-30T06:35:29,0,9,https://www.reddit.com/r/movies/comments/14mskap/how_often_do_you_see_a_movie_if_you_consider/,Spider-Man: Across the Spider-Verse,Spider-Man: Across the Spider-Verse
14i49ju,movies,What are your favorite movies that came out in the last 10 years (since 2014)?,"One of my favorites, after having watched it today, has to be The Father (2020). I doubt anybody else is going to mention that movie because it's got no action and it's a slow movie, but if you care about realism, enjoy emotionally powerful movies, or have ever wanted to better understand how dementia can affect a person and their family, then you got to check it out.

Other movies I enjoyed in the last decade include The Irishman, Knives Out, Coda, and Spider-Man: Across the Spider-Verse.

Edit: Forgot the movie Birdman or (The Unexpected Virtue of Ignorance), it came out in 2014 I think.",2023-06-24T21:33:02,15,64,https://www.reddit.com/r/movies/comments/14i49ju/what_are_your_favorite_movies_that_came_out_in/,Spider-Man: Across the Spider-Verse,Spider-Man: Across the Spider-Verse
14i1acy,movies,What movies did you rewatch a butt load of times in the theater?,"Right now I'm finding myself back at the theater to rewatch Across the Spider Verse multiple times now and I was curious to know what other movies have been so good they've had people going back to theaters just to rewatch them.

What movies did you enjoy so much you just had to experience it many times in the theater to get your fill?

The original Spiderman from 2002 had me and my brother begging our mom to take us to watch it again. I think we ended up watching it 3 or 4 times in theaters and my parents were so sick of it. They had to put a stop to it and informed me and my brother this would be the last time we watch it, we were so upset 😭",2023-06-24T19:25:46,31,194,https://www.reddit.com/r/movies/comments/14i1acy/what_movies_did_you_rewatch_a_butt_load_of_times/,Spider-Man: Across the Spider-Verse,Spider-Man: Across the Spider-Verse
149el20,movies,"Spider-Man: Across the Spider-Verse banned from release in UAE, Saudi Arabia",,2023-06-14T18:02:16,8704,1528,https://www.esquireme.com/culture/film-and-tv/spider-man-across-the-spider-verse-banned-from-release-in-uae-saudi-arabia,Spider-Man: Across the Spider-Verse,Spider-Man: Across the Spider-Verse
1499cyk,movies,What is the Best Film You Watched Last Week? (06/07/23-06/14/23),"The way this works is that you post a review of the [best film](https://i.imgur.com/l0IiGrm.jpg) you watched this week. It can be any new or old release that you want to talk about.

{**REMINDER:** *The Threads Are Posted Now On Wednesday Mornings. If Not Pinned, They Will Still Be Available in the Sub.*}

**Here are some rules:**

**1. Check to see if your favorite film of last week has been posted already.**

**2. Please post your favorite film of last week.**

**3. Explain why you enjoyed your film.**

**4. ALWAYS use SPOILER TAGS:**   [**\[Instructions\]**](https://imgur.com/a/4kUk33C)

**5. Best Submissions can display their** [**\[Letterboxd Accts\]**](https://letterboxd.com/) **the following week.**

**Last Week's Best Submissions:**

|**Film**|**User/\[LBxd**\]|**Film**|**User/\[LB/Web***\]|
|:-:|:-:|:-:|:-:|
|[""Spider-Man: Across the Spider-Verse""](https://www.reddit.com/r/movies/comments/143esje/comment/jncjqu9/?utm_source=reddit&amp;utm_medium=web2x&amp;context=3)|[\[Simon8217\]](https://letterboxd.com/simon_8217/)|[""Tyson"" (2008)](https://www.reddit.com/r/movies/comments/143esje/comment/jndrisu/?utm_source=reddit&amp;utm_medium=web2x&amp;context=3)|qumrun60|
|[""BlackBerry""](https://www.reddit.com/r/movies/comments/143esje/comment/jncdaqn/?utm_source=reddit&amp;utm_medium=web2x&amp;context=3)|ShiftAndWitch|[""The Pink Panther"" (2006)](https://www.reddit.com/r/movies/comments/143esje/comment/jnapixz/?utm_source=reddit&amp;utm_medium=web2x&amp;context=3)|The-Phantom-Writer|
|[""Spoiler Alert""](https://www.reddit.com/r/movies/comments/143esje/comment/jnetaku/?utm_source=reddit&amp;utm_medium=web2x&amp;context=3)|TakeOneFour|[""Better Luck Tomorrow""](https://www.reddit.com/r/movies/comments/143esje/comment/jne3010/?utm_source=reddit&amp;utm_medium=web2x&amp;context=3)|sk\_37|
|[""Saint Maud""](https://www.reddit.com/r/movies/comments/143esje/comment/jn9nhw3/?utm_source=reddit&amp;utm_medium=web2x&amp;context=3)|WalkingEars|[""Sympathy for Mr. Vengeance""](https://www.reddit.com/r/movies/comments/143esje/comment/jnj3ywr/?utm_source=reddit&amp;utm_medium=web2x&amp;context=3)|[\[RStorm\]](https://letterboxd.com/rstorm/)|
|[""Suspiria"" (2018)](https://www.reddit.com/r/movies/comments/143esje/comment/jn9j7st/?utm_source=reddit&amp;utm_medium=web2x&amp;context=3)|[\[filmpatico\]](https://letterboxd.com/filmpatico/)|[""The Fifth Element""](https://www.reddit.com/r/movies/comments/143esje/comment/jnb0934/?utm_source=reddit&amp;utm_medium=web2x&amp;context=3)|That\_one\_cool\_dude|
|[""Riphagen: (The Untouchable)""](https://www.reddit.com/r/movies/comments/143esje/comment/jn9kza0/?utm_source=reddit&amp;utm_medium=web2x&amp;context=3)|Longjumping\_Gain\_807|[""Scream""](https://www.reddit.com/r/movies/comments/143esje/comment/jn9o314/?utm_source=reddit&amp;utm_medium=web2x&amp;context=3)|[\[ManaPop.com\*\]](https://manapop.com/)|
|[""The Garden of Words""](https://www.reddit.com/r/movies/comments/143esje/comment/jnangj4/?utm_source=reddit&amp;utm_medium=web2x&amp;context=3)|PerfectContinuous|[""Exotica""](https://www.reddit.com/r/movies/comments/143esje/comment/jn9f6qg/?utm_source=reddit&amp;utm_medium=web2x&amp;context=3)|Puzzled-Jounalist|
|[""Hanna""](https://www.reddit.com/r/movies/comments/143esje/comment/jnfni0j/?utm_source=reddit&amp;utm_medium=web2x&amp;context=3) |NobodyImportant2222|[""True Romance""](https://www.reddit.com/r/movies/comments/143esje/comment/jnafocl/?utm_source=reddit&amp;utm_medium=web2x&amp;context=3)|Rckstedywatudoin|
|[""Black Swan""](https://www.reddit.com/r/movies/comments/143esje/comment/jn9di67/?utm_source=reddit&amp;utm_medium=web2x&amp;context=3)|[\[HardcoreHenkie\]](https://letterboxd.com/hardcorehenkie/)|[""Some Kind of Wonderful""](https://www.reddit.com/r/movies/comments/143esje/comment/jnciko0/?utm_source=reddit&amp;utm_medium=web2x&amp;context=3)|barberthecut|
|[""13 Assassins"" (2010)](https://www.reddit.com/r/movies/comments/143esje/comment/jnfbean/?utm_source=reddit&amp;utm_medium=web2x&amp;context=3)|ftp67|[""Sweet Smell of Success""](https://www.reddit.com/r/movies/comments/143esje/comment/jn9wppn/?utm_source=reddit&amp;utm_medium=web2x&amp;context=3)|[\[dommull\]](https://letterboxd.com/dommull/)|",2023-06-14T14:30:11,43,126,https://www.reddit.com/r/movies/comments/1499cyk/what_is_the_best_film_you_watched_last_week/,Spider-Man: Across the Spider-Verse,Spider-Man: Across the Spider-Verse
143guh9,movies,What is the most quotable movie?,"I recently watched My Cousin Vinny for well more than my hundredth time. It seems to me that this may well be the most quotable movie ever filmed. Nearly every scene contains at least one.

There are quotable scenes in many movies, obviously, but my rewatch of My Cousin Vinny made me wonder what the masses consider to be ""the most"" quotable movie of them all. 

Sidebar: I'd also note that the newest spiderman (Across the Spider-Verse) should maybe be on the list... but I've only watched it once thus far, so it seems a bit early for consideration. If you haven't seen it yet, I strongly suggest you do.  I don't usually like comicbook/superhero movies, but I took my four year old to it (his first movie theater experience) and we both straight up LOVED it.",2023-06-07T15:50:01,48,438,https://www.reddit.com/r/movies/comments/143guh9/what_is_the_most_quotable_movie/,Spider-Man: Across the Spider-Verse,Spider-Man: Across the Spider-Verse
142q0wa,movies,'The Flash' Review Thread,"[Rotten Tomatoes](https://www.rottentomatoes.com/m/the_flash_2023): 71% (91 reviews) with 6.40 in average rating

&gt; Critics consensus: While it plays too much like a sizzle reel of DC's greatest hits to fully stand on its own two feet, The Flash has enough heart and zip to maintain a confident stride.

[Metacritic](https://www.metacritic.com/movie/the-flash): 61/100 (29 critics)

As with other movies, the scores are set to change as time passes. Meanwhile, I'll post some short reviews on the movie. It's structured like this: **quote first, source second.** Beware, some contain spoilers.

&gt; The early word on The Flash calling it one of the greatest superhero movies ever made was pure hyperbole. But in the bumpy recent history of the DC Extended Universe, it’s certainly an above-average entry.

-[David Rooney, The Hollywood Reporter](https://www.hollywoodreporter.com/movies/movie-reviews/the-flash-review-ezra-miller-michael-keaton-dc-universe-1235508380/)

&gt; Miller's the Flash goes back in time to change the future and connects with Michael Keaton's Batman. But the movie, after a smart and playful first half, gives itself over to comic-book bombast.

-[Owen Gleiberman, Variety](https://variety.com/2023/film/news/the-flash-review-ezra-miller-michael-keaton-1235634192/)

&gt; In its best moments, “The Flash” touches on something new and exciting, but too often, its the past that tugs on, keeping it from speeding ahead.

-[Kate Erbland, IndieWire](https://www.indiewire.com/criticism/movies/the-flash-review-dc-1234871260/): B–

&gt; The Flash is an ambitious superhero movie that largely pulls off its tale of two worlds, two Flashes, and two Batmans. The superhero fan service is strong with this one – perhaps too strong at times – but it never fully overshadows Barry Allen’s genuinely tragic and heartfelt story of grief. Though the visual effects aren’t always the best and the third act is a bit overwhelming, strong performances and a refreshing earnestness keep The Flash on track and running circles around many of the recent DC Universe movies. If this is the truly last stop on the Snyderverse express, then it’s a respectable way to go out.

-[Joshua Yehl, IGN](https://www.ign.com/articles/the-flash-review): 7.0 ""good""

&gt; What it amounts to is a movie that spends all its time racing from one poorly-thought out story element to another, from one only modestly satisfying nostalgia shout-out to another, and with only questionable results. How fitting, yet how disappointing: “The Flash” has the runs.

-[William Bibbiani, The Wrap](https://www.thewrap.com/the-flash-review-ezra-miller/)

&gt; This is not a movie with any new ideas or dramatic rethinking, and – at the risk of re-opening the DC/Marvel sectarian wound – nothing to compare with the much-lauded animation experiment in the recent Spider-Man films. The intellect in this intellectual property is draining away.

-[Peter Bradshaw, The Guardian](https://www.theguardian.com/film/2023/jun/06/the-flash-review-ezra-miller-doppelganger-superhero-is-a-gurning-smirking-mess): 2/5

&gt; The movie’s stronger underlying themes, like the importance of living in the present and learning to let things go, are overshadowed by the multiversal gymnastics. And as much good stuff as the ""The Flash"" features, including a nifty scene where Barry slo-mo saves a slew of falling babies in entertaining fashion, the film can't help but get tripped up by the same old hurdles.

-[Brian Truitt, USA Today](https://www.usatoday.com/story/entertainment/movies/2023/06/06/the-flash-movie-review-ezra-miller/70289767007/): 3/4

&gt; Maybe nerd culture was a mistake. The first and last 10 minutes demonstrate the winning superhero saga this might have been, but the middle two hours are devoted to sloppy, shameless fan service.

-[Alonso Duralde, The Film Verdict](https://thefilmverdict.com/the-flash-film-review/)

&gt; The hype is real. DC’s The Flash may not be the greatest comic book movie ever made, but it comes damn close. Easily the best in the genre since Spider-Man: No Way Home, this fresh, invigorating, and hugely entertaining summer treat is as good as it gets when it comes to cinematic takes on superheroes.

-[Pete Hammond, Deadline](https://deadline.com/2023/06/the-flash-review-ezra-miller-michael-keaton-in-brilliant-return-batman-1235409735/)

&gt; The Flash ends on a purposefully open note (and a pretty good joke), so that if the film succeeds at the box office, Miller's Barry can run again another day. If it doesn't, the precedent is set for a full continuity reset. Whatever DC movies await us in the future, let's hope they avoid multiverses. It's well-trod territory at this point, even for a speedster.

-[Christian Holub, Entertainment Weekly](https://ew.com/movies/movie-reviews/the-flash-review-ezra-miller-michael-keaton/): C+

&gt; Merging Looper and Looney Tunes makes for some jarring transitions between time-travel melodrama and power-mishap shenanigans. That’s never more clear than in the movie’s tail end, wherein Muschietti, who seems like a slick Spielberg-acolyte crowdpleaser in the J.J. Abrams mode, struggles with whether The Flash is an emotional cautionary tale, a universe-resetting franchise play, or just a zany sci-fi farce, subject to channel-flipping multiverse gags. You can feel The Flash wishing it could steal a glimpse into the audience and revise itself on the fly accordingly; no wonder early screenings apparently hedged on an ending until the last possible minute. Fandom has created a culture where a fun, zippy movie can’t stop looking back over its shoulder.

-[Jesse Hassenger, Paste](https://www.pastemagazine.com/movies/dceu/the-flash-review): 7.0

&gt; While I have a few complaints and there are a couple of head-scratching loose ends, ""The Flash"" is still a funny, emotional, action-heavy crowd-pleaser that ranks among the best DC movies ever made.

-[Ben Pearson, /FILM](https://www.slashfilm.com/1268511/the-flash-review/): 7.5

&gt; Oddly, The Flash being so brilliant actually gives DC a bit of a headache. The studio’s new head honcho, James Gunn, is currently planning a much-publicised reboot of its comic book movie universe that may not include the Scarlet Speedster. Throw in Miller’s even more publicised personal problems and a poorly received film could have provided the perfect opportunity to have him (and the bad press) jog off into the sunset. Given the critical buzz and potential box office bump, that looks unlikely now. The Flash’s future is starting to look a lot sparkier than his past.

-[Alex Flood, NME](https://www.nme.com/reviews/film-reviews/the-flash-review-ezra-miller-dc-michael-keaton-3450727): 4/5

&gt; This feels like the definitive Flash movie.

-[Mike Ryan, Uproxx](https://uproxx.com/movies/the-flash-review/)

&gt; This much-beleagured cinematic universe has finally hit upon a winning film, and one that will be forever tainted. It’s not the most tragic thing regarding the person whirling at the center of it all — not by a long shot. But it is a reminder that you can make a superhero movie that seeks to unite all worlds but can’t quite reckon with the one outside the theater. And it’s proof that you can always run as fast as your superhuman intellectual property can manage, but there are things that you simply aren’t able to hide. 

-[David Fear, Rolling Stone](https://www.rollingstone.com/tv-movies/tv-movie-reviews/the-flash-review-ezra-miller-dc-superhero-movies-1234745578/)

&gt; The Flash clearly wants its audience to get caught up in the excitement of multiverse adventures, returning superhero favorites, and fun antics of Barry Allen, to the point that they never consider that the time travel aspects make absolutely no sense, and only hurts the larger story in the way that it’s handled here. Thankfully, those antics are enjoyable and hard not to get excited about, but unfortunately, this isn’t a story that holds together on a narrative level. Cameos and fan service are fine to have, but the story has to be there to back them up, and it’s not quite there with The Flash.

-[Ross Bonaime, Collider](https://collider.com/the-flash-movie-review/): C+

&gt; One of the most spectacular and frustrating mixed bags of the superhero blockbuster era, ""The Flash"" is simultaneously thoughtful and clueless, challenging and pandering. It features some of the best digital FX work I've seen and some of the worst. Like its sincere but often hapless hero, it keeps exceeding every expectation we might have for its competence only to instantly face-plant into the nearest wall. 

-[Matt Zoller Seitz, RogerEbert.com](https://www.rogerebert.com/reviews/the-flash-movie-review-2023): 2.5/4

&gt; Even despite being saddled with the baggage of the DCU’s failures, that the story that works in The Flash manages to shine through the noise is no small feat. The bitter irony, of course, is that even its artistic victories are tempered by the film being released in the shadow of Joaquim Dos Santos, Kemp Powers, and Justin K. Thompson’s Spider-Man: Across the Spider-Verse, which hits nearly every story beat and big swing for nostalgia attempted here, but with exponentially more finesse, grace, and emotional power. Nothing Batman or Supergirl do in The Flash to save the world is more effective than what Barry does to save it with a hug and a can of tomatoes.

-[Justin Clark, Slant](https://www.slantmagazine.com//film/the-flash-review-andy-muschietti-ezra-miller/): 2.5/4

&gt; Considering how “The Flash” makes many of its characters face death and inevitability throughout, “The Flash” should not feel as hollow as it does. But you can’t blame Barry for it. He’s just a high-energy tour guide here, as everything around him becomes a blur leading us to the next reference. It has taken so long for a feature-length “The Flash” to finally hit theaters, and he’s too late. Barry is barely the lead character of his own movie.

-[Nick Allen, The Playlist](https://theplaylist.net/the-flash-review-barry-allen-is-barely-the-lead-in-a-hollow-movie-overfilled-with-fan-service-20230606/): C

&gt; It’s clear that DC doesn’t really know what it’s paying tribute to, other than the knowledge that other comic book movies exist. The Flash, much like Barry himself, has been stranded with no real sense of history, and no real sense of the future, either. It does the best it can.

-[Clarisse Loughrey, The Independent](https://www.independent.co.uk/arts-entertainment/films/reviews/the-flash-review-ezra-miller-release-date-b2352416.html): 3/5

____________________________________________________________________________________________

**PLOT**

Barry Allen / The Flash travels back in time to prevent his mother's death, which traps him in an alternate reality without metahumans. Barry enlists the help of his younger self, an older Batman and the Kryptonian castaway Supergirl in order to save this world from the restored General Zod and return to his universe.


**DIRECTOR** 

Andy Muschietti

**WRITER**

Christina Hodson

**STORY**

John Francis Daley, Jonathan Goldstein &amp; Joby Harold

**MUSIC**

Benjamin Wallfisch

**CINEMATOGRAPHY**

Henry Braham

**EDITOR**

Jason Ballantine &amp; Paul Machliss

**RELEASE DATE** 

June 16, 2023

**RUNTIME**

144 minutes

**BUDGET**

$220 million

**STARRING**

- Ezra Miller as Barry Allen / The Flash

- Michael Keaton as Bruce Wayne / Batman

- Sasha Calle as Kara Zor-El / Supergirl

- Michael Shannon as General Zod

- Ron Livingston as Henry Allen

- Maribel Verdú as Nora Allen

- Kiersey Clemons as Iris West

- Antje Traue as Faora-Ul

- Ben Affleck as Bruce Wayne / Batman",2023-06-06T19:02:27,1503,1654,https://www.reddit.com/r/movies/comments/142q0wa/the_flash_review_thread/,Spider-Man: Across the Spider-Verse,Spider-Man: Across the Spider-Verse
1411ps1,movies,Sick of tired of movie spoiler vids on Youtube,"""Spider-Man: Across The Spider-Verse"" only just came out on Friday, and I've already been spoiled twice by YouTube. I didn't even click on the vids but they seemed to have done the damage already (one a cameo spoiler, and one what looks to be a potential plot twist). First of all, YouTube's stupid fucking algorithm needs GTFO out of here. I can't even sneeze unless YouTube decides to send me 100 recommendation for Spider-Man vids. Second of all, what kind fuckbois are posting spoiler vids on Youtube. What the fuck do they get out of it?",2023-06-05T04:11:05,24,27,https://www.reddit.com/r/movies/comments/1411ps1/sick_of_tired_of_movie_spoiler_vids_on_youtube/,Spider-Man: Across the Spider-Verse,Spider-Man: Across the Spider-Verse
13y08ix,movies,Official Discussion Megathread (Spider-Man: Across the Spider-Verse / The Boogeyman),"[Spider-Man: Across the Spider-Verse](https://www.reddit.com/r/movies/comments/13y03dr/official_discussion_spiderman_across_the/?)

[The Boogeyman](https://www.reddit.com/r/movies/comments/13y03pd/official_discussion_the_boogeyman_spoilers/?)

[Reality](https://www.reddit.com/r/movies/comments/13y085f/official_discussion_reality_spoilers/?)",2023-06-02T02:07:19,745,0,https://www.reddit.com/r/movies/comments/13y08ix/official_discussion_megathread_spiderman_across/,Spider-Man: Across the Spider-Verse,Spider-Man: Across the Spider-Verse
13y03dr,movies,Official Discussion - Spider-Man: Across the Spider-Verse [SPOILERS],"#Poll

**If you've seen the film, please rate it [at this poll](https://youpoll.me/102592/)**

**If you haven't seen the film but would like to see the result of the poll [click here](https://youpoll.me/102592/r)**

#Rankings

[Click here](https://youpoll.me/list/138/) to see the rankings of 2023 films

[Click here](https://youpoll.me/list/4/) to see the rankings for every poll done

---
**Summary:**

Miles Morales catapults across the Multiverse, where he encounters a team of Spider-People charged with protecting its very existence. When the heroes clash on how to handle a new threat, Miles must redefine what it means to be a hero.

**Director:**

Joaquim Dos Santos, Kemp Powers, Justin K. Thompson

**Writers:**

Phil Lord, Christopher Miller, Dave Callahem

**Cast:**

* Shameik Moore as Miles Morales
* Hailee Steinfeld as Gwen Stacy
* Oscar Isaac as Miguel O'Hara
* Jake Johnson as Peter B. Parker
* Issa Rae as Jessica Drew
* Brian Tyree Henry as Jefferson Davis

--
**Rotten Tomatoes:** [95%](https://www.rottentomatoes.com/m/spider_man_across_the_spider_verse)

**Metacritic:** [86](https://www.metacritic.com/movie/spider-man-across-the-spider-verse)

**VOD:** Theaters",2023-06-02T02:00:38,7266,11093,https://www.reddit.com/r/movies/comments/13y03dr/official_discussion_spiderman_across_the/,Spider-Man: Across the Spider-Verse,Spider-Man: Across the Spider-Verse
13wlx9x,movies,Spider-Man: Across the Spider-Verse - Review Thread,"**Spider-Man: Across the Spider-Verse**

* [Rotten Tomatoes](https://www.rottentomatoes.com/m/spider_man_across_the_spider_verse): 96% (325 Reviews)
* [Metacritic](https://www.metacritic.com/movie/spider-man-across-the-spider-verse): 86 (59 Reviews)

Reviews:

[Hollywood Reporter](https://www.hollywoodreporter.com/movies/movie-reviews/spider-man-across-the-spider-verse-review-1235503261/):

&gt;In *Across the Spider-Verse*, Miles’ identity takes center stage, but not totally in the ways you might expect. The film retains its signature tone — moving between humor and sentimentalism with a light touch — but there’s a greater effort now to connect Miles’ origin story to broader lessons about superhero canons. That doesn’t always land as gracefully, and parts of *Across the Spider-Verse* feel weighed down by this need to belabor a well-established point. Still those moments can be forgiven as the story unfurls, revealing that Miles, with his new challenges, remains a hero worth rooting for.

[Variety:](https://variety.com/2023/film/reviews/spider-man-across-the-spider-verse-review-1235628521/)

&gt;They’ve done it. “Spider-Man: Across the Spider-Verse” doesn’t just extend the tale of Miles Morales. The film advances that story into newly jacked-up realms of wow-ness that make it a genuine spiritual companion piece to the first film. That one spun our heads and then some; this one spins our heads even more (and would fans, including me, have it any other way?).

[Deadline](https://deadline.com/2023/05/spider-man-across-the-spider-verse-review-colorful-web-of-destiny-for-miles-morales-1235383411/):

&gt;*Spider-Man: Across The Spider-Verse* It’s a film that thrives in its complexity and flourishes in its commitment to authentic storytelling. Despite a slightly convoluted plot, it’s a memorable journey where writers Lord, Miller, and Callaham understand how to formulate a comics adaptation. This latest addition to the Spider-Verse canon reminds us why we love superhero narratives — not just for the action but for their humanity.

[Collider](https://collider.com/spider-man-across-the-spider-verse-review/) (A):

&gt;Across the Spider-Verse isn't just easily one of the best films of 2023 and one of the best animated films in years, it's also in the running for best superhero film ever, and arguably cements Miles Morales as the best Spider-Man we've seen on the screen so far.

[IGN](https://www.ign.com/articles/spider-man-across-the-spider-verse-review) (8/10):

&gt;Spider-Man: Across the Spider-Verse surges with visual inventiveness and vibrance in an undeniably strong evolution of the style established in Into the Spider-Verse. Miles and Gwen’s search for their place in the multiverse is relentless and exciting, almost to a fault, and though the plot is often an afterthought to the pure chaos of creation on display, strong performances and character arcs that feel true to the heroes we met last time help ensure that Across the Spider-Verse is a more-than-worthy follow-up to an all-time classic.

[Total Film](https://www.gamesradar.com/spider-man-across-the-spider-verse-review/) (5/5):

&gt;Visually astonishing, emotionally daring, this spectacular sequel has enough wit, imagination and thrills to fill several worlds. But prepare to be left hanging till the sequel hits screens.

[SlashFilm](https://www.slashfilm.com/1300967/spider-man-across-the-spider-verse-review/) (7.5/10):

&gt;Now Miles is back with ""Spider-Man: Across the Spider-Verse,"" a sequel that's bigger and bolder than the first ... and also incomplete. By making this the first of two films, writers Phil Lord, Christopher Miller, and David Callaham have crafted a movie that doesn't really feel like a movie — it's just a chapter. An exciting chapter, sure, but an unfinished chapter that runs out the clock, torpedoing all the momentum it was building in the process.

[IndieWire](https://www.indiewire.com/criticism/movies/spider-man-across-the-spider-verse-review-sequel-1234868823/) (A-):

&gt;”Into the Spider-Verse” was astute and funny, complicated and emotional, unique and daring, and its sequel only grows and expands on those aims. If the first film showed what superhero movies could be, “Across the Spider-Verse” goes even further: It shows what they should be. In a genre built on the literally super and special, these films are unafraid to stand out and do something truly different, something that pushes the limits, to show the genuine range available to this subset of stories and feel damn good in the process (and look, dare we say, even better).

[Empire](https://www.empireonline.com/movies/reviews/spider-man-across-the-spider-verse/) (5/5):

&gt;Across The Spider-Verse cranks every dial to 11, and somehow doesn’t collapse in on itself. Visually astonishing, emotionally powerful, narratively propulsive — it’s another masterpiece.

[The Wrap](https://www.thewrap.com/spider-man-across-the-spider-verse-review/):

&gt;“Spider-Man: Across the Spider-Verse” doesn’t just tell a Spider-Man story, it takes the whole Spider-Man formula — a chance encounter with a radioactive spider, plus tragedy, equals hero — and transforms it into an oppressive, morally questionable dogma. The leader of the Spider-Men, Miguel O’Hara (Oscar Isaac), aka Spider-Man 2099, believes all their existences are defined by the deaths of innocent people around them. So those people have to die, don’t they?

\---

Synopsis:

&gt;Over a year after the events of *Spider-Man: Into the Spider-Verse* (2018), Miles Morales is unexpectedly approached by his love interest Gwen Stacy to complete a mission to save every universe of Spider-People from the Spot, who could cause a catastrophic disaster. Miles is up for the challenge, where he and Gwen journey through the Multiverse together and meet its protectors, a group of Spider-People known as the Spider-Society, led by Miguel O'Hara. However, Miles finds himself at odds with Miguel and the Spider-Society on how to handle the threat and must redefine what it means to be a hero so that he can save the people he loves.

Cast:

* Shameik Moore as Miles Morales / Spider-Man
* Hailee Steinfeld as Gwen Stacy / Spider-Woman
* Brian Tyree Henry as Jefferson Davis
* Luna Lauren Vélez as Rio Morales
* Jake Johnson as Peter B. Parker / Spider-Man
* Jason Schwartzman as Dr. Jonathan Ohnn / The Spot
* Issa Rae as Jessica Drew / Spider-Woman
* Karan Soni as Pavitr Prabhakar / Spider-Man India
* Daniel Kaluuya as Hobart ""Hobie"" Brown / Spider-Punk
* Oscar Isaac as Miguel O'Hara / Spider-Man 2099
* Greta Lee as Lyla
* Rachel Dratch as the counselor at Miles's school
* Jorma Taccone as Vulture
* Shea Whigham as George Stacy
* Andy Samberg as Ben Reilly / Scarlet Spider
* Amandla Stenberg as Margo Kess / Spider-Byte",2023-05-31T13:11:13,1857,920,https://www.reddit.com/r/movies/comments/13wlx9x/spiderman_across_the_spiderverse_review_thread/,Spider-Man: Across the Spider-Verse,Spider-Man: Across the Spider-Verse
13qumqu,movies,"(BELATED) New MPA/CARA Ratings and Reasons for the Week of Wednesday May 24, 2023","PG

**Miraculous: Ladybug &amp; Cat Noir, The Movie (ANIMATED)** (for action, some thematic elements and brief smoking.) Netflix, Inc.

**Peace To You! (DUBBED)** (for thematic material, language and brief violence.) Lert Karnovsky LTD – [Production Co.]

**Sparkle: A Unicorn Tale** (for some thematic elements and rude humor.) Grindstone Entertainment Group

**Spider-Man: Across The Spider-Verse (ANIMATED)** (for sequences of animated action violence, some language and thematic elements.) Sony Pictures Animation, Inc.

**The Spider Within (ANIMATED, SHORT SUBJECT)** (for action and scary images.) Sony Pictures Animation, Inc.


_________________________________________________________________________________________________

PG-13

**Caddo Lake** (for some disturbing/bloody images, thematic elements and brief strong language.) New Line Cinema

**Sound of Freedom** (for thematic content involving sex trafficking, violence, language, sexual references, some drug references and smoking throughout.) Angel Studios

_______________________________________________________________________________________

R

**A Creature Was Stirring** (for violence, bloody images, drug content, language and some sexual references.) Well Go USA, Inc.

**Dampyr** (for violent content and language.) Sony Pictures Worldwide Acquisitions, Inc.

**Dead Man’s Hand** (for bloody violent content, language and some nudity.) Lionsgate

**Half-Baked: Totally High** (for drug use throughout, sexual content, language, graphic nudity and some violence.) Universal Pictures Home Entertainment, L.L.C.

**Killers of the Flower Moon** (for violence, some grisly images, and language.) Apple Films, Ltd.

**The Last Exit** (for violent content and language.) Saban Films, L.L.C./Well Go, USA, Inc.",2023-05-24T19:09:47,6,1,https://www.reddit.com/r/movies/comments/13qumqu/belated_new_mpacara_ratings_and_reasons_for_the/,Spider-Man: Across the Spider-Verse,Spider-Man: Across the Spider-Verse
13hk8ou,movies,Spider-Man: Across the Spider-Verse | Spider-Man: India - Official Clip,,2023-05-14T18:58:29,1610,242,https://youtu.be/xNrNyBEt-fE,Spider-Man: Across the Spider-Verse,Spider-Man: Across the Spider-Verse
13ez939,movies,Spider-Man: Across the Spider-Verse - Trailer #3,,2023-05-11T20:38:44,94,12,https://www.youtube.com/watch?v=Etv-L2JKCWk&amp;pp=ygUWYWNyb3NzIHRoZSBzcGlkZXJ2ZXJzZQ%3D%3D,Spider-Man: Across the Spider-Verse,Spider-Man: Across the Spider-Verse
131naor,movies,'Spider-Man: Across The Spider-Verse' Casts Andy Samberg and Jorma Taccone,,2023-04-28T10:02:05,4419,278,https://www.gamesradar.com/andy-samberg-cast-spider-verse/?,Spider-Man: Across the Spider-Verse,Spider-Man: Across the Spider-Verse
12y54oi,movies,"Sony Pictures Launches CinemaCon With ‘Bad Boys 4’, ‘Dumb Money’, ‘Spider-Man: Across the Spider-Verse’ &amp; More",,2023-04-25T02:21:48,233,55,https://deadline.com/2023/04/sony-pictures-cinemacon-2023-presentation-tom-rothman-1235335762/,Spider-Man: Across the Spider-Verse,Spider-Man: Across the Spider-Verse
16kcfmx,MovieDetails,"In Spider-Man: Across the Spider-Verse (2023), there is a subtle difference between two photographs.",,2023-09-16T17:01:07,2681,35,https://www.reddit.com/gallery/16kcfmx,Spider-Man: Across the Spider-Verse,Spider-Man: Across the Spider-Verse
16gp1l0,MovieDetails,"In Spider-Man: Across the Spider-Verse (2023), the brand of gum that The Spot steals from Mrs Chen is called ""Brock's Venomint"".",,2023-09-12T11:38:56,2164,23,https://www.reddit.com/gallery/16gp1l0,Spider-Man: Across the Spider-Verse,Spider-Man: Across the Spider-Verse
169qfpu,MovieDetails,"Spider-Man: Across The Spider-Verse (2023) When the Lord &amp; Miller logo glitches at the beginning, it briefly shows a version of the logo on a dog collar. This is the variant used for Strays (2023) another Lord &amp; Miller production that came out two months later",,2023-09-04T12:15:08,2388,28,https://i.redd.it/75yv7oxcd8mb1.jpg,Spider-Man: Across the Spider-Verse,Spider-Man: Across the Spider-Verse
15wubyr,MovieDetails,"In 'Spider-Man: Across the Spider-Verse' (2023), a billboard near Spot's apartment references Everything Everywhere All At Once",,2023-08-21T02:16:57,3907,58,https://i.redd.it/qtdi7zxrhdjb1.png,Spider-Man: Across the Spider-Verse,Spider-Man: Across the Spider-Verse
15nc5t3,MovieDetails,"Jorma Taccone voices the Vulture in Across The Spider-Verse, referencing a 2021 Miles Morales comic where he hosts SNL and does a skit with Jorma Taccone as the Vulture.",,2023-08-10T13:11:39,306,12,https://i.redd.it/ou6tb47l8ahb1.png,Spider-Man: Across the Spider-Verse,Spider-Man: Across the Spider-Verse
15lml6k,MovieDetails,"In Spider-Man: Across The Spider-Verse (2023), you can see buildings in the background of Earth-42 with members of that universe’s Sinister Six on them. Electro, Rhino, Vulture, Scorpion, Shocker, Sandman",,2023-08-08T16:12:50,227,15,https://www.reddit.com/gallery/15lml6k,Spider-Man: Across the Spider-Verse,Spider-Man: Across the Spider-Verse
15ldjn9,MovieDetails,"In Spider-Man: Across the Spider-Verse (2023), Miles's roommate is playing the upcoming Marvel’s Spider-Man 2 for PS5. Confirmed by a developer at Insomniac.",,2023-08-08T09:52:21,942,29,https://v.redd.it/crneka1ds77b1,Spider-Man: Across the Spider-Verse,Spider-Man: Across the Spider-Verse
16kb6u9,boxoffice,"Kinofest 2023 Weekend, Oppenheimer surpasses Top Gun: Maverick, Spider-Man: Across the Spider-Verse beats Ant-Man and the Wasp: Quantumania, Jawan has a strong Opening Weekend, My Big Fat Greek Wedding 3 bombs, Elemental passes Cars 2 - Germany Box Office","https://preview.redd.it/gxa6hm4k5nob1.jpg?width=864&amp;format=pjpg&amp;auto=webp&amp;s=583122c7750a5ec9e71dffc76e4b23a39702f7c3

**Weekend 36/23 (September 7th, 2023-September 10th, 2023) Top 20 in Ticket Sales:**

|Nr.|Film|Weekend Ticket Sales|Drop|Total Ticket Sales|Weekend|Theaters|Average|Final Total (Prediction)|
|:-|:-|:-|:-|:-|:-|:-|:-|:-|
|1|The Equalizer 3 - The Final Chapter|188,108|\-9%|447,394|2|582|323|700K|
|2|Barbie|176,263|\-2%|5,536,836|8|846|208|6M|
|3|Oppenheimer|135,093|\+10%|3,753,850|8|699|193|4M|
|4|The Meg - The Trench|68,316|\+11%|1,006,476|6|438|156|1.1M|
|5|Elemental|65,157|\+27%|1,856,987|12|531|123|2M|
|6|Rehragout Rendezvous|63,397|\-38%|1,309,441|5|630|101|1.4M|
|7|Enkel für Fortgeschrittene|49,753|\-|65,068|New|576|86|200K|
|8|Gran Turismo|35,307|\+12%|339,797|5|333|106|375K|
|9|Ladybug &amp; Cat Noir - The Movie|27,127|\+12%|1,194,481|10|455|60|1.25M|
|10|Jawan|22,227|\-|22,227|New|\-|\-|50K|
|11|Wild Heart|20,665|\-29%|127,809|3|601|34|200K|
|12|Mission: Impossible - Dead Reckoning Part One|18,359|\+13%|1,233,196|9|262|70|1.25M|
|13|The Super Mario Bros. Movie|16,734|\+309%|5,274,254|23|290|58|5.3M|
|14|Teenage Mutant Ninja Turtles - Mutant Mayhem|16,258|\-4%|298,373|6|337|48|325K|
|15|Strays|15,555|\-37%|59,419|2|367|42|75K|
|16|My Big Fat Greek Wedding 3|15,386|\-|15,386|New|216|71|40K|
|17|Talk to Me|14,176|\+125%|141,045|7|145|98|160K|
|18|Blue Beetle|12,961|\-10%|114,761|4|224|58|130K|
|19|Lassie - A New Adventure|11,179|\-30%|521,501|7|541|21|550K|
|20|Sophia, Death and I|10,736|\-50%|52,908|2|146|74|75K|

**Weekend 36/23 (September 7th, 2023-September 10th, 2023) Top 20 in Box Office:**

|Nr.|Film|Weekend Box Office|Drop|Total Box Office|Weekend|Theaters|Average|Final Total (Prediction)|
|:-|:-|:-|:-|:-|:-|:-|:-|:-|
|1|The Equalizer 3 - The Final Chapter|€1,180,966|\-46.5%|€3,899,459|2|582|€2,029|€6.5M|
|2|Barbie|€1,089,513|\-36.9%|€51,338,842|8|846|€1,288|€55M|
|3|Oppenheimer|€870,804|\-40%|€42,759,216|8|699|€1,246|€46M|
|4|Rehragout Rendezvous|€447,499|\-54.2%|€12,166,207|5|630|€710|€13M|
|5|The Meg - The Trench|€417,521|\-36.4%|€10,283,683|6|438|€953|€11.25M|
|6|Elemental|€342,355|\-16.2%|€14,766,799|12|531|€645|€15.75M|
|7|Jawan|€322,024|\-|€322,024|New|\-|\-|€700K|
|8|Enkel für Fortgeschrittene|€295,253|\-|€419,679|New|576|€513|€1.5M|
|9|Gran Turismo|€213,014|\-34.7%|€3,194,680|5|333|€640|€3.55M|
|10|Ladybug &amp; Cat Noir - The Movie|€141,355|\-24.5%|€9,222,779|10|455|€311|€9.6M|
|11|Mission: Impossible - Dead Reckoning Part One|€114,102|\-39.8%|€13,752,698|9|262|€436|€14M|
|12|Wild Heart|€112,718|\-48.7%|€911,480|3|601|€188|€1.4M|
|13|Strays|€94,385|\-61.2%|€468,311|2|367|€257|€600K|
|14|My Big Fat Greek Wedding 3|€90,307|\-|€90,307|New|216|€418|€300K|
|15|Teenage Mutant Ninja Turtles - Mutant Mayhem|€85,286|\-35.6%|€2,390,336|6|337|€253|€2.6M|
|16|The Super Mario Bros. Movie|€83,524|\-|€51,456,896|23|290|€288|€51.6M|
|17|Talk to Me|€81,812|\+27.3%|€1,266,174|7|145|€564|€1.45M|
|18|Sophia, Death and I|€74,734|\-62.2%|€453,511|2|146|€512|€650K|
|19|Blue Beetle|€71,364|\-44.8%|€1,009,524|4|224|€319|€1.125M|
|20|Lassie - A New Adventure|€60,005|\-67.7%|€3,820,190|7|541|€111|€4M|

**Other Newcomers:**

|**Film**|Weekend Ticket Sales|Theaters|Average|
|:-|:-|:-|:-|
|New Tales of Franz|5,686|301|19|
|Daliland|5,532|93|59|

&amp;#x200B;",2023-09-16T16:06:47,15,5,https://www.reddit.com/r/boxoffice/comments/16kb6u9/kinofest_2023_weekend_oppenheimer_surpasses_top/,Spider-Man: Across the Spider-Verse,Spider-Man: Across the Spider-Verse
16c18ma,boxoffice,2023 Top 20 Hollywood Films YTD. A new #1!,,2023-09-07T00:31:11,1057,369,https://www.reddit.com/gallery/16c18ma,Spider-Man: Across the Spider-Verse,Spider-Man: Across the Spider-Verse
168isg8,boxoffice,"Frozen 2 remains the highest grossing animated film in Nigeria with ₦134,648,078 while Spider-Man: Across The Spider-Verse has ended its theatrical run right behind it with ₦134,071,487.",https://forums.boxofficetheory.com/topic/30459-africa-box-office-thread/?do=findComment&amp;comment=4585232,2023-09-03T00:34:39,19,0,https://i.redd.it/9r1a0l8hrxlb1.jpg,Spider-Man: Across the Spider-Verse,Spider-Man: Across the Spider-Verse
1688coa,boxoffice,The top 5 highest grossing movies of this summer all had a multiplier of over 3x.,,2023-09-02T17:27:16,33,2,https://www.reddit.com/gallery/1688coa,Spider-Man: Across the Spider-Verse,Spider-Man: Across the Spider-Verse
168603l,boxoffice,"Spider-Man: Across the Spider-Verse Has Ended Its Domestic Run With $381,210,457",,2023-09-02T15:53:49,463,111,https://www.the-numbers.com/movie/Spider-Man-Across-the-Spider-Verse-(2023)#tab=summary,Spider-Man: Across the Spider-Verse,Spider-Man: Across the Spider-Verse
166yupi,boxoffice,Rolling Hollywood Net Producer Profits 2023,,2023-09-01T05:59:59,11,2,https://i.redd.it/3w40r7fm3llb1.png,Spider-Man: Across the Spider-Verse,Spider-Man: Across the Spider-Verse
1655dw7,boxoffice,SPIDER-MAN ACROSS THE SPIDER-VERSE has entered top 10 highest grossing animated movies domestically,,2023-08-30T05:02:36,111,19,https://i.imgur.com/Mm1G9Cx.jpg,Spider-Man: Across the Spider-Verse,Spider-Man: Across the Spider-Verse
1652usb,boxoffice,Will 'Aquaman and the Lost Kingdom' outgross 'Across the Spider-Verse' worldwide ($686.8 million)?,"

[View Poll](https://www.reddit.com/poll/1652usb)",2023-08-30T02:55:13,8,31,https://www.reddit.com/r/boxoffice/comments/1652usb/will_aquaman_and_the_lost_kingdom_outgross_across/,Spider-Man: Across the Spider-Verse,Spider-Man: Across the Spider-Verse
14rfoq3,TrueFilm,"Something About Freedom, The Spider-Verse And Michelangelo","This article contains a lot of film stills. For a fully illustrated version please click here -[https://filmofileshideout.com/archives/something-about-freedom-the-spider-verse-and-michelangelo/](https://filmofileshideout.com/archives/something-about-freedom-the-spider-verse-and-michelangelo/)

Spider-Man: Across the Spider-Verse (2023), Everything Everywhere All at Once (2022), and Doctor Strange in the Multiverse of Madness (2022) all share a common focus. They all try to picture what freedom would look like in a world where not only is anything possible, but everything is actual. In these films, we encounter what looks like freedom of choice, but every choice is simply a juncture that leads to every possible result. A choice where all possible outcomes come to fruition isn’t really a choice.

What this worldview means is open for debate, but in these films, this idea results in an existential crisis. These films question if agency is possible in a world of infinite consequences. In addition, they ask if our decisions are preset according to the trajectory of the particular universe we live in.

In Spider-Man: Across the Spider-Verse, Miles creates havoc because he is not respecting the predetermined nature of his universe. In Everything Everywhere All at Once, all the characters struggle against a feeling of meaninglessness in a world where everything is inevitable.

The particular facets of this issue are not the focus of this essay. It is only the fact that this issue seems to be raised with increasing frequency in our culture. Essentially, it comes down to a classic philosophical argument between freedom and determinism. To me, this dichotomy seems more like an issue of semantics than an actual problem. There are different ways to frame the debate. Considering what we know about human psychology, labeling us as either free or determined doesn’t make sense either way. In the three films, the psychology of choice is only half the problem. The nature of time, space, and entropy may indicate that everything is predetermined. All of this is made infinitely more complex by considering whether ignorance of our fate makes us free.

With the issues of freedom and determinism as a foundation or background, all three films explore what role morality plays in a predetermined world, or, in the case of the multiverse, worlds. All three films allow the occupants of different universes to meet each other. Actually, meeting the individuals that are generated by your choices, and being aware of how your decisions will effect them, makes morality impossible. Any action you make will bring disaster to some of them. Morality is canceled out by all options coming true. Without morality guiding our actions, we cannot attach any purpose or significance to our lives. This brings us back around to the existential angst that all three movies depict. By making everything come true, the multiverse assures that nothing matters. This is the heart of Joy Wang’s confusion and anxiety in Everything Everywhere All at Once. In an argument with her mother, she explains, “If nothing matters, then all the pain and guilt you feel for making nothing of your life goes away.

”Living in an infinite web of alternate you’s is not only a moral problem. These films also reflect a common fear and frustration with the intensity of identity politics. The existence of so many identity labels, so many possible identities, including “fluid” identities, can be overwhelming. We live in a world where every choice we make results in being labeled with a new term and a new set of expectations. Each person we associate with, each song we listen to, each pair of shoes we buy, comes with preset identities. Our peers will evaluate and label us based on every little move we make. So will all the algorithms on the Internet, each one trying to paint an increasingly detailed portrait of us. These unsolicited portraits then go on to shape what we are shown on our screens, creating an identity feedback loop. In these films, all our possible identities exist and vie for primacy.

Anxiety over identity politics is only one possible theme in a variety of issues these multiverse movies address. The writers and artists who made these films not only respond to the changes they see in society, but also to the changing nature of the media they work with. A society, and the media it uses to express itself, often reflect each other.

Artists today have an endless variety of tools and images at their fingertips. Creating impressive imagery is no longer a challenge. A portrait can be made, airbrushed, and optimized by anyone using a free app on their phone. A sculpture can be made at the click of a button on a 3D printer. Art has become so facile, it is changing what it means to be an artist. In fact, many artists have stopped calling themselves artists and refer to themselves as “content creators"".

The term ""artist"" is a very general term, but it still indicates something about the attitude of the creator and how they see themselves. “Content creator” is an even less specific term. “Content creator” is a term born out of the economic ideology of capitalism. It deemphasizes the nature of what the creator is producing and puts the attention on the selling of it. It doesn’t directly indicate that the creator is selling what they are producing, but the term draws attention away from creativity and focuses instead on the generating of a product for sale. “Content” might easily be replaced with the word “commodity” or “product"".

The distinction between an artist with a meaningful relationship to what they are producing, and a capitalist generating imagery for money, is not so cut and dried. There is a very large area of blurry overlap. Most artists are a blend of the two, but while it is easy to see that some sincere artists are, to some extent, influenced by money, “content creators"" often seem unaware that, regardless of their intention, the content they are producing is still meaningful. They may think they are just making a video about how to shape your eyebrows, but there is an ideology and worldview that are still being presented. All imagery is ideological. All production, artistic or otherwise, is ideological. A video about eyebrow threading carries along with it ideas about aesthetics, gender, power, the influence of peer groups, identity, normalcy, the relationship between pain, submission, and beauty. It is a powerful cultural primer contributing to a worldview that is forever in flux.

Spider-Man: Across the Spider-Verse (SMASV) is a mix of reactions to the myriad of possibilities presented to us by society, as well as the myriad of possibilities that an artist faces in the world of CGI, AI, and billion-dollar movies. Whether you refer to it as content, art, or a product, SMASV, and the other films, are celebrations of all that is possible in the world of cinema. It truly is a depiction of everything, everywhere, all at once. I’ve never seen anything that comes close to the visual density of SMASV, but as I was watching it, I kept thinking about Michelangelo and the enormous painting he made on the ceiling of the Sistine Chapel in 1510.

1510 is near the end of what historians call the Renaissance. The first quarter of the 16th century was a transitional period between the waning classical purity of the Renaissance and the odd excesses of the Baroque era. This transitional time is sometimes referred to as the mannerist period. A time when many artists felt that painting had reached its pinnacle. Artists like Leonardo da Vinci and Raphael spent the second half of the 15th century in pursuit of perfection. The perfect body, the perfect proportions, the perfect composition, the ultimate attainment of pure beauty and harmony. This pursuit eventually ran out of steam. Either artists lost faith in the existence of such perfection, or felt that painters like Raphael and sculptors like Michelangelo had attained it, leaving little reason for continuing on. Many felt that art had reached an impasse.

When Pope Julius II forced Michelangelo to leave Florence and come back to Rome to paint the ceiling of the Sistine Chapel in the Vatican, Michelangelo did something unexpected. What he painted there in that room was not what the Pope asked for. In fact, the Pope and Michelangelo fought over it constantly. The Pope even beat Michelangelo with a cane. Michelangelo’s painting is often singled out as one of the first mannerist pieces. Mannerism was a strange style. It was a way of deliberately challenging an artist who had mastered his craft. It was a demanding approach that required the ability to render the human body with perfect accuracy, while simultaneously being able to distort and shape it in unexpected ways.

The Sistine Ceiling is a good example of this. It is a ridiculously complicated and difficult series of paintings applied to the ceiling with the most difficult of media (fresco) by one man lying on his back. The figures depicted float above the room in an assortment of the most challenging poses and angles possible, as they tumble and fly through the heavens. Michelangelo illustrated the entire Bible from Genesis to Revelations, ending with a terrifying 45-foot-tall depiction of the last judgment on the altar wall. Included in this final image is a self-portrait of Michelangelo as a hunk of flayed skin being carried away into the clouds. (See below)

Michelangelo had forsworn painting when he moved to Florence. Painting the Sistine Chapel, for a Pope who already hated him, allowed Michelangelo a kind of freedom. He knew that whatever he made would meet with disapproval, so why not use his skills to create something challenging and new?Like Michelangelo, the filmmakers behind Spider-Man: Across the Spider-Verse, Everything Everywhere All at Once, and Doctor Strange in the Multiverse of Madness had an endless array of powerful tools and a giant pile of money that allowed them the freedom to not only create imagery, but to do it with ease. It is hard to challenge yourself as an artist when you have AI, CGI, half a billion dollars, and a legion of artists at your disposal, but all that power creates a challenge in and of itself. If so much is possible, where do you begin and how far can you go? How do you take full advantage of all these opportunities? Such challenges are reflected in the depiction of the multiverse. The artists making these films have more than they need at their disposal, and it is reflected in the chaos of the multiverse they bring to life. Out of the movies mentioned, I’m not sure if any of them, save SMASV, really manage to fully exploit this plethora of possibilities. SMASV is so tightly packed with imagery that it becomes an assault on the eyes that stuns you with its intensity.

SMASV and the other films take super-powered tools as a given. Using them to create a realistic-looking fantasy world, like in Star Wars or Lord of The Rings, is not enough. It’s easy to make a fire-breathing dragon look real with what is available to well-funded artists. What SMASV does is push everything to its limit, even to the point of parody. I wouldn’t describe SMASV or the others as actual parodies, but they have a self-awareness that allows them to indulge in ridiculously ornate and complex visuals that playfully pile up until it all flirts with the ridiculous.

Michelangelo may have seen his roiling tour of virtuosic skills on the Sistine Ceiling as an attempt to infuse something that he now considered stale with new life and urgency. Certainly, no one in 16th-century Rome had ever seen anything as terrifying as Michelangelo’s Armageddon, or as openly sexual and bizarre as a depiction of God’s naked butt flying through the heavens. (See below)

Image makers today are drowning in a limitless, ever-growing sea of images that will easily swallow up anything you produce before anyone has a chance to even see it. What could a portrait artist hope to achieve with a brush and canvas, when over 300 million images are uploaded to Google every day? A title like Everything Everywhere All at Once makes perfect sense in the current world of art. It’s not a coincidence that a year before the film, Bo Burnham released a song with the chorus, “Anything and everything all of the time.”

How are any of us meant to live in this ever-changing onslaught of information? Trump left office in 2021, leaving behind a trail of trauma and destruction we will still be healing from for years to come. Trump, and his mentor Putin, used information the same way that the makers of SMASV used images. The idea was to overwhelm the recipient, leaving them stunned and passive. Several news outlets referred to it as a “firehose” of information. A firehose that knocks you down and leaves you helpless. What Trump and his sociopathic handlers wanted to do was completely destroy the public's ability to discern fact from fiction.

How do you conduct a productive exchange of ideas with someone who believes that 5G is out to get them, or COVID-19 was a hoax, or the Earth is flat? How do you discuss current events when Fox is screaming about Democrats sacrificing children to Satan? The Trump years are an “Everything Everywhere All at Once” blender that conflates truth and falsity until we can no longer discern the difference. SMASV and the other films can be seen as a reaction to this onslaught.

This brings us full circle, back to freedom and determinism. As the spectacle of society swallows everything around us, we become helpless spectators. We each come to believe that no matter what you say, or what you do, you will be drowned out by belligerent nonsensical chatter. Do you remember Steve Bannon, Paris Dennard, Kellyanne Conway, Trump Jr, and Sarah Huckabee Sanders? They were human firehoses used to cover over “Everything Everywhere All at Once"".

Everything Everywhere All at Once (2022), Spider-Man: Across the Spider-Verse (2023), and Doctor Strange in the Multiverse of Madness (2022) all have something else in common. They all came out at the waning end of a worldwide pandemic. According to the World Health Organization, 6,941,095 people died as a result of the COVID-19 outbreak that began in 2020. This world-changing event has to be factored into any analysis of cultural production during the early 2020s.

The concept of a multiverse and its effect on our significance plays directly into the anxieties produced by the pandemic. The relentless firehose blasting us with an overwhelming overload of information could be a metaphor to either describe our lives as internet spectators trapped in our houses unable to look away, or the feelings we experienced when we first emerged from our isolation.

Which is more overwhelming, living in a virtual world where every reality is smashed flat into a 3-minute video, or the real world with the unpredictability of real human contact?

With everyone isolated in their own apartments, proximity was no longer the driver for our shared experience. We no longer physically interacted with our coworkers, peers, or friends. To find human connections, we entered a sterile, abbreviated, non-physical, virtual space where, instead of seeing a cluster of friends and acquaintances out in a world of possibilities, we saw our own isolation reflected back at us in the eyes of others who were trapped at home just as we were.

The real world of COVID was barely visible. People disappeared into hospitals, businesses vanished, schools and streets were empty. There was nothing to see, but the world of the Internet, unchallenged by everyday experience, became increasingly real. Reality shrunk while the virtual world expanded.

The pandemic spurred big life changes, changes in identity. Many people changed jobs, changed partners, changed homes, and changed habits. The forced cocooning of the lockdown seemed to give people a chance to consider the other possible lives they could be living. Is it any wonder that our culture became obsessed with the concept of the multiverse?

Back in the 1500s, while Michelangelo toiled away on his oversized fresco in Italy, a man named Copernicus was formulating a theory that the Earth was not the center of the universe, but simply one planet among many, with no more import than any other celestial body. The significance of humanity was profoundly downgraded from a leading role in the center spotlight, to a lowly extra.

At the same time that our physical position in the universe was being challenged, our hierarchical position was thrown into question as well. The grand hierarchy of the universe proposed by the Catholic Church was threatened by the newly formed Protestants. The universe was not an immutable hierarchy with God at the helm and humans ranking near the bottom just above the animals. For Protestants, we each had our own direct line to God. He had a plan for each of us that we could negotiate with him directly. This concept caused a profound instability in the order of things.

These upheavals caused deep and unsettling changes across Europe. When Hugh Everett proposed the concept of the multiverse in the late 1950s, it had far less of an impact than Copernicus’ universe-shattering insight, but it continued the demotion of humanity. Not only were we no longer the center of the universe, but our universe was longer The Universe.

Copernicus told us that we were not the center of the universe. Darwin told us that we were not God's special creation, but simply animals. Freud told us that not only were we merely animals, but we were sick animals. Sartre told us that our sick, little animal lives had no meaning. Everett furthered this descent by telling us that our lives, our lived experiences, and identities, are only one version of an infinite rabble of possibilities.

SMASV and the other films are modern-day narratives designed to wrestle with this new status. Narratives are, at their heart, claims to efficacy. All stories are an attempt to show that we have agency. Stories connect a series of cause-and-effect events in order to provide some kind of meaning. The hero did X which caused Y which proves the moral of Z. Life in a multiverse means the hero did A, B, C, D, all the way through to Z, causing A through Z to happen, resulting in A through Z consequences. How do you make a story out of that?

What demotion is left for humanity to endure? I suppose you could turn to the work of Juan Maldacena at Princeton, who proposes that we are all just holographic projections. We’ll see what happens to narratives when movies transform into virtual holographic experiences that are not only indistinguishable from reality, but are reality.",2023-07-05T16:29:34,2,3,https://www.reddit.com/r/TrueFilm/comments/14rfoq3/something_about_freedom_the_spiderverse_and/,Spider-Man: Across the Spider-Verse,Spider-Man: Across the Spider-Verse
14hw442,TrueFilm,"Pixar's Elemental is proof that just because a film features brand-new characters or isn't based on pre-existing source material, doesn't mean it's ""original.""","I just saw the new Pixar movie ***Elemental***, and it was one of the most painfully predictable experiences I've ever had in a theater. Ever since the film was announced, it looked like the most boring and predictable plot ever, where a girl made of fire and a boy made of water have to go a journey together and annoy one another but then develop a bond. Then there’s a misunderstanding before the third act and they get mad and separate. They later realize they love one another and rescue each other at the end. In addition, the writing and the script were weak, the character development had no surprises, the world-building make no sense, and their attempts at humor did not work. I maintain that Pixar hasn't made a Great movie since 2009, but people still give the company a pass for making some of their favorite movies from their childhood, and even I was hoping to give them the benefit of the doubt and have them surprise me again. However, after 90 minutes, I was right to be skeptical. The worst part is that Disney/Pixar was passing this story off as ""original"" with never-before-seen characters and settings, yet I knew every single plot point this movie was going to hit down to the minute. I understand why audiences are being smart and staying away from this, because Pixar has no new ideas left.

This got me thinking about recent movies I've seen that were either remakes, sequels, or adaptations of previously existing stories, but completely took me by surprise when I watched them. They never pretended they were ""original"" ideas, yet I didn't see any of their plots coming and left pleasantly suprised. For example, last year I watched ***Guillermo Del Toro's Pinocchio***, which is probably the 30th known adaptation of the classic book, but approaches the familiar story beats in new and unexpected ways. These include Gepetto's construction of the puppet like it's a Frankenstein movie, Count Volpe being an amalgamation of 3 antagonists from the book, Pleasure Island being a Fascist boot camp, and Pinocchio dying many times over and being taken to a spirit realm, each time learning to gain more humanity. There was also ***Puss in Boots: The Last Wish***, a sequel to an 11-year-old spin-off from a popular animated film series, that tackled some mature themes such as legacy and untapped fears, and featured creative fight scenes, funny jokes, surprising character depth, and a realistic depiction of a panic attack. And right now, we have ***Spider-Man: Across the Spider-Verse,*** whose predecessor was already a game-changer with an animation style that was the canon event for Pixar's fade into irrelevancy. This sequel outdoes the first movie, taking a character whose story we've seen played out three times in the last two decades and dares to challenge that life path. It also combines so many different styles of animation into one story without becoming incoherent. 

All three of these had unique and ground-breaking animated styles that still hold up to this day and blow Pixar's style out of the water, even making Elemental's animation look unfinished. They also contain quiet scenes where characters slow down and talk about their feelings, along with discussions about philosophy, which makes them inherently superior to typical mainstream animated movies with loud noises, out-of-place pop-culture references, and fart jokes. There are also no wonky-looking frames that can be posted to Twitter or Reddit with the caption ""this is a real frame from a $220M movie"" which makes us laugh at how bad it looks, then makes us mad at the state of the modern film industry and how bad VFX conditions have become. Nor are there any lines the writers thought sounded deep and profound, but are actually hammy and ridiculous when said out loud. These three films all use unique styles, tell new stories, and listen to long-time fans of animation by showing that it's not a genre, but a medium for kids and adults to enjoy. Elemental, on the other hand, is the antithesis of this. It tries to teach kids that racism is bad and even adds a gay background character here to teach them to be more tolerant, but does it in the most surface-level way in the attempts of scoring brownie points. Even the scenes where they show off their animation skills (like when the elements mix or Ember walks on crystals) distract from the plot. The other films made their animation, stories, lessons, and diversity feel substantial, which is why Elemental will always pale in comparison.

(This discussion doesn't even mention other sequels, remakes, and adaptations that are perennial film buff favorites, including *Blade Runner 2049, Suspiria '18, Dune,* and *Dredd*. All of these movies are way more mature, innovative, and surprising than anything Pixar has put out in years.)

I might not watch many films, but I know a good movie when I see one. It's no surprise that Elemental bombed, because there's nothing compelling about it, and I understand why kids these days are gravitating toward Illumination's Minions and Super Mario movies. I hate how Disney has treated Pixar as a brand for the last decade, especially since 2020, forcing them into making sequels that ruin their original movies and dumping anything else onto Disney+, but if they wanted to shut down Pixar now, I wouldn't blame them after this. Pixar deserves to be scrutinized for sticking too close to their ""classic"" formula, but they also don't deserve credit going forward for any risks they take, rather scrutinized for their failure to execute. I'm not looking forward to writing about how the upcoming Inside Out 2 and Toy Story 5 ruined their predecessors, but I know I'll be back here on Day 1 writing about Pixar's demise.",2023-06-24T15:42:38,304,180,https://www.reddit.com/r/TrueFilm/comments/14hw442/pixars_elemental_is_proof_that_just_because_a/,Spider-Man: Across the Spider-Verse,Spider-Man: Across the Spider-Verse
16b3j7h,movies,rank the following animated franchises from best to worst.,"LEGO movie, Kung fu Panda, The incredibles, Frozen, Despicable me, Toy Story, Hotel Transilvania, cars, Finding Nemo/Dory, and the spider verse. 

Here’s my ranking 

1. Toy Story. The Toy Story franchise changed the way animated movies were made, and that’s not even a reason it’s #1 for me, it’s just a fact. The Franchise manages to capture the fun of an animated movie, yet beat your emotions bone dry. It’s my favorite franchise, in my opinion it’s not even close. 

2. Finding Nemo/Dory. I feel this franchise could potentially maybe go up to number when I become a parent. I can’t decide weather Nemo or Dory is better, they both have their high moments. It’s fun, exciting, thrilling. 

3. LEGO movie. I know this one might be a little higher than most. I remember when this movie came out, it came out in my birthday in second grade. MAB I WAS EXCITED. And the thing is, the first movie isn’t even the best one. The Lego Batman movie is debatable a top 3 Batman movie. I even like the second movie. I don’t understand where all the comes from. 

4. The Incredibles. Unpopular option but, I think the Devon one is better. The jokes are set up better. The story flows just as well. I love superheroes so that might have a factor to play in this one being so high. 

5. Spider-Verse. I know fans CHERISH this beloved franchise and, don’t get me wrong, it’s a great franchise. I just don’t think it’s better than the franchises before it. ATSV was a tiny bit overhyped in my opinion, I was expecting the greatest animated movie of all time. For me it wasn’t that. I know the animation is different and an adjustment to get used to. ITSV Is the best in the franchise in my opinion. The Peter-Myles dynamic is my favorite part. 

6. Frozen. I understand the hate. It may have been annoying and overhyped but, this movie has a special place in my heart. I used to be a stage actor and I did this musical. It meant a lot to be. The story is Also written SO WELL. I try not to criticize the movie biased on how hyped or over played it was. 

7. Kung fu panda. The first movie is AMAZING. The next two aren’t even memorable. They aren’t bad, just not memorable. I never like the second movie but, I remember loving the third one when it first came out. 

8. Despicable me. All of the movies are decent at best, that I give it credit for. I don’t think the minions are annoying. The movies are good. Gru is funny. It’s cute m, fun, and decent enough. Expect for the first one, that movies amazing. 

9. Cars. The movies have their flaws, mostly the second one. I still don’t think it’s bad as some people say it is. I think cars is a genuinely good franchise, and everyone of these movies are good. With that being said, its still not better anything else on this list I think maybe if there would have been a cars four and it would’ve been really good It could move up to seven or eight. Still good movies though. I also don’t think the end of the third one gets anough credit. As it is amazing. 

10. Hotel Transilvania. I put this on the list cause why not. Yeah it’s good. I don’t know why it got received so bad. 1 &amp; 2 we’re really really enjoyable. I liked 3 when it released but my opinions have changed since. I will say all of the movies had SO MUCH potential and then always came short. Still a good franchise and would have been nice to see the Christmas movie. Overall a classic holloween franchise. 

So that’s my list. Thoughts? Opinions?
 
Your list? I’d love to read it!",2023-09-05T23:10:52,0,4,https://www.reddit.com/r/movies/comments/16b3j7h/rank_the_following_animated_franchises_from_best/,Spider-Man: Across the Spider-Verse,Spider-Man: Across the Spider-Verse
14o5r12,movies,Is this the year of Hollywood Imploding?,"It's concerning just how many movies are flopping this year. 

* Flash
* Antman 3
* Renfeld
* 65
* Dungeons &amp; Dragons
* Beau Is Afraid
* Shazam 2
* Elemental
* Indiana Jones 5 (yeah, it just came out... but look at the weekend projections, it's not going to cover the budget, much less the marketing costs)

All of these movies have failed to make their budgets back in theaters. Rumors have it Little Mermaid, Transformers and Fast X *barely* made a profit. 

Yeah, Spider Verse and Super Mario were hits, Barbie, Mission Impossible and Oppenheimer will likely do quite well. But that's a handful of movies in what looks like a sea of flops. Aquaman 2, Blue Beetle, Marvels, Kraven, Gran Turismo, I think these will all fair poorly.  

What do you guys think the end result of all this will be? Tighter budgets? Less confidence in pre-existing IPs? ",2023-07-01T21:07:13,1,51,https://www.reddit.com/r/movies/comments/14o5r12/is_this_the_year_of_hollywood_imploding/,Spider-Man: Across the Spider-Verse,Spider-Man: Across the Spider-Verse
14dcfo5,movies,"I'm late to the party, but the newest Puss in Boots had no business being that good.","Movies have won Oscars for less honestly. All the Villains with their own motivations were well written and voiced, the animation is phenomenal, I really enjoyed the story beat scenes being a more traditional Shrek style but the action scenes going full Spider-Verse and really pulling you in with sharper edges and bolder color.

 It was funny where it needed to be and a far more complex character study than I was expecting going in. Any single character who gets more than 2 mins of screen time isn't wasted. The writers did an excellent job making sure the plot was always moving forward in a way that left me wanting more. My very 1st thought after the credits is we need an open world puss in boots game that's this deep. Hand the keys to the next Shrek over to these guys and I'll be an ass in a theater seat.",2023-06-19T11:48:50,1,6,https://www.reddit.com/r/movies/comments/14dcfo5/im_late_to_the_party_but_the_newest_puss_in_boots/,Spider-Man: Across the Spider-Verse,Spider-Man: Across the Spider-Verse
14b653i,movies,What’s with everyone filming parts of movies in the theatre now?,"Like the title says, I saw the Flash last night and a handful of people were taking out their phones at multiple points in the movie and filming sequences just to post on social media. 

Happened last week with Transformers and the week before with Spider Verse too. 

1. Why would you want to break the immersion of the movie for yourself and watch the best parts through your phone screen. 

2. Why be a douche and ruin it for people that follow you on your social media. 

Honestly with no options like Alamo draft house or theatres that give a shit, the audiences over the last few years have gotten absolutely terrible and it’s getting harder and harder to justify going. I love the theatre experience but it’s been in a downward spiral for a while now with terrible audiences. Everyone thinks they’re in their own living room and not surrounded by other people trying to watch a movie.",2023-06-16T19:46:54,45,82,https://www.reddit.com/r/movies/comments/14b653i/whats_with_everyone_filming_parts_of_movies_in/,Spider-Man: Across the Spider-Verse,Spider-Man: Across the Spider-Verse
148ren2,movies,Will Inside Out 2 be Pixar comeback?,"Pixar have been going through rough times lately Onward was bit of a flop due to the Pandemic, Soul, Luca and Turning Red didn't released in theaters due to the pandemic, and Lightyear the big theatrical return since 2020 flopped at the box office. Now, Elemental seems to be looking not too good in terms of the projections which is $35+ Million Domestically at the box office, and it releasing around the same time as the Flash and Spider Verse yikes. Elio is also probably not gonna do great since it releases around the time of other big films such as Beyond The Spider Verse, Kung Fu Panda 4, Godzilla X Kong unless Beyond The Spider Verse, Kung Fu Panda 4 gets delayed then maybe it has a better chance, but Inside Out 2 is the only film from Pixar that I could be see as a comeback for Disney and Pixar at the Box Office since it's a sequel to a hit movie, and so with it being a sequel to a hit film, it will make people want to go see it, but what do you think?",2023-06-13T22:25:57,0,25,https://www.reddit.com/r/movies/comments/148ren2/will_inside_out_2_be_pixar_comeback/,Spider-Man: Across the Spider-Verse,Spider-Man: Across the Spider-Verse
143zdzd,movies,Why do some US TV channels immediatly repeat the same movie as soon as it finishes?,"Currently on holiday in the states and just chilling at night browsing tinternet or watching TV (why so many adverts)but in the week or so I've been here, a few movies have been immediatly repeated as soon as it finishes.

Just flicking through the channels until something catches my eye and it's happened with 2 channels now Spider-Man: Into the Spider-Verse on FX and My Cousin Vinny on TRUTV",2023-06-08T04:37:47,3,17,https://www.reddit.com/r/movies/comments/143zdzd/why_do_some_us_tv_channels_immediatly_repeat_the/,Spider-Man: Across the Spider-Verse,Spider-Man: Across the Spider-Verse
13e8me6,movies,judge me based on my favorite movies separated by genre ish,"Hey besties! A few things
- these all fall more into the category of my COMFORT movies
- I have seen way more movies than what is on this list! 
- I am always willing to watch more movies so leave recommendations 
- i watch movies more as an escape than anything else! I love psychoanalysing performances &amp; all the things but at the end of the day, I like movies that help me get through the hardship of life! 

Disney: 
1. Beauty and the Beast (1991)
2. High School Musical 2 
3. Emperors New Groove 
4. Princess and the Frog 
5. Tangled 

Pixar: 
1. The Incredibles 
2. Monsters Inc
3. Finding Nemo 
4. Inside Out 
5. Toy Story 

Musicals 
1. West Side Story (1962)
2. Hairspray (2007)
3. The Greatest Showman 
4. The Last Five Years 
5. Grease 

Horror:
1. Pearl
2. Midsommar
3. Scream (1996)
4. X 
5. Carrie (1976) 

Superhero 
1. Black Panther 
2. Thor: Ragnarok
3. The Batman 
4. Avengers: Infinity War
5. Wonder Woman 

Comedy 
1. Mean girls 
2. Clueless 
3. Legally Blonde 
4. Pitch Perfect 
5.  Easy A 

Others I can’t think of categories to put them into 

1. Everything Everywhere All At Once
2. Little Woman (2019) 
3. Into the Spider Verse 
4. How to train your dragon 
5. Rocketman",2023-05-11T00:51:37,0,29,https://www.reddit.com/r/movies/comments/13e8me6/judge_me_based_on_my_favorite_movies_separated_by/,Spider-Man: Across the Spider-Verse,Spider-Man: Across the Spider-Verse
12whjth,movies,What movie have you seen the most times in theaters?,"For those who like to see a movie multiple times, what movie have you seen the most times in theaters? My list is this:


8 times:

Star Wars: The Last Jedi (a movie I don't even like) 

Avengers: Endgame


7 times:

Star Wars: The Force Awakens 


5 times:

The Lego Movie 2


4 times:

Rogue One

The Lego Batman Movie

Baby Driver

Avengers: Infinity War

Spider-Man: Into the Spider-Verse

Star Wars: The Rise of Skywalker 

Godzilla vs Kong

Venom: Let There Be Carnage 


3 Times:

Pooh's Heffalump Movie

The Incredibles

The Lego Movie

Ant-Man

Captain America: Civil War

Valerian and the City of a Thousand Planets 

Incredibles 2

Sonic the Hedgehog

Spider-Man: No Way Home

Sonic the Hedgehog 2

Puss in Boots: The Last Wish


2 Times:

Way too many to count",2023-04-23T16:41:58,0,68,https://www.reddit.com/r/movies/comments/12whjth/what_movie_have_you_seen_the_most_times_in/,Spider-Man: Across the Spider-Verse,Spider-Man: Across the Spider-Verse
